timestamp,log_type,event_id,user,action,source_file,risk
2026-03-27 18:47:41.565569+00:00,Sysmon,16,system,,sysmon1st.evtx,NORMAL
2026-03-27 18:47:41.690102+00:00,Sysmon,4,system,,sysmon1st.evtx,NORMAL
2026-03-27 18:47:41.692379+00:00,Sysmon,1,system,Process Created,sysmon1st.evtx,NORMAL
2026-03-27 18:47:41.692778+00:00,Sysmon,1,system,Process Created,sysmon1st.evtx,NORMAL
2026-03-27 18:47:42.656672+00:00,Sysmon,5,system,,sysmon1st.evtx,NORMAL
2026-03-27 18:48:04.875471+00:00,Sysmon,5,system,,sysmon1st.evtx,NORMAL
2026-03-27 18:48:04.876146+00:00,Sysmon,5,system,,sysmon1st.evtx,NORMAL
2026-03-27 18:48:04.948906+00:00,Sysmon,5,system,,sysmon1st.evtx,NORMAL
2026-03-27 18:48:04.969128+00:00,Sysmon,5,system,,sysmon1st.evtx,NORMAL
2026-03-27 18:48:04.969400+00:00,Sysmon,5,system,,sysmon1st.evtx,NORMAL
2026-03-27 18:48:04.969849+00:00,Sysmon,5,system,,sysmon1st.evtx,NORMAL
2026-03-27 18:48:04.973255+00:00,Sysmon,5,system,,sysmon1st.evtx,NORMAL
2026-03-27 18:48:04.973680+00:00,Sysmon,5,system,,sysmon1st.evtx,NORMAL
2026-03-27 18:48:05.035816+00:00,Sysmon,5,system,,sysmon1st.evtx,NORMAL
2026-03-27 18:48:05.064472+00:00,Sysmon,5,system,,sysmon1st.evtx,NORMAL
2026-03-27 18:48:13.093681+00:00,Sysmon,1,system,Process Created,sysmon1st.evtx,NORMAL
2026-03-27 18:48:13.121437+00:00,Sysmon,1,system,Process Created,sysmon1st.evtx,NORMAL
2026-03-27 18:48:13.156706+00:00,Sysmon,5,system,,sysmon1st.evtx,NORMAL
2026-03-27 18:48:50.336546+00:00,Sysmon,5,system,,sysmon1st.evtx,NORMAL
2026-03-27 18:49:41.725101+00:00,Sysmon,5,system,,sysmon1st.evtx,NORMAL
2026-03-27 18:50:30.521914+00:00,Sysmon,1,system,Process Created,sysmon1st.evtx,NORMAL
2026-03-27 18:50:30.685286+00:00,Sysmon,5,system,,sysmon1st.evtx,NORMAL
2026-03-27 18:51:59.291872+00:00,Sysmon,1,system,Process Created,sysmon1st.evtx,NORMAL
2026-03-27 18:52:13.597679+00:00,Sysmon,5,system,,sysmon1st.evtx,NORMAL
2026-03-27 18:52:27.632399+00:00,Sysmon,1,system,Process Created,sysmon1st.evtx,NORMAL
2026-03-27 18:52:30.119001+00:00,Sysmon,5,system,,sysmon1st.evtx,NORMAL
2026-03-27 18:53:13.095610+00:00,Sysmon,5,system,,sysmon1st.evtx,NORMAL
2026-03-27 18:57:16.441404+00:00,Sysmon,1,system,Process Created,sysmon1st.evtx,NORMAL
2026-03-27 18:57:16.674599+00:00,Sysmon,1,system,Process Created,sysmon1st.evtx,NORMAL
2026-03-27 19:00:01.893688+00:00,Sysmon,1,system,Process Created,sysmon1st.evtx,NORMAL
2026-03-27 19:00:01.913023+00:00,Sysmon,5,system,,sysmon1st.evtx,NORMAL
2026-03-27 19:01:22.032330+00:00,Sysmon,5,system,,sysmon1st.evtx,NORMAL
2026-03-27 19:02:17.439438+00:00,Sysmon,5,system,,sysmon1st.evtx,NORMAL
2026-03-27 19:03:57.238934+00:00,Sysmon,5,system,,sysmon1st.evtx,NORMAL
2026-03-27 19:04:33.526840+00:00,Sysmon,5,system,,sysmon1st.evtx,NORMAL
2026-03-27 19:08:32.043570+00:00,Sysmon,1,system,Process Created,sysmon1st.evtx,NORMAL
2026-03-27 19:08:32.286949+00:00,Sysmon,1,system,Process Created,sysmon1st.evtx,NORMAL
2026-03-27 19:08:32.566284+00:00,Sysmon,1,system,Process Created,sysmon1st.evtx,NORMAL
2026-03-27 19:08:32.903387+00:00,Sysmon,1,system,Process Created,sysmon1st.evtx,NORMAL
2026-03-27 19:08:32.904554+00:00,Sysmon,1,system,Process Created,sysmon1st.evtx,NORMAL
2026-03-27 19:08:33.310822+00:00,Sysmon,1,system,Process Created,sysmon1st.evtx,NORMAL
2026-03-27 19:08:33.640076+00:00,Sysmon,1,system,Process Created,sysmon1st.evtx,NORMAL
2026-03-27 19:08:33.644634+00:00,Sysmon,1,system,Process Created,sysmon1st.evtx,NORMAL
2026-03-27 19:08:33.645660+00:00,Sysmon,1,system,Process Created,sysmon1st.evtx,NORMAL
2026-03-27 19:08:35.560963+00:00,Sysmon,5,system,,sysmon1st.evtx,NORMAL
2026-03-27 19:08:35.699183+00:00,Sysmon,1,system,Process Created,sysmon1st.evtx,NORMAL
2026-03-27 19:08:36.595425+00:00,Sysmon,1,system,Process Created,sysmon1st.evtx,NORMAL
2026-03-27 19:08:42.376949+00:00,Sysmon,1,system,Process Created,sysmon1st.evtx,NORMAL
2026-03-27 19:08:55.772411+00:00,Sysmon,1,system,Process Created,sysmon1st.evtx,NORMAL
2026-03-27 19:08:55.775770+00:00,Sysmon,1,system,Process Created,sysmon1st.evtx,NORMAL
2026-03-27 19:08:56.643213+00:00,Sysmon,1,system,Process Created,sysmon1st.evtx,NORMAL
2026-03-27 19:08:56.694426+00:00,Sysmon,1,system,Process Created,sysmon1st.evtx,NORMAL
2026-03-27 19:08:56.816305+00:00,Sysmon,5,system,,sysmon1st.evtx,NORMAL
2026-03-27 19:08:56.817945+00:00,Sysmon,1,system,Process Created,sysmon1st.evtx,NORMAL
2026-03-27 19:08:57.137989+00:00,Sysmon,1,system,Process Created,sysmon1st.evtx,NORMAL
2026-03-27 19:09:02.850849+00:00,Sysmon,1,system,Process Created,sysmon1st.evtx,NORMAL
2026-03-27 19:09:02.983717+00:00,Sysmon,5,system,,sysmon1st.evtx,NORMAL
2026-03-27 19:09:08.391157+00:00,Sysmon,5,system,,sysmon1st.evtx,NORMAL
2026-03-27 19:09:25.638382+00:00,Sysmon,5,system,,sysmon1st.evtx,NORMAL
2026-03-27 19:09:26.310524+00:00,Sysmon,5,system,,sysmon1st.evtx,NORMAL
2026-03-27 19:09:32.973024+00:00,Sysmon,1,system,Process Created,sysmon1st.evtx,NORMAL
2026-03-27 19:09:34.374414+00:00,Sysmon,1,system,Process Created,sysmon1st.evtx,NORMAL
2026-03-27 19:09:55.304132+00:00,Sysmon,1,system,Process Created,sysmon1st.evtx,NORMAL
2026-03-27 19:09:57.379860+00:00,Sysmon,5,system,,sysmon1st.evtx,NORMAL
2026-03-27 19:10:32.797125+00:00,Sysmon,1,system,Process Created,sysmon1st.evtx,NORMAL
2026-03-27 19:10:33.075096+00:00,Sysmon,5,system,,sysmon1st.evtx,NORMAL
2026-03-27 19:11:22.554585+00:00,Sysmon,1,system,Process Created,sysmon1st.evtx,NORMAL
2026-03-27 19:11:28.423447+00:00,Sysmon,1,system,Process Created,sysmon1st.evtx,NORMAL
2026-03-27 19:11:55.233522+00:00,Sysmon,5,system,,sysmon1st.evtx,NORMAL
2026-03-27 19:11:56.327641+00:00,Sysmon,1,system,Process Created,sysmon1st.evtx,NORMAL
2026-03-27 19:11:56.422161+00:00,Sysmon,5,system,,sysmon1st.evtx,NORMAL
2026-03-27 19:11:56.621283+00:00,Sysmon,5,system,,sysmon1st.evtx,NORMAL
2026-03-27 19:11:58.533258+00:00,Sysmon,5,system,,sysmon1st.evtx,NORMAL
2026-03-27 19:12:10.612831+00:00,Sysmon,1,system,Process Created,sysmon1st.evtx,NORMAL
2026-03-27 19:12:18.232775+00:00,Sysmon,1,system,Process Created,sysmon1st.evtx,NORMAL
2026-03-27 19:12:18.235416+00:00,Sysmon,1,system,Process Created,sysmon1st.evtx,NORMAL
2026-03-27 19:12:19.959080+00:00,Sysmon,5,system,,sysmon1st.evtx,NORMAL
2026-03-27 19:12:19.962841+00:00,Sysmon,5,system,,sysmon1st.evtx,NORMAL
2026-03-27 19:12:21.297131+00:00,Sysmon,5,system,,sysmon1st.evtx,NORMAL
2026-03-27 19:13:33.003765+00:00,Sysmon,5,system,,sysmon1st.evtx,NORMAL
2026-03-27 19:14:00.295263+00:00,Sysmon,1,system,Process Created,sysmon1st.evtx,NORMAL
2026-03-27 19:14:02.413427+00:00,Sysmon,5,system,,sysmon1st.evtx,NORMAL
2026-03-27 19:14:10.571634+00:00,Sysmon,1,system,Process Created,sysmon1st.evtx,NORMAL
2026-03-27 19:14:11.033466+00:00,Sysmon,5,system,,sysmon1st.evtx,NORMAL
2026-03-27 19:14:12.622337+00:00,Sysmon,1,system,Process Created,sysmon1st.evtx,NORMAL
2026-03-27 19:14:13.212181+00:00,Sysmon,1,system,Process Created,sysmon1st.evtx,NORMAL
2026-03-27 19:14:13.732574+00:00,Sysmon,1,system,Process Created,sysmon1st.evtx,NORMAL
2026-03-27 19:14:17.187263+00:00,Sysmon,5,system,,sysmon1st.evtx,NORMAL
2026-03-27 19:14:19.939693+00:00,Sysmon,1,system,Process Created,sysmon1st.evtx,NORMAL
2026-03-27 19:14:20.237566+00:00,Sysmon,1,system,Process Created,sysmon1st.evtx,NORMAL
2026-03-27 19:14:20.243368+00:00,Sysmon,1,system,Process Created,sysmon1st.evtx,NORMAL
2026-03-27 19:14:21.688049+00:00,Sysmon,5,system,,sysmon1st.evtx,NORMAL
2026-03-27 19:14:22.263895+00:00,Sysmon,1,system,Process Created,sysmon1st.evtx,NORMAL
2026-03-27 19:14:23.075981+00:00,Sysmon,5,system,,sysmon1st.evtx,NORMAL
2026-03-27 19:14:23.077032+00:00,Sysmon,5,system,,sysmon1st.evtx,NORMAL
2026-03-27 19:14:24.154034+00:00,Sysmon,5,system,,sysmon1st.evtx,NORMAL
2026-03-27 19:16:22.053207+00:00,Sysmon,1,system,Process Created,sysmon1st.evtx,NORMAL
2026-03-27 19:17:58.422665+00:00,Sysmon,1,system,Process Created,sysmon1st.evtx,NORMAL
2026-03-27 19:17:58.800703+00:00,Sysmon,1,system,Process Created,sysmon1st.evtx,NORMAL
2026-03-27 19:17:59.035847+00:00,Sysmon,5,system,,sysmon1st.evtx,NORMAL
2026-03-27 19:17:59.054245+00:00,Sysmon,5,system,,sysmon1st.evtx,NORMAL
2026-03-27 19:18:35.393332+00:00,Sysmon,1,system,Process Created,sysmon1st.evtx,NORMAL
2026-03-27 19:18:35.687893+00:00,Sysmon,5,system,,sysmon1st.evtx,NORMAL
2026-03-27 19:18:57.513399+00:00,Sysmon,1,system,Process Created,sysmon1st.evtx,NORMAL
2026-03-27 19:19:27.840382+00:00,Sysmon,5,system,,sysmon1st.evtx,NORMAL
2026-03-27 19:19:47.836874+00:00,Sysmon,1,system,Process Created,sysmon1st.evtx,NORMAL
2026-03-27 19:19:48.084270+00:00,Sysmon,16,system,,sysmon1st.evtx,NORMAL
2026-03-27 19:19:48.088070+00:00,Sysmon,5,system,,sysmon1st.evtx,NORMAL
2026-03-27 19:20:01.531532+00:00,Sysmon,1,system,Process Created,sysmon1st.evtx,NORMAL
2026-03-27 19:20:01.736994+00:00,Sysmon,16,system,,sysmon1st.evtx,NORMAL
2026-03-27 19:20:01.745678+00:00,Sysmon,5,system,,sysmon1st.evtx,NORMAL
2026-03-27 19:20:06.451134+00:00,Sysmon,1,system,Process Created,sysmon1st.evtx,NORMAL
2026-03-27 19:20:06.653847+00:00,Sysmon,16,system,,sysmon1st.evtx,NORMAL
2026-03-27 19:20:06.673388+00:00,Sysmon,5,system,,sysmon1st.evtx,NORMAL
2026-03-27 19:20:40.648653+00:00,Sysmon,1,system,Process Created,sysmon1st.evtx,NORMAL
2026-03-27 19:20:40.754221+00:00,Sysmon,1,system,Process Created,sysmon1st.evtx,NORMAL
2026-03-27 19:21:58.251461+00:00,Sysmon,22,system,DNS Query,sysmon1st.evtx,NORMAL
2026-03-27 19:23:49.358944+00:00,Sysmon,1,system,Process Created,sysmon1st.evtx,NORMAL
2026-03-27 19:23:58.646606+00:00,Sysmon,1,system,Process Created,sysmon1st.evtx,NORMAL
2026-03-27 19:24:17.617258+00:00,Sysmon,22,system,DNS Query,sysmon1st.evtx,NORMAL
2026-03-27 19:24:21.445707+00:00,Sysmon,5,system,,sysmon1st.evtx,NORMAL
2026-03-27 19:25:07.477066+00:00,Sysmon,1,system,Process Created,sysmon1st.evtx,NORMAL
2026-03-27 19:25:13.911192+00:00,Sysmon,1,system,Process Created,sysmon1st.evtx,NORMAL
2026-03-27 19:25:15.955130+00:00,Sysmon,22,system,DNS Query,sysmon1st.evtx,NORMAL
2026-03-27 19:28:13.995331+00:00,Sysmon,1,system,Process Created,sysmon1st.evtx,NORMAL
2026-03-27 19:28:15.262383+00:00,Sysmon,11,system,,sysmon1st.evtx,NORMAL
2026-03-27 19:28:20.810785+00:00,Sysmon,1,system,Process Created,sysmon1st.evtx,NORMAL
2026-03-27 19:28:31.515747+00:00,Sysmon,22,system,DNS Query,sysmon1st.evtx,NORMAL
2026-03-27 19:28:31.641087+00:00,Sysmon,3,system,Network Connection,sysmon1st.evtx,NORMAL
2026-03-27 19:28:32.516796+00:00,Sysmon,22,system,DNS Query,sysmon1st.evtx,NORMAL
2026-03-27 19:28:32.516880+00:00,Sysmon,22,system,DNS Query,sysmon1st.evtx,NORMAL
2026-03-27 19:28:33.578379+00:00,Sysmon,22,system,DNS Query,sysmon1st.evtx,NORMAL
2026-03-27 19:28:43.669643+00:00,Sysmon,1,system,Process Created,sysmon1st.evtx,NORMAL
2026-03-27 19:30:58.236189+00:00,Sysmon,1,system,Process Created,sysmon1st.evtx,NORMAL
2026-03-27 19:31:00.278578+00:00,Sysmon,22,system,DNS Query,sysmon1st.evtx,NORMAL
2026-03-27 19:31:48.764853+00:00,Sysmon,1,system,Process Created,sysmon1st.evtx,NORMAL
2026-03-27 19:31:59.701719+00:00,Sysmon,8,system,,sysmon1st.evtx,NORMAL
2026-03-27 19:33:17.488729+00:00,Sysmon,1,system,Process Created,sysmon1st.evtx,NORMAL
2026-03-27 19:33:18.514853+00:00,Sysmon,22,system,DNS Query,sysmon1st.evtx,NORMAL
2026-03-27 19:34:13.677475+00:00,Sysmon,1,system,Process Created,sysmon1st.evtx,NORMAL
2026-03-27 19:34:13.723013+00:00,Sysmon,1,system,Process Created,sysmon1st.evtx,NORMAL
2026-03-27 19:34:15.556171+00:00,Sysmon,1,system,Process Created,sysmon1st.evtx,NORMAL
2026-03-27 19:34:25.097746+00:00,Sysmon,22,system,DNS Query,sysmon1st.evtx,NORMAL
2026-03-27 19:34:50.633610+00:00,Sysmon,1,system,Process Created,sysmon1st.evtx,NORMAL
2026-03-27 19:34:50.794046+00:00,Sysmon,1,system,Process Created,sysmon1st.evtx,NORMAL
2026-03-27 19:34:51.573753+00:00,Sysmon,11,system,,sysmon1st.evtx,NORMAL
2026-03-27 19:35:05.260666+00:00,Sysmon,1,system,Process Created,sysmon1st.evtx,NORMAL
2026-03-27 19:35:05.466459+00:00,Sysmon,11,system,,sysmon1st.evtx,NORMAL
2026-03-27 19:35:07.066244+00:00,Sysmon,22,system,DNS Query,sysmon1st.evtx,NORMAL
2026-03-27 19:35:08.292393+00:00,Sysmon,3,system,Network Connection,sysmon1st.evtx,NORMAL
2026-03-27 19:35:08.292496+00:00,Sysmon,3,system,Network Connection,sysmon1st.evtx,NORMAL
2026-03-27 19:35:09.105732+00:00,Sysmon,22,system,DNS Query,sysmon1st.evtx,NORMAL
2026-03-27 19:35:14.978846+00:00,Sysmon,3,system,Network Connection,sysmon1st.evtx,NORMAL
2026-03-27 19:35:15.759407+00:00,Sysmon,3,system,Network Connection,sysmon1st.evtx,NORMAL
2026-03-27 19:35:59.350836+00:00,Sysmon,8,system,,sysmon1st.evtx,NORMAL
2026-03-27 19:36:22.331892+00:00,Sysmon,1,system,Process Created,sysmon1st.evtx,NORMAL
2026-03-27 19:36:23.382246+00:00,Sysmon,22,system,DNS Query,sysmon1st.evtx,NORMAL
2026-03-27 19:36:58.314430+00:00,Sysmon,22,system,DNS Query,sysmon1st.evtx,NORMAL
2026-03-27 19:39:35.522648+00:00,Sysmon,1,system,Process Created,sysmon1st.evtx,NORMAL
2026-03-27 19:41:36.880766+00:00,Sysmon,1,system,Process Created,sysmon1st.evtx,NORMAL
2026-03-27 19:41:36.904333+00:00,Sysmon,1,system,Process Created,sysmon1st.evtx,NORMAL
2026-03-27 19:41:36.921627+00:00,Sysmon,13,system,,sysmon1st.evtx,NORMAL
2026-03-27 19:41:36.922602+00:00,Sysmon,13,system,,sysmon1st.evtx,NORMAL
2026-03-27 19:41:37.582241+00:00,Sysmon,22,system,DNS Query,sysmon1st.evtx,NORMAL
2026-03-27 19:41:42.173069+00:00,Sysmon,13,system,,sysmon1st.evtx,NORMAL
2026-03-27 19:41:43.087271+00:00,Sysmon,22,system,DNS Query,sysmon1st.evtx,NORMAL
2026-03-27 19:41:43.087307+00:00,Sysmon,22,system,DNS Query,sysmon1st.evtx,NORMAL
2026-03-27 19:41:43.087330+00:00,Sysmon,22,system,DNS Query,sysmon1st.evtx,NORMAL
2026-03-27 19:41:43.246878+00:00,Sysmon,1,system,Process Created,sysmon1st.evtx,NORMAL
2026-03-27 19:41:43.654692+00:00,Sysmon,1,system,Process Created,sysmon1st.evtx,NORMAL
2026-03-27 19:41:56.797056+00:00,Sysmon,22,system,DNS Query,sysmon1st.evtx,NORMAL
2026-03-27 19:42:13.749670+00:00,Sysmon,22,system,DNS Query,sysmon1st.evtx,NORMAL
2026-03-27 19:43:47.267944+00:00,Sysmon,1,system,Process Created,sysmon1st.evtx,NORMAL
2026-03-27 20:26:05.920227+00:00,Sysmon,1,system,Process Created,sysmon1st.evtx,NORMAL
2026-03-27 20:26:58.411564+00:00,Sysmon,1,system,Process Created,sysmon1st.evtx,NORMAL
2026-03-27 20:26:58.435505+00:00,Sysmon,1,system,Process Created,sysmon1st.evtx,NORMAL
2026-03-27 20:26:59.430401+00:00,Sysmon,1,system,Process Created,sysmon1st.evtx,NORMAL
2026-03-27 20:27:14.605162+00:00,Sysmon,1,system,Process Created,sysmon1st.evtx,NORMAL
2026-03-27 20:27:15.476095+00:00,Sysmon,13,system,,sysmon1st.evtx,NORMAL
2026-03-27 20:27:15.612362+00:00,Sysmon,1,system,Process Created,sysmon1st.evtx,NORMAL
2026-03-27 20:27:15.981262+00:00,Sysmon,1,system,Process Created,sysmon1st.evtx,NORMAL
2026-03-27 20:28:20.764755+00:00,Sysmon,1,system,Process Created,sysmon1st.evtx,NORMAL
2026-03-27 20:39:35.646807+00:00,Sysmon,1,system,Process Created,sysmon1st.evtx,NORMAL
2026-03-27 20:42:48.126911+00:00,Sysmon,1,system,Process Created,sysmon1st.evtx,NORMAL
2026-03-27 20:48:40.566319+00:00,Sysmon,1,system,Process Created,sysmon1st.evtx,NORMAL
2026-03-27 20:48:40.934214+00:00,Sysmon,13,system,,sysmon1st.evtx,NORMAL
2026-03-27 20:48:40.936512+00:00,Sysmon,1,system,Process Created,sysmon1st.evtx,NORMAL
2026-03-27 20:48:50.953856+00:00,Sysmon,13,system,,sysmon1st.evtx,NORMAL
2026-03-27 20:50:38.179024+00:00,Sysmon,1,system,Process Created,sysmon1st.evtx,NORMAL
2026-03-27 20:52:57.097685+00:00,Sysmon,1,system,Process Created,sysmon1st.evtx,NORMAL
2026-03-27 20:52:57.143181+00:00,Sysmon,1,system,Process Created,sysmon1st.evtx,NORMAL
2026-03-27 20:52:57.162834+00:00,Sysmon,1,system,Process Created,sysmon1st.evtx,NORMAL
2026-02-10 20:54:15.139887+00:00,Security,4688,system,,seclogs1st.evtx,NORMAL
2026-02-10 20:54:15.139917+00:00,Security,4696,system,,seclogs1st.evtx,NORMAL
2026-02-10 20:54:15.139923+00:00,Security,4826,system,,seclogs1st.evtx,NORMAL
2026-02-10 20:54:15.142412+00:00,Security,4688,system,,seclogs1st.evtx,NORMAL
2026-02-10 20:54:16.429155+00:00,Security,4688,system,,seclogs1st.evtx,NORMAL
2026-02-10 20:54:16.970135+00:00,Security,4688,system,,seclogs1st.evtx,NORMAL
2026-02-10 20:54:17.029057+00:00,Security,4688,system,,seclogs1st.evtx,NORMAL
2026-02-10 20:54:17.089262+00:00,Security,4688,system,,seclogs1st.evtx,NORMAL
2026-02-10 20:54:17.137331+00:00,Security,4688,system,,seclogs1st.evtx,NORMAL
2026-02-10 20:54:17.143072+00:00,Security,4688,system,,seclogs1st.evtx,NORMAL
2026-02-10 20:54:17.145931+00:00,Security,4688,system,,seclogs1st.evtx,NORMAL
2026-02-10 20:54:17.174591+00:00,Security,4688,system,,seclogs1st.evtx,NORMAL
2026-02-10 20:54:17.237522+00:00,Security,4688,system,,seclogs1st.evtx,NORMAL
2026-02-10 20:54:17.272369+00:00,Security,4688,system,,seclogs1st.evtx,NORMAL
2026-02-10 20:54:17.431154+00:00,Security,4608,system,,seclogs1st.evtx,NORMAL
2026-02-10 20:54:17.435301+00:00,Security,4624,system,Successful Login,seclogs1st.evtx,NORMAL
2026-02-10 20:54:17.587261+00:00,Security,4902,system,,seclogs1st.evtx,NORMAL
2026-02-10 20:54:17.636017+00:00,Security,4731,system,,seclogs1st.evtx,NORMAL
2026-02-10 20:54:17.636070+00:00,Security,4735,system,,seclogs1st.evtx,NORMAL
2026-02-10 20:54:17.636292+00:00,Security,4731,system,,seclogs1st.evtx,NORMAL
2026-02-10 20:54:17.636332+00:00,Security,4735,system,,seclogs1st.evtx,NORMAL
2026-02-10 20:54:17.636480+00:00,Security,4731,system,,seclogs1st.evtx,NORMAL
2026-02-10 20:54:17.636557+00:00,Security,4735,system,,seclogs1st.evtx,NORMAL
2026-02-10 20:54:17.636717+00:00,Security,4731,system,,seclogs1st.evtx,NORMAL
2026-02-10 20:54:17.636757+00:00,Security,4735,system,,seclogs1st.evtx,NORMAL
2026-02-10 20:54:17.636890+00:00,Security,4731,system,,seclogs1st.evtx,NORMAL
2026-02-10 20:54:17.636921+00:00,Security,4735,system,,seclogs1st.evtx,NORMAL
2026-02-10 20:54:17.637444+00:00,Security,4731,system,,seclogs1st.evtx,NORMAL
2026-02-10 20:54:17.637478+00:00,Security,4735,system,,seclogs1st.evtx,NORMAL
2026-02-10 20:54:17.637611+00:00,Security,4731,system,,seclogs1st.evtx,NORMAL
2026-02-10 20:54:17.637651+00:00,Security,4735,system,,seclogs1st.evtx,NORMAL
2026-02-10 20:54:17.637836+00:00,Security,4731,system,,seclogs1st.evtx,NORMAL
2026-02-10 20:54:17.637875+00:00,Security,4735,system,,seclogs1st.evtx,NORMAL
2026-02-10 20:54:17.637918+00:00,Security,4732,system,,seclogs1st.evtx,NORMAL
2026-02-10 20:54:17.638153+00:00,Security,4731,system,,seclogs1st.evtx,NORMAL
2026-02-10 20:54:17.638176+00:00,Security,4735,system,,seclogs1st.evtx,NORMAL
2026-02-10 20:54:17.638340+00:00,Security,4731,system,,seclogs1st.evtx,NORMAL
2026-02-10 20:54:17.638449+00:00,Security,4735,system,,seclogs1st.evtx,NORMAL
2026-02-10 20:54:17.639109+00:00,Security,4731,system,,seclogs1st.evtx,NORMAL
2026-02-10 20:54:17.639154+00:00,Security,4735,system,,seclogs1st.evtx,NORMAL
2026-02-10 20:54:17.639318+00:00,Security,4731,system,,seclogs1st.evtx,NORMAL
2026-02-10 20:54:17.639355+00:00,Security,4735,system,,seclogs1st.evtx,NORMAL
2026-02-10 20:54:17.639488+00:00,Security,4731,system,,seclogs1st.evtx,NORMAL
2026-02-10 20:54:17.639532+00:00,Security,4735,system,,seclogs1st.evtx,NORMAL
2026-02-10 20:54:17.639753+00:00,Security,4731,system,,seclogs1st.evtx,NORMAL
2026-02-10 20:54:17.639797+00:00,Security,4735,system,,seclogs1st.evtx,NORMAL
2026-02-10 20:54:17.639992+00:00,Security,4731,system,,seclogs1st.evtx,NORMAL
2026-02-10 20:54:17.640026+00:00,Security,4735,system,,seclogs1st.evtx,NORMAL
2026-02-10 20:54:17.640167+00:00,Security,4731,system,,seclogs1st.evtx,NORMAL
2026-02-10 20:54:17.640209+00:00,Security,4735,system,,seclogs1st.evtx,NORMAL
2026-02-10 20:54:17.640526+00:00,Security,4727,system,,seclogs1st.evtx,NORMAL
2026-02-10 20:54:17.640650+00:00,Security,4735,system,,seclogs1st.evtx,NORMAL
2026-02-10 20:54:17.641350+00:00,Security,4728,system,,seclogs1st.evtx,NORMAL
2026-02-10 20:54:17.641562+00:00,Security,4720,system,,seclogs1st.evtx,NORMAL
2026-02-10 20:54:17.642149+00:00,Security,4738,system,,seclogs1st.evtx,NORMAL
2026-02-10 20:54:17.723976+00:00,Security,4738,system,,seclogs1st.evtx,NORMAL
2026-02-10 20:54:17.724133+00:00,Security,4738,system,,seclogs1st.evtx,NORMAL
2026-02-10 20:54:17.730438+00:00,Security,4624,system,Successful Login,seclogs1st.evtx,NORMAL
2026-02-10 20:54:17.730450+00:00,Security,4672,system,,seclogs1st.evtx,NORMAL
2026-02-10 20:54:17.734074+00:00,Security,4648,system,,seclogs1st.evtx,NORMAL
2026-02-10 20:54:17.734100+00:00,Security,4624,system,Successful Login,seclogs1st.evtx,NORMAL
2026-02-10 20:54:17.735109+00:00,Security,4648,system,,seclogs1st.evtx,NORMAL
2026-02-10 20:54:17.735147+00:00,Security,4624,system,Successful Login,seclogs1st.evtx,NORMAL
2026-02-10 20:54:17.746950+00:00,Security,4634,system,,seclogs1st.evtx,NORMAL
2026-02-10 20:54:17.879917+00:00,Security,4624,system,Successful Login,seclogs1st.evtx,NORMAL
2026-02-10 20:54:17.879927+00:00,Security,4672,system,,seclogs1st.evtx,NORMAL
2026-02-10 20:54:18.136066+00:00,Security,4624,system,Successful Login,seclogs1st.evtx,NORMAL
2026-02-10 20:54:18.136074+00:00,Security,4672,system,,seclogs1st.evtx,NORMAL
2026-02-10 20:54:18.464630+00:00,Security,4648,system,,seclogs1st.evtx,NORMAL
2026-02-10 20:54:18.464653+00:00,Security,4624,system,Successful Login,seclogs1st.evtx,NORMAL
2026-02-10 20:54:18.464668+00:00,Security,4624,system,Successful Login,seclogs1st.evtx,NORMAL
2026-02-10 20:54:18.464672+00:00,Security,4672,system,,seclogs1st.evtx,NORMAL
2026-02-10 20:54:18.464676+00:00,Security,4672,system,,seclogs1st.evtx,NORMAL
2026-02-10 20:54:18.514875+00:00,Security,4624,system,Successful Login,seclogs1st.evtx,NORMAL
2026-02-10 20:54:18.514883+00:00,Security,4672,system,,seclogs1st.evtx,NORMAL
2026-02-10 20:54:18.562288+00:00,Security,4624,system,Successful Login,seclogs1st.evtx,NORMAL
2026-02-10 20:54:18.562296+00:00,Security,4672,system,,seclogs1st.evtx,NORMAL
2026-02-10 20:54:18.761837+00:00,Security,4624,system,Successful Login,seclogs1st.evtx,NORMAL
2026-02-10 20:54:18.761845+00:00,Security,4672,system,,seclogs1st.evtx,NORMAL
2026-02-10 20:54:24.312618+00:00,Security,4718,system,,seclogs1st.evtx,NORMAL
2026-02-10 20:54:24.314997+00:00,Security,4718,system,,seclogs1st.evtx,NORMAL
2026-02-10 20:54:24.314999+00:00,Security,4718,system,,seclogs1st.evtx,NORMAL
2026-02-10 20:54:24.317394+00:00,Security,4718,system,,seclogs1st.evtx,NORMAL
2026-02-10 20:54:24.317398+00:00,Security,4718,system,,seclogs1st.evtx,NORMAL
2026-02-10 20:54:24.320694+00:00,Security,4717,system,,seclogs1st.evtx,NORMAL
2026-02-10 20:54:24.322813+00:00,Security,4717,system,,seclogs1st.evtx,NORMAL
2026-02-10 20:54:24.322815+00:00,Security,4717,system,,seclogs1st.evtx,NORMAL
2026-02-10 20:54:24.324783+00:00,Security,4717,system,,seclogs1st.evtx,NORMAL
2026-02-10 20:54:24.326263+00:00,Security,4718,system,,seclogs1st.evtx,NORMAL
2026-02-10 20:54:24.327427+00:00,Security,4717,system,,seclogs1st.evtx,NORMAL
2026-02-10 20:54:24.328638+00:00,Security,4717,system,,seclogs1st.evtx,NORMAL
2026-02-10 20:54:24.332764+00:00,Security,4799,system,,seclogs1st.evtx,NORMAL
2026-02-10 20:54:24.332935+00:00,Security,4732,system,,seclogs1st.evtx,NORMAL
2026-02-10 20:54:24.333195+00:00,Security,4732,system,,seclogs1st.evtx,NORMAL
2026-02-10 20:54:24.479296+00:00,Security,4739,system,,seclogs1st.evtx,NORMAL
2026-02-10 20:54:25.175247+00:00,Security,4624,system,Successful Login,seclogs1st.evtx,NORMAL
2026-02-10 20:54:25.175287+00:00,Security,4672,system,,seclogs1st.evtx,NORMAL
2026-02-10 20:54:25.218565+00:00,Security,4624,system,Successful Login,seclogs1st.evtx,NORMAL
2026-02-10 20:54:25.218575+00:00,Security,4672,system,,seclogs1st.evtx,NORMAL
2026-02-10 20:54:25.272503+00:00,Security,4624,system,Successful Login,seclogs1st.evtx,NORMAL
2026-02-10 20:54:25.272511+00:00,Security,4672,system,,seclogs1st.evtx,NORMAL
2026-02-10 20:54:25.348127+00:00,Security,4624,system,Successful Login,seclogs1st.evtx,NORMAL
2026-02-10 20:54:25.348133+00:00,Security,4672,system,,seclogs1st.evtx,NORMAL
2026-02-10 20:54:25.388910+00:00,Security,4624,system,Successful Login,seclogs1st.evtx,NORMAL
2026-02-10 20:54:25.388918+00:00,Security,4672,system,,seclogs1st.evtx,NORMAL
2026-02-10 20:54:25.404724+00:00,Security,4624,system,Successful Login,seclogs1st.evtx,NORMAL
2026-02-10 20:54:25.404730+00:00,Security,4672,system,,seclogs1st.evtx,NORMAL
2026-02-10 20:54:25.472464+00:00,Security,4624,system,Successful Login,seclogs1st.evtx,NORMAL
2026-02-10 20:54:25.472469+00:00,Security,4672,system,,seclogs1st.evtx,NORMAL
2026-02-10 20:54:25.497168+00:00,Security,5379,system,,seclogs1st.evtx,NORMAL
2026-02-10 20:54:25.513905+00:00,Security,5379,system,,seclogs1st.evtx,NORMAL
2026-02-10 20:54:25.540798+00:00,Security,5033,system,,seclogs1st.evtx,NORMAL
2026-02-10 20:54:25.779940+00:00,Security,4624,system,Successful Login,seclogs1st.evtx,NORMAL
2026-02-10 20:54:25.779947+00:00,Security,4672,system,,seclogs1st.evtx,NORMAL
2026-02-10 20:54:25.846680+00:00,Security,4624,system,Successful Login,seclogs1st.evtx,NORMAL
2026-02-10 20:54:25.846685+00:00,Security,4672,system,,seclogs1st.evtx,NORMAL
2026-02-10 20:54:25.857168+00:00,Security,4624,system,Successful Login,seclogs1st.evtx,NORMAL
2026-02-10 20:54:25.857174+00:00,Security,4672,system,,seclogs1st.evtx,NORMAL
2026-02-10 20:54:25.915760+00:00,Security,4624,system,Successful Login,seclogs1st.evtx,NORMAL
2026-02-10 20:54:25.915768+00:00,Security,4672,system,,seclogs1st.evtx,NORMAL
2026-02-10 20:54:25.928600+00:00,Security,4624,system,Successful Login,seclogs1st.evtx,NORMAL
2026-02-10 20:54:25.928614+00:00,Security,4672,system,,seclogs1st.evtx,NORMAL
2026-02-10 20:54:25.976465+00:00,Security,4624,system,Successful Login,seclogs1st.evtx,NORMAL
2026-02-10 20:54:25.976473+00:00,Security,4672,system,,seclogs1st.evtx,NORMAL
2026-02-10 20:54:25.983894+00:00,Security,4624,system,Successful Login,seclogs1st.evtx,NORMAL
2026-02-10 20:54:25.983902+00:00,Security,4672,system,,seclogs1st.evtx,NORMAL
2026-02-10 20:54:25.984612+00:00,Security,4624,system,Successful Login,seclogs1st.evtx,NORMAL
2026-02-10 20:54:25.984617+00:00,Security,4672,system,,seclogs1st.evtx,NORMAL
2026-02-10 20:54:26.041773+00:00,Security,4624,system,Successful Login,seclogs1st.evtx,NORMAL
2026-02-10 20:54:26.041803+00:00,Security,4672,system,,seclogs1st.evtx,NORMAL
2026-02-10 20:54:26.936098+00:00,Security,5024,system,,seclogs1st.evtx,NORMAL
2026-02-10 20:54:27.329494+00:00,Security,4624,system,Successful Login,seclogs1st.evtx,NORMAL
2026-02-10 20:54:27.329502+00:00,Security,4672,system,,seclogs1st.evtx,NORMAL
2026-02-10 20:54:36.175766+00:00,Security,4624,system,Successful Login,seclogs1st.evtx,NORMAL
2026-02-10 20:54:36.175774+00:00,Security,4672,system,,seclogs1st.evtx,NORMAL
2026-02-10 20:54:37.417301+00:00,Security,4624,system,Successful Login,seclogs1st.evtx,NORMAL
2026-02-10 20:54:37.417311+00:00,Security,4672,system,,seclogs1st.evtx,NORMAL
2026-02-10 20:54:39.880568+00:00,Security,4907,system,,seclogs1st.evtx,NORMAL
2026-02-10 20:54:42.078829+00:00,Security,1100,system,,seclogs1st.evtx,NORMAL
2026-02-10 20:55:01.570450+00:00,Security,4688,system,,seclogs1st.evtx,NORMAL
2026-02-10 20:55:01.570477+00:00,Security,4696,system,,seclogs1st.evtx,NORMAL
2026-02-10 20:55:01.570480+00:00,Security,4826,system,,seclogs1st.evtx,NORMAL
2026-02-10 20:55:01.573683+00:00,Security,4688,system,,seclogs1st.evtx,NORMAL
2026-02-10 20:55:02.121464+00:00,Security,4688,system,,seclogs1st.evtx,NORMAL
2026-02-10 20:55:02.504639+00:00,Security,4688,system,,seclogs1st.evtx,NORMAL
2026-02-10 20:55:02.549667+00:00,Security,4688,system,,seclogs1st.evtx,NORMAL
2026-02-10 20:55:02.621090+00:00,Security,4688,system,,seclogs1st.evtx,NORMAL
2026-02-10 20:55:02.623993+00:00,Security,4688,system,,seclogs1st.evtx,NORMAL
2026-02-10 20:55:02.632816+00:00,Security,4688,system,,seclogs1st.evtx,NORMAL
2026-02-10 20:55:02.652918+00:00,Security,4688,system,,seclogs1st.evtx,NORMAL
2026-02-10 20:55:02.716007+00:00,Security,4688,system,,seclogs1st.evtx,NORMAL
2026-02-10 20:55:02.748255+00:00,Security,4688,system,,seclogs1st.evtx,NORMAL
2026-02-10 20:55:02.800623+00:00,Security,4608,system,,seclogs1st.evtx,NORMAL
2026-02-10 20:55:02.805025+00:00,Security,4624,system,Successful Login,seclogs1st.evtx,NORMAL
2026-02-10 20:55:02.880497+00:00,Security,4902,system,,seclogs1st.evtx,NORMAL
2026-02-10 20:55:02.900217+00:00,Security,4624,system,Successful Login,seclogs1st.evtx,NORMAL
2026-02-10 20:55:02.900225+00:00,Security,4672,system,,seclogs1st.evtx,NORMAL
2026-02-10 20:55:02.905979+00:00,Security,4648,system,,seclogs1st.evtx,NORMAL
2026-02-10 20:55:02.905994+00:00,Security,4624,system,Successful Login,seclogs1st.evtx,NORMAL
2026-02-10 20:55:02.906734+00:00,Security,4648,system,,seclogs1st.evtx,NORMAL
2026-02-10 20:55:02.906752+00:00,Security,4624,system,Successful Login,seclogs1st.evtx,NORMAL
2026-02-10 20:55:02.973505+00:00,Security,4624,system,Successful Login,seclogs1st.evtx,NORMAL
2026-02-10 20:55:02.973511+00:00,Security,4672,system,,seclogs1st.evtx,NORMAL
2026-02-10 20:55:03.025433+00:00,Security,4624,system,Successful Login,seclogs1st.evtx,NORMAL
2026-02-10 20:55:03.025440+00:00,Security,4672,system,,seclogs1st.evtx,NORMAL
2026-02-10 20:55:03.101791+00:00,Security,4648,system,,seclogs1st.evtx,NORMAL
2026-02-10 20:55:03.101809+00:00,Security,4624,system,Successful Login,seclogs1st.evtx,NORMAL
2026-02-10 20:55:03.101826+00:00,Security,4624,system,Successful Login,seclogs1st.evtx,NORMAL
2026-02-10 20:55:03.101866+00:00,Security,4672,system,,seclogs1st.evtx,NORMAL
2026-02-10 20:55:03.101871+00:00,Security,4672,system,,seclogs1st.evtx,NORMAL
2026-02-10 20:55:03.165493+00:00,Security,4624,system,Successful Login,seclogs1st.evtx,NORMAL
2026-02-10 20:55:03.165503+00:00,Security,4672,system,,seclogs1st.evtx,NORMAL
2026-02-10 20:55:03.174557+00:00,Security,4624,system,Successful Login,seclogs1st.evtx,NORMAL
2026-02-10 20:55:03.174562+00:00,Security,4672,system,,seclogs1st.evtx,NORMAL
2026-02-10 20:55:03.177858+00:00,Security,4624,system,Successful Login,seclogs1st.evtx,NORMAL
2026-02-10 20:55:03.177864+00:00,Security,4672,system,,seclogs1st.evtx,NORMAL
2026-02-10 20:55:07.888754+00:00,Security,4735,system,,seclogs1st.evtx,NORMAL
2026-02-10 20:55:07.889153+00:00,Security,4781,system,,seclogs1st.evtx,NORMAL
2026-02-10 20:55:07.889166+00:00,Security,4735,system,,seclogs1st.evtx,NORMAL
2026-02-10 20:55:07.889296+00:00,Security,4735,system,,seclogs1st.evtx,NORMAL
2026-02-10 20:55:07.889374+00:00,Security,4781,system,,seclogs1st.evtx,NORMAL
2026-02-10 20:55:07.889383+00:00,Security,4735,system,,seclogs1st.evtx,NORMAL
2026-02-10 20:55:07.889500+00:00,Security,4735,system,,seclogs1st.evtx,NORMAL
2026-02-10 20:55:07.889587+00:00,Security,4781,system,,seclogs1st.evtx,NORMAL
2026-02-10 20:55:07.889597+00:00,Security,4735,system,,seclogs1st.evtx,NORMAL
2026-02-10 20:55:07.889700+00:00,Security,4735,system,,seclogs1st.evtx,NORMAL
2026-02-10 20:55:07.889778+00:00,Security,4781,system,,seclogs1st.evtx,NORMAL
2026-02-10 20:55:07.889799+00:00,Security,4735,system,,seclogs1st.evtx,NORMAL
2026-02-10 20:55:07.889935+00:00,Security,4735,system,,seclogs1st.evtx,NORMAL
2026-02-10 20:55:07.890024+00:00,Security,4781,system,,seclogs1st.evtx,NORMAL
2026-02-10 20:55:07.890032+00:00,Security,4735,system,,seclogs1st.evtx,NORMAL
2026-02-10 20:55:07.890123+00:00,Security,4735,system,,seclogs1st.evtx,NORMAL
2026-02-10 20:55:07.890192+00:00,Security,4781,system,,seclogs1st.evtx,NORMAL
2026-02-10 20:55:07.890203+00:00,Security,4735,system,,seclogs1st.evtx,NORMAL
2026-02-10 20:55:07.890293+00:00,Security,4735,system,,seclogs1st.evtx,NORMAL
2026-02-10 20:55:07.890366+00:00,Security,4781,system,,seclogs1st.evtx,NORMAL
2026-02-10 20:55:07.890375+00:00,Security,4735,system,,seclogs1st.evtx,NORMAL
2026-02-10 20:55:07.890471+00:00,Security,4735,system,,seclogs1st.evtx,NORMAL
2026-02-10 20:55:07.890549+00:00,Security,4781,system,,seclogs1st.evtx,NORMAL
2026-02-10 20:55:07.890558+00:00,Security,4735,system,,seclogs1st.evtx,NORMAL
2026-02-10 20:55:07.890648+00:00,Security,4735,system,,seclogs1st.evtx,NORMAL
2026-02-10 20:55:07.890743+00:00,Security,4781,system,,seclogs1st.evtx,NORMAL
2026-02-10 20:55:07.890753+00:00,Security,4735,system,,seclogs1st.evtx,NORMAL
2026-02-10 20:55:07.890858+00:00,Security,4735,system,,seclogs1st.evtx,NORMAL
2026-02-10 20:55:07.890938+00:00,Security,4781,system,,seclogs1st.evtx,NORMAL
2026-02-10 20:55:07.890947+00:00,Security,4735,system,,seclogs1st.evtx,NORMAL
2026-02-10 20:55:07.891045+00:00,Security,4735,system,,seclogs1st.evtx,NORMAL
2026-02-10 20:55:07.891115+00:00,Security,4781,system,,seclogs1st.evtx,NORMAL
2026-02-10 20:55:07.891123+00:00,Security,4735,system,,seclogs1st.evtx,NORMAL
2026-02-10 20:55:07.891207+00:00,Security,4735,system,,seclogs1st.evtx,NORMAL
2026-02-10 20:55:07.891272+00:00,Security,4781,system,,seclogs1st.evtx,NORMAL
2026-02-10 20:55:07.891281+00:00,Security,4735,system,,seclogs1st.evtx,NORMAL
2026-02-10 20:55:07.891369+00:00,Security,4735,system,,seclogs1st.evtx,NORMAL
2026-02-10 20:55:07.891443+00:00,Security,4781,system,,seclogs1st.evtx,NORMAL
2026-02-10 20:55:07.891453+00:00,Security,4735,system,,seclogs1st.evtx,NORMAL
2026-02-10 20:55:07.891542+00:00,Security,4735,system,,seclogs1st.evtx,NORMAL
2026-02-10 20:55:07.891615+00:00,Security,4781,system,,seclogs1st.evtx,NORMAL
2026-02-10 20:55:07.891632+00:00,Security,4735,system,,seclogs1st.evtx,NORMAL
2026-02-10 20:55:07.891729+00:00,Security,4735,system,,seclogs1st.evtx,NORMAL
2026-02-10 20:55:07.891804+00:00,Security,4781,system,,seclogs1st.evtx,NORMAL
2026-02-10 20:55:07.891811+00:00,Security,4735,system,,seclogs1st.evtx,NORMAL
2026-02-10 20:55:07.891920+00:00,Security,4735,system,,seclogs1st.evtx,NORMAL
2026-02-10 20:55:07.892004+00:00,Security,4781,system,,seclogs1st.evtx,NORMAL
2026-02-10 20:55:07.892017+00:00,Security,4735,system,,seclogs1st.evtx,NORMAL
2026-02-10 20:55:07.892113+00:00,Security,4735,system,,seclogs1st.evtx,NORMAL
2026-02-10 20:55:07.892187+00:00,Security,4781,system,,seclogs1st.evtx,NORMAL
2026-02-10 20:55:07.892195+00:00,Security,4735,system,,seclogs1st.evtx,NORMAL
2026-02-10 20:55:07.892378+00:00,Security,4735,system,,seclogs1st.evtx,NORMAL
2026-02-10 20:55:07.892519+00:00,Security,4781,system,,seclogs1st.evtx,NORMAL
2026-02-10 20:55:07.892530+00:00,Security,4735,system,,seclogs1st.evtx,NORMAL
2026-02-10 20:55:07.892710+00:00,Security,4735,system,,seclogs1st.evtx,NORMAL
2026-02-10 20:55:07.892824+00:00,Security,4781,system,,seclogs1st.evtx,NORMAL
2026-02-10 20:55:07.892834+00:00,Security,4735,system,,seclogs1st.evtx,NORMAL
2026-02-10 20:55:07.893677+00:00,Security,4735,system,,seclogs1st.evtx,NORMAL
2026-02-10 20:55:07.893887+00:00,Security,4781,system,,seclogs1st.evtx,NORMAL
2026-02-10 20:55:07.893904+00:00,Security,4735,system,,seclogs1st.evtx,NORMAL
2026-02-10 20:55:07.894131+00:00,Security,4735,system,,seclogs1st.evtx,NORMAL
2026-02-10 20:55:07.894293+00:00,Security,4781,system,,seclogs1st.evtx,NORMAL
2026-02-10 20:55:07.894306+00:00,Security,4735,system,,seclogs1st.evtx,NORMAL
2026-02-10 20:55:07.894512+00:00,Security,4735,system,,seclogs1st.evtx,NORMAL
2026-02-10 20:55:07.894638+00:00,Security,4781,system,,seclogs1st.evtx,NORMAL
2026-02-10 20:55:07.894667+00:00,Security,4735,system,,seclogs1st.evtx,NORMAL
2026-02-10 20:55:07.894855+00:00,Security,4735,system,,seclogs1st.evtx,NORMAL
2026-02-10 20:55:07.894972+00:00,Security,4781,system,,seclogs1st.evtx,NORMAL
2026-02-10 20:55:07.894985+00:00,Security,4735,system,,seclogs1st.evtx,NORMAL
2026-02-10 20:55:07.895212+00:00,Security,4735,system,,seclogs1st.evtx,NORMAL
2026-02-10 20:55:07.895334+00:00,Security,4781,system,,seclogs1st.evtx,NORMAL
2026-02-10 20:55:07.895372+00:00,Security,4735,system,,seclogs1st.evtx,NORMAL
2026-02-10 20:55:07.895565+00:00,Security,4735,system,,seclogs1st.evtx,NORMAL
2026-02-10 20:55:07.895920+00:00,Security,4781,system,,seclogs1st.evtx,NORMAL
2026-02-10 20:55:07.895933+00:00,Security,4735,system,,seclogs1st.evtx,NORMAL
2026-02-10 20:55:07.896397+00:00,Security,4738,system,,seclogs1st.evtx,NORMAL
2026-02-10 20:55:07.896795+00:00,Security,4738,system,,seclogs1st.evtx,NORMAL
2026-02-10 20:55:07.897543+00:00,Security,4738,system,,seclogs1st.evtx,NORMAL
2026-02-10 20:55:07.897858+00:00,Security,4738,system,,seclogs1st.evtx,NORMAL
2026-02-10 20:55:07.898785+00:00,Security,4738,system,,seclogs1st.evtx,NORMAL
2026-02-10 20:55:07.899874+00:00,Security,4738,system,,seclogs1st.evtx,NORMAL
2026-02-10 20:55:07.900726+00:00,Security,4738,system,,seclogs1st.evtx,NORMAL
2026-02-10 20:55:07.901125+00:00,Security,4738,system,,seclogs1st.evtx,NORMAL
2026-02-10 20:55:07.902719+00:00,Security,4737,system,,seclogs1st.evtx,NORMAL
2026-02-10 20:55:07.902981+00:00,Security,4781,system,,seclogs1st.evtx,NORMAL
2026-02-10 20:55:07.902994+00:00,Security,4737,system,,seclogs1st.evtx,NORMAL
2026-02-10 20:55:08.246555+00:00,Security,4624,system,Successful Login,seclogs1st.evtx,NORMAL
2026-02-10 20:55:08.246561+00:00,Security,4672,system,,seclogs1st.evtx,NORMAL
2026-02-10 20:55:08.310913+00:00,Security,4624,system,Successful Login,seclogs1st.evtx,NORMAL
2026-02-10 20:55:08.310921+00:00,Security,4672,system,,seclogs1st.evtx,NORMAL
2026-02-10 20:55:08.434097+00:00,Security,4624,system,Successful Login,seclogs1st.evtx,NORMAL
2026-02-10 20:55:08.434120+00:00,Security,4672,system,,seclogs1st.evtx,NORMAL
2026-02-10 20:55:08.494743+00:00,Security,4624,system,Successful Login,seclogs1st.evtx,NORMAL
2026-02-10 20:55:08.494751+00:00,Security,4672,system,,seclogs1st.evtx,NORMAL
2026-02-10 20:55:08.507460+00:00,Security,4624,system,Successful Login,seclogs1st.evtx,NORMAL
2026-02-10 20:55:08.507467+00:00,Security,4672,system,,seclogs1st.evtx,NORMAL
2026-02-10 20:55:08.544088+00:00,Security,4624,system,Successful Login,seclogs1st.evtx,NORMAL
2026-02-10 20:55:08.544096+00:00,Security,4672,system,,seclogs1st.evtx,NORMAL
2026-02-10 20:55:08.611347+00:00,Security,4624,system,Successful Login,seclogs1st.evtx,NORMAL
2026-02-10 20:55:08.611353+00:00,Security,4672,system,,seclogs1st.evtx,NORMAL
2026-02-10 20:55:08.680601+00:00,Security,5033,system,,seclogs1st.evtx,NORMAL
2026-02-10 20:55:08.805384+00:00,Security,4624,system,Successful Login,seclogs1st.evtx,NORMAL
2026-02-10 20:55:08.805391+00:00,Security,4672,system,,seclogs1st.evtx,NORMAL
2026-02-10 20:55:08.828491+00:00,Security,4624,system,Successful Login,seclogs1st.evtx,NORMAL
2026-02-10 20:55:08.828497+00:00,Security,4672,system,,seclogs1st.evtx,NORMAL
2026-02-10 20:55:08.857817+00:00,Security,4624,system,Successful Login,seclogs1st.evtx,NORMAL
2026-02-10 20:55:08.857864+00:00,Security,4672,system,,seclogs1st.evtx,NORMAL
2026-02-10 20:55:08.861464+00:00,Security,4624,system,Successful Login,seclogs1st.evtx,NORMAL
2026-02-10 20:55:08.861469+00:00,Security,4672,system,,seclogs1st.evtx,NORMAL
2026-02-10 20:55:08.886221+00:00,Security,4624,system,Successful Login,seclogs1st.evtx,NORMAL
2026-02-10 20:55:08.886230+00:00,Security,4672,system,,seclogs1st.evtx,NORMAL
2026-02-10 20:55:08.912634+00:00,Security,4624,system,Successful Login,seclogs1st.evtx,NORMAL
2026-02-10 20:55:08.912640+00:00,Security,4672,system,,seclogs1st.evtx,NORMAL
2026-02-10 20:55:08.918144+00:00,Security,4624,system,Successful Login,seclogs1st.evtx,NORMAL
2026-02-10 20:55:08.918148+00:00,Security,4672,system,,seclogs1st.evtx,NORMAL
2026-02-10 20:55:08.918541+00:00,Security,4624,system,Successful Login,seclogs1st.evtx,NORMAL
2026-02-10 20:55:08.918547+00:00,Security,4672,system,,seclogs1st.evtx,NORMAL
2026-02-10 20:55:08.931747+00:00,Security,4624,system,Successful Login,seclogs1st.evtx,NORMAL
2026-02-10 20:55:08.931767+00:00,Security,4672,system,,seclogs1st.evtx,NORMAL
2026-02-10 20:55:09.020971+00:00,Security,4799,system,,seclogs1st.evtx,NORMAL
2026-02-10 20:55:09.022163+00:00,Security,4799,system,,seclogs1st.evtx,NORMAL
2026-02-10 20:55:09.589096+00:00,Security,5024,system,,seclogs1st.evtx,NORMAL
2026-02-10 20:55:09.803579+00:00,Security,4624,system,Successful Login,seclogs1st.evtx,NORMAL
2026-02-10 20:55:09.803595+00:00,Security,4672,system,,seclogs1st.evtx,NORMAL
2026-02-10 20:55:09.841825+00:00,Security,4907,system,,seclogs1st.evtx,NORMAL
2026-02-10 20:55:10.750603+00:00,Security,4624,system,Successful Login,seclogs1st.evtx,NORMAL
2026-02-10 20:55:10.750608+00:00,Security,4672,system,,seclogs1st.evtx,NORMAL
2026-02-10 07:25:10.569214+00:00,Security,4616,system,,seclogs1st.evtx,NORMAL
2026-02-10 07:25:10.570053+00:00,Security,4616,system,,seclogs1st.evtx,NORMAL
2026-02-10 07:25:31.631992+00:00,Security,4624,system,Successful Login,seclogs1st.evtx,NORMAL
2026-02-10 07:25:31.632000+00:00,Security,4672,system,,seclogs1st.evtx,NORMAL
2026-02-10 07:25:31.819893+00:00,Security,4624,system,Successful Login,seclogs1st.evtx,NORMAL
2026-02-10 07:25:31.819902+00:00,Security,4672,system,,seclogs1st.evtx,NORMAL
2026-02-10 07:25:31.914431+00:00,Security,5379,system,,seclogs1st.evtx,NORMAL
2026-02-10 07:25:31.914566+00:00,Security,5379,system,,seclogs1st.evtx,NORMAL
2026-02-10 07:25:31.915960+00:00,Security,5379,system,,seclogs1st.evtx,NORMAL
2026-02-10 07:25:31.919216+00:00,Security,5379,system,,seclogs1st.evtx,NORMAL
2026-02-10 07:25:31.919346+00:00,Security,5379,system,,seclogs1st.evtx,NORMAL
2026-02-10 07:25:31.957287+00:00,Security,4624,system,Successful Login,seclogs1st.evtx,NORMAL
2026-02-10 07:25:31.957304+00:00,Security,4672,system,,seclogs1st.evtx,NORMAL
2026-02-10 07:25:32.229218+00:00,Security,5058,system,,seclogs1st.evtx,NORMAL
2026-02-10 07:25:32.230324+00:00,Security,5061,system,,seclogs1st.evtx,NORMAL
2026-02-10 07:25:32.234240+00:00,Security,5058,system,,seclogs1st.evtx,NORMAL
2026-02-10 07:25:32.234468+00:00,Security,5061,system,,seclogs1st.evtx,NORMAL
2026-02-10 07:25:32.234531+00:00,Security,5059,system,,seclogs1st.evtx,NORMAL
2026-02-10 07:25:32.582439+00:00,Security,4738,system,,seclogs1st.evtx,NORMAL
2026-02-10 07:25:32.582460+00:00,Security,4724,system,,seclogs1st.evtx,NORMAL
2026-02-10 07:25:33.493679+00:00,Security,4799,system,,seclogs1st.evtx,NORMAL
2026-02-10 07:25:33.494198+00:00,Security,4799,system,,seclogs1st.evtx,NORMAL
2026-02-10 07:25:33.775797+00:00,Security,4624,system,Successful Login,seclogs1st.evtx,NORMAL
2026-02-10 07:25:33.775805+00:00,Security,4672,system,,seclogs1st.evtx,NORMAL
2026-02-10 07:25:33.895298+00:00,Security,4624,system,Successful Login,seclogs1st.evtx,NORMAL
2026-02-10 07:25:33.895304+00:00,Security,4672,system,,seclogs1st.evtx,NORMAL
2026-02-10 07:25:34.019102+00:00,Security,4624,system,Successful Login,seclogs1st.evtx,NORMAL
2026-02-10 07:25:34.019108+00:00,Security,4672,system,,seclogs1st.evtx,NORMAL
2026-02-10 07:25:34.911572+00:00,Security,4624,system,Successful Login,seclogs1st.evtx,NORMAL
2026-02-10 07:25:34.911587+00:00,Security,4672,system,,seclogs1st.evtx,NORMAL
2026-02-10 07:25:39.026173+00:00,Security,5379,system,,seclogs1st.evtx,NORMAL
2026-02-10 07:25:39.030840+00:00,Security,5058,system,,seclogs1st.evtx,NORMAL
2026-02-10 07:25:39.031981+00:00,Security,5061,system,,seclogs1st.evtx,NORMAL
2026-02-10 07:25:39.042816+00:00,Security,5379,system,,seclogs1st.evtx,NORMAL
2026-02-10 07:25:39.043978+00:00,Security,5379,system,,seclogs1st.evtx,NORMAL
2026-02-10 07:25:39.044891+00:00,Security,5379,system,,seclogs1st.evtx,NORMAL
2026-02-10 07:25:39.692797+00:00,Security,5379,system,,seclogs1st.evtx,NORMAL
2026-02-10 07:25:39.693918+00:00,Security,5058,system,,seclogs1st.evtx,NORMAL
2026-02-10 07:25:39.694273+00:00,Security,5061,system,,seclogs1st.evtx,NORMAL
2026-02-10 07:25:39.699730+00:00,Security,5379,system,,seclogs1st.evtx,NORMAL
2026-02-10 07:25:40.013626+00:00,Security,5379,system,,seclogs1st.evtx,NORMAL
2026-02-10 07:25:40.014265+00:00,Security,5379,system,,seclogs1st.evtx,NORMAL
2026-02-10 07:25:40.018965+00:00,Security,5379,system,,seclogs1st.evtx,NORMAL
2026-02-10 07:25:40.019062+00:00,Security,5379,system,,seclogs1st.evtx,NORMAL
2026-02-10 07:25:40.019350+00:00,Security,5379,system,,seclogs1st.evtx,NORMAL
2026-02-10 07:25:40.021200+00:00,Security,5379,system,,seclogs1st.evtx,NORMAL
2026-02-10 07:25:40.021311+00:00,Security,5379,system,,seclogs1st.evtx,NORMAL
2026-02-10 07:25:40.798149+00:00,Security,5379,system,,seclogs1st.evtx,NORMAL
2026-02-10 07:25:40.798246+00:00,Security,5379,system,,seclogs1st.evtx,NORMAL
2026-02-10 07:25:40.798876+00:00,Security,5379,system,,seclogs1st.evtx,NORMAL
2026-02-10 07:25:41.523424+00:00,Security,5379,system,,seclogs1st.evtx,NORMAL
2026-02-10 07:25:41.524050+00:00,Security,5379,system,,seclogs1st.evtx,NORMAL
2026-02-10 07:25:41.530188+00:00,Security,5379,system,,seclogs1st.evtx,NORMAL
2026-02-10 07:25:41.531103+00:00,Security,5379,system,,seclogs1st.evtx,NORMAL
2026-02-10 07:25:44.584917+00:00,Security,4624,system,Successful Login,seclogs1st.evtx,NORMAL
2026-02-10 07:25:44.584923+00:00,Security,4672,system,,seclogs1st.evtx,NORMAL
2026-02-10 07:25:49.226786+00:00,Security,4798,system,,seclogs1st.evtx,NORMAL
2026-02-10 07:25:49.299456+00:00,Security,4624,system,Successful Login,seclogs1st.evtx,NORMAL
2026-02-10 07:25:49.299465+00:00,Security,4672,system,,seclogs1st.evtx,NORMAL
2026-02-10 07:25:49.868010+00:00,Security,5382,system,,seclogs1st.evtx,NORMAL
2026-02-10 07:25:54.284746+00:00,Security,5379,system,,seclogs1st.evtx,NORMAL
2026-02-10 07:25:54.284883+00:00,Security,5379,system,,seclogs1st.evtx,NORMAL
2026-02-10 07:25:54.285517+00:00,Security,5379,system,,seclogs1st.evtx,NORMAL
2026-02-10 07:25:57.104647+00:00,Security,5379,system,,seclogs1st.evtx,NORMAL
2026-02-10 07:25:57.114470+00:00,Security,5379,system,,seclogs1st.evtx,NORMAL
2026-02-10 07:25:57.138533+00:00,Security,5379,system,,seclogs1st.evtx,NORMAL
2026-02-10 07:25:57.140053+00:00,Security,5379,system,,seclogs1st.evtx,NORMAL
2026-02-10 07:26:34.891235+00:00,Security,4776,system,,seclogs1st.evtx,NORMAL
2026-02-10 07:26:34.895239+00:00,Security,4648,system,,seclogs1st.evtx,NORMAL
2026-02-10 07:26:34.895256+00:00,Security,4624,system,Successful Login,seclogs1st.evtx,NORMAL
2026-02-10 07:26:34.895266+00:00,Security,4672,system,,seclogs1st.evtx,NORMAL
2026-02-10 07:26:36.787220+00:00,Security,4799,system,,seclogs1st.evtx,NORMAL
2026-02-10 07:26:37.862926+00:00,Security,5379,system,,seclogs1st.evtx,NORMAL
2026-02-10 07:26:37.863016+00:00,Security,5379,system,,seclogs1st.evtx,NORMAL
2026-02-10 07:26:37.863651+00:00,Security,5379,system,,seclogs1st.evtx,NORMAL
2026-02-10 07:26:37.863970+00:00,Security,5379,system,,seclogs1st.evtx,NORMAL
2026-02-10 07:26:37.864014+00:00,Security,5379,system,,seclogs1st.evtx,NORMAL
2026-02-10 07:26:38.184258+00:00,Security,4624,system,Successful Login,seclogs1st.evtx,NORMAL
2026-02-10 07:26:38.184263+00:00,Security,4672,system,,seclogs1st.evtx,NORMAL
2026-02-10 07:26:38.351604+00:00,Security,5061,system,,seclogs1st.evtx,NORMAL
2026-02-10 07:26:38.353022+00:00,Security,5061,system,,seclogs1st.evtx,NORMAL
2026-02-10 07:26:38.354460+00:00,Security,5061,system,,seclogs1st.evtx,NORMAL
2026-02-10 07:26:38.356083+00:00,Security,5058,system,,seclogs1st.evtx,NORMAL
2026-02-10 07:26:38.357058+00:00,Security,5061,system,,seclogs1st.evtx,NORMAL
2026-02-10 07:26:38.415007+00:00,Security,5058,system,,seclogs1st.evtx,NORMAL
2026-02-10 07:26:38.415483+00:00,Security,5061,system,,seclogs1st.evtx,NORMAL
2026-02-10 07:26:38.416632+00:00,Security,5059,system,,seclogs1st.evtx,NORMAL
2026-02-10 07:26:38.417849+00:00,Security,5059,system,,seclogs1st.evtx,NORMAL
2026-02-10 07:26:38.439989+00:00,Security,5059,system,,seclogs1st.evtx,NORMAL
2026-02-10 07:26:38.513336+00:00,Security,5061,system,,seclogs1st.evtx,NORMAL
2026-02-10 07:26:38.513956+00:00,Security,5061,system,,seclogs1st.evtx,NORMAL
2026-02-10 07:26:38.514647+00:00,Security,5061,system,,seclogs1st.evtx,NORMAL
2026-02-10 07:26:38.522493+00:00,Security,5058,system,,seclogs1st.evtx,NORMAL
2026-02-10 07:26:38.523125+00:00,Security,5061,system,,seclogs1st.evtx,NORMAL
2026-02-10 07:26:38.529173+00:00,Security,5058,system,,seclogs1st.evtx,NORMAL
2026-02-10 07:26:38.529650+00:00,Security,5061,system,,seclogs1st.evtx,NORMAL
2026-02-10 07:26:38.530060+00:00,Security,5059,system,,seclogs1st.evtx,NORMAL
2026-02-10 07:26:38.533428+00:00,Security,5059,system,,seclogs1st.evtx,NORMAL
2026-02-10 07:26:38.539038+00:00,Security,5059,system,,seclogs1st.evtx,NORMAL
2026-02-10 07:26:39.716858+00:00,Security,4624,system,Successful Login,seclogs1st.evtx,NORMAL
2026-02-10 07:26:39.716867+00:00,Security,4672,system,,seclogs1st.evtx,NORMAL
2026-02-10 07:26:41.088869+00:00,Security,5379,system,,seclogs1st.evtx,NORMAL
2026-02-10 07:26:41.089699+00:00,Security,5058,system,,seclogs1st.evtx,NORMAL
2026-02-10 07:26:41.089949+00:00,Security,5061,system,,seclogs1st.evtx,NORMAL
2026-02-10 07:26:41.424759+00:00,Security,5379,system,,seclogs1st.evtx,NORMAL
2026-02-10 07:26:41.431284+00:00,Security,5379,system,,seclogs1st.evtx,NORMAL
2026-02-10 07:26:41.431780+00:00,Security,5379,system,,seclogs1st.evtx,NORMAL
2026-02-10 07:26:41.457853+00:00,Security,5379,system,,seclogs1st.evtx,NORMAL
2026-02-10 07:26:41.458069+00:00,Security,5379,system,,seclogs1st.evtx,NORMAL
2026-02-10 07:26:41.459080+00:00,Security,5379,system,,seclogs1st.evtx,NORMAL
2026-02-10 07:26:43.870762+00:00,Security,5379,system,,seclogs1st.evtx,NORMAL
2026-02-10 07:26:43.875959+00:00,Security,5379,system,,seclogs1st.evtx,NORMAL
2026-02-10 07:26:43.949543+00:00,Security,5379,system,,seclogs1st.evtx,NORMAL
2026-02-10 07:26:43.949640+00:00,Security,5379,system,,seclogs1st.evtx,NORMAL
2026-02-10 07:26:51.225525+00:00,Security,5379,system,,seclogs1st.evtx,NORMAL
2026-02-10 07:26:51.225973+00:00,Security,5379,system,,seclogs1st.evtx,NORMAL
2026-02-10 07:26:51.226238+00:00,Security,5379,system,,seclogs1st.evtx,NORMAL
2026-02-10 07:26:55.298096+00:00,Security,5379,system,,seclogs1st.evtx,NORMAL
2026-02-10 07:26:55.303825+00:00,Security,5058,system,,seclogs1st.evtx,NORMAL
2026-02-10 07:26:55.304316+00:00,Security,5061,system,,seclogs1st.evtx,NORMAL
2026-02-10 07:26:55.311726+00:00,Security,5379,system,,seclogs1st.evtx,NORMAL
2026-02-10 07:26:55.315575+00:00,Security,5379,system,,seclogs1st.evtx,NORMAL
2026-02-10 07:26:55.315964+00:00,Security,5379,system,,seclogs1st.evtx,NORMAL
2026-02-10 07:26:55.322102+00:00,Security,5379,system,,seclogs1st.evtx,NORMAL
2026-02-10 07:26:55.322187+00:00,Security,5379,system,,seclogs1st.evtx,NORMAL
2026-02-10 07:26:55.322664+00:00,Security,5379,system,,seclogs1st.evtx,NORMAL
2026-02-10 07:26:55.792494+00:00,Security,5379,system,,seclogs1st.evtx,NORMAL
2026-02-10 07:26:55.795637+00:00,Security,5379,system,,seclogs1st.evtx,NORMAL
2026-02-10 07:26:55.798983+00:00,Security,5379,system,,seclogs1st.evtx,NORMAL
2026-02-10 07:26:55.799034+00:00,Security,5379,system,,seclogs1st.evtx,NORMAL
2026-02-10 07:27:08.247612+00:00,Security,4624,system,Successful Login,seclogs1st.evtx,NORMAL
2026-02-10 07:27:08.247620+00:00,Security,4672,system,,seclogs1st.evtx,NORMAL
2026-02-10 07:27:08.274050+00:00,Security,4624,system,Successful Login,seclogs1st.evtx,NORMAL
2026-02-10 07:27:08.274054+00:00,Security,4672,system,,seclogs1st.evtx,NORMAL
2026-02-10 07:27:08.547716+00:00,Security,4624,system,Successful Login,seclogs1st.evtx,NORMAL
2026-02-10 07:27:08.547726+00:00,Security,4672,system,,seclogs1st.evtx,NORMAL
2026-02-10 07:27:11.240335+00:00,Security,4624,system,Successful Login,seclogs1st.evtx,NORMAL
2026-02-10 07:27:11.240341+00:00,Security,4672,system,,seclogs1st.evtx,NORMAL
2026-02-10 07:27:11.307739+00:00,Security,4624,system,Successful Login,seclogs1st.evtx,NORMAL
2026-02-10 07:27:11.307745+00:00,Security,4672,system,,seclogs1st.evtx,NORMAL
2026-02-10 07:27:54.637602+00:00,Security,5379,system,,seclogs1st.evtx,NORMAL
2026-02-10 07:27:54.637749+00:00,Security,5379,system,,seclogs1st.evtx,NORMAL
2026-02-10 07:27:54.638235+00:00,Security,5379,system,,seclogs1st.evtx,NORMAL
2026-02-10 07:27:54.943283+00:00,Security,5379,system,,seclogs1st.evtx,NORMAL
2026-02-10 07:27:54.949829+00:00,Security,5379,system,,seclogs1st.evtx,NORMAL
2026-02-10 07:27:54.954456+00:00,Security,5379,system,,seclogs1st.evtx,NORMAL
2026-02-10 07:27:54.954618+00:00,Security,5379,system,,seclogs1st.evtx,NORMAL
2026-02-11 06:37:35.016022+00:00,Security,1101,system,,seclogs1st.evtx,NORMAL
2026-02-11 06:37:33.253529+00:00,Security,4688,system,,seclogs1st.evtx,NORMAL
2026-02-11 06:37:33.253714+00:00,Security,4696,system,,seclogs1st.evtx,NORMAL
2026-02-11 06:37:33.253716+00:00,Security,4826,system,,seclogs1st.evtx,NORMAL
2026-02-11 06:37:33.257011+00:00,Security,4688,system,,seclogs1st.evtx,NORMAL
2026-02-11 06:37:33.655403+00:00,Security,4688,system,,seclogs1st.evtx,NORMAL
2026-02-11 06:37:34.044683+00:00,Security,4688,system,,seclogs1st.evtx,NORMAL
2026-02-11 06:37:34.092197+00:00,Security,4688,system,,seclogs1st.evtx,NORMAL
2026-02-11 06:37:34.156151+00:00,Security,4688,system,,seclogs1st.evtx,NORMAL
2026-02-11 06:37:34.160580+00:00,Security,4688,system,,seclogs1st.evtx,NORMAL
2026-02-11 06:37:34.162457+00:00,Security,4688,system,,seclogs1st.evtx,NORMAL
2026-02-11 06:37:34.179499+00:00,Security,4688,system,,seclogs1st.evtx,NORMAL
2026-02-11 06:37:34.249847+00:00,Security,4688,system,,seclogs1st.evtx,NORMAL
2026-02-11 06:37:34.295290+00:00,Security,4688,system,,seclogs1st.evtx,NORMAL
2026-02-11 06:37:34.344151+00:00,Security,4608,system,,seclogs1st.evtx,NORMAL
2026-02-11 06:37:34.349751+00:00,Security,4624,system,Successful Login,seclogs1st.evtx,NORMAL
2026-02-11 06:37:34.472416+00:00,Security,4902,system,,seclogs1st.evtx,NORMAL
2026-02-11 06:37:34.491625+00:00,Security,4624,system,Successful Login,seclogs1st.evtx,NORMAL
2026-02-11 06:37:34.491631+00:00,Security,4672,system,,seclogs1st.evtx,NORMAL
2026-02-11 06:37:34.492790+00:00,Security,4648,system,,seclogs1st.evtx,NORMAL
2026-02-11 06:37:34.492802+00:00,Security,4624,system,Successful Login,seclogs1st.evtx,NORMAL
2026-02-11 06:37:34.493261+00:00,Security,4648,system,,seclogs1st.evtx,NORMAL
2026-02-11 06:37:34.493273+00:00,Security,4624,system,Successful Login,seclogs1st.evtx,NORMAL
2026-02-11 06:37:34.542015+00:00,Security,4624,system,Successful Login,seclogs1st.evtx,NORMAL
2026-02-11 06:37:34.542021+00:00,Security,4672,system,,seclogs1st.evtx,NORMAL
2026-02-11 06:37:34.599461+00:00,Security,4624,system,Successful Login,seclogs1st.evtx,NORMAL
2026-02-11 06:37:34.599466+00:00,Security,4672,system,,seclogs1st.evtx,NORMAL
2026-02-11 06:37:34.685589+00:00,Security,4648,system,,seclogs1st.evtx,NORMAL
2026-02-11 06:37:34.685602+00:00,Security,4624,system,Successful Login,seclogs1st.evtx,NORMAL
2026-02-11 06:37:34.685612+00:00,Security,4624,system,Successful Login,seclogs1st.evtx,NORMAL
2026-02-11 06:37:34.685617+00:00,Security,4672,system,,seclogs1st.evtx,NORMAL
2026-02-11 06:37:34.685617+00:00,Security,4672,system,,seclogs1st.evtx,NORMAL
2026-02-11 06:37:34.699160+00:00,Security,4624,system,Successful Login,seclogs1st.evtx,NORMAL
2026-02-11 06:37:34.699163+00:00,Security,4672,system,,seclogs1st.evtx,NORMAL
2026-02-11 06:37:34.707926+00:00,Security,4624,system,Successful Login,seclogs1st.evtx,NORMAL
2026-02-11 06:37:34.707932+00:00,Security,4672,system,,seclogs1st.evtx,NORMAL
2026-02-11 06:37:34.722935+00:00,Security,4624,system,Successful Login,seclogs1st.evtx,NORMAL
2026-02-11 06:37:34.722940+00:00,Security,4672,system,,seclogs1st.evtx,NORMAL
2026-02-11 06:37:34.792103+00:00,Security,4624,system,Successful Login,seclogs1st.evtx,NORMAL
2026-02-11 06:37:34.792109+00:00,Security,4672,system,,seclogs1st.evtx,NORMAL
2026-02-11 06:37:34.901443+00:00,Security,4624,system,Successful Login,seclogs1st.evtx,NORMAL
2026-02-11 06:37:34.901453+00:00,Security,4672,system,,seclogs1st.evtx,NORMAL
2026-02-11 06:37:34.924576+00:00,Security,4624,system,Successful Login,seclogs1st.evtx,NORMAL
2026-02-11 06:37:34.924580+00:00,Security,4672,system,,seclogs1st.evtx,NORMAL
2026-02-11 06:37:35.072535+00:00,Security,4624,system,Successful Login,seclogs1st.evtx,NORMAL
2026-02-11 06:37:35.072540+00:00,Security,4672,system,,seclogs1st.evtx,NORMAL
2026-02-11 06:37:35.201004+00:00,Security,5033,system,,seclogs1st.evtx,NORMAL
2026-02-11 06:37:35.224180+00:00,Security,4624,system,Successful Login,seclogs1st.evtx,NORMAL
2026-02-11 06:37:35.224188+00:00,Security,4672,system,,seclogs1st.evtx,NORMAL
2026-02-11 06:37:35.430178+00:00,Security,4624,system,Successful Login,seclogs1st.evtx,NORMAL
2026-02-11 06:37:35.430183+00:00,Security,4672,system,,seclogs1st.evtx,NORMAL
2026-02-11 06:37:35.455557+00:00,Security,4624,system,Successful Login,seclogs1st.evtx,NORMAL
2026-02-11 06:37:35.455564+00:00,Security,4672,system,,seclogs1st.evtx,NORMAL
2026-02-11 06:37:35.472992+00:00,Security,4624,system,Successful Login,seclogs1st.evtx,NORMAL
2026-02-11 06:37:35.472998+00:00,Security,4672,system,,seclogs1st.evtx,NORMAL
2026-02-11 06:37:35.506117+00:00,Security,4624,system,Successful Login,seclogs1st.evtx,NORMAL
2026-02-11 06:37:35.506128+00:00,Security,4672,system,,seclogs1st.evtx,NORMAL
2026-02-11 06:37:35.514277+00:00,Security,4624,system,Successful Login,seclogs1st.evtx,NORMAL
2026-02-11 06:37:35.514282+00:00,Security,4672,system,,seclogs1st.evtx,NORMAL
2026-02-11 06:37:35.544884+00:00,Security,4624,system,Successful Login,seclogs1st.evtx,NORMAL
2026-02-11 06:37:35.544891+00:00,Security,4672,system,,seclogs1st.evtx,NORMAL
2026-02-11 06:37:35.549200+00:00,Security,4624,system,Successful Login,seclogs1st.evtx,NORMAL
2026-02-11 06:37:35.549206+00:00,Security,4672,system,,seclogs1st.evtx,NORMAL
2026-02-11 06:37:35.564001+00:00,Security,4624,system,Successful Login,seclogs1st.evtx,NORMAL
2026-02-11 06:37:35.564007+00:00,Security,4672,system,,seclogs1st.evtx,NORMAL
2026-02-11 06:37:35.598938+00:00,Security,4624,system,Successful Login,seclogs1st.evtx,NORMAL
2026-02-11 06:37:35.598946+00:00,Security,4672,system,,seclogs1st.evtx,NORMAL
2026-02-11 06:37:35.644733+00:00,Security,4799,system,,seclogs1st.evtx,NORMAL
2026-02-11 06:37:35.645267+00:00,Security,4799,system,,seclogs1st.evtx,NORMAL
2026-02-11 06:37:36.420666+00:00,Security,5024,system,,seclogs1st.evtx,NORMAL
2026-02-11 06:37:38.095640+00:00,Security,4624,system,Successful Login,seclogs1st.evtx,NORMAL
2026-02-11 06:37:38.095646+00:00,Security,4672,system,,seclogs1st.evtx,NORMAL
2026-02-11 06:37:38.140919+00:00,Security,5379,system,,seclogs1st.evtx,NORMAL
2026-02-11 06:37:38.141237+00:00,Security,5379,system,,seclogs1st.evtx,NORMAL
2026-02-11 06:37:38.141386+00:00,Security,5379,system,,seclogs1st.evtx,NORMAL
2026-02-11 06:37:38.143957+00:00,Security,5379,system,,seclogs1st.evtx,NORMAL
2026-02-11 06:37:38.144049+00:00,Security,5379,system,,seclogs1st.evtx,NORMAL
2026-02-11 06:37:38.144407+00:00,Security,5379,system,,seclogs1st.evtx,NORMAL
2026-02-11 06:37:39.005527+00:00,Security,5379,system,,seclogs1st.evtx,NORMAL
2026-02-11 06:37:39.006636+00:00,Security,5379,system,,seclogs1st.evtx,NORMAL
2026-02-11 06:37:39.011717+00:00,Security,5379,system,,seclogs1st.evtx,NORMAL
2026-02-11 06:37:39.011786+00:00,Security,5379,system,,seclogs1st.evtx,NORMAL
2026-02-11 06:37:41.074461+00:00,Security,4624,system,Successful Login,seclogs1st.evtx,NORMAL
2026-02-11 06:37:41.074492+00:00,Security,4672,system,,seclogs1st.evtx,NORMAL
2026-02-11 06:37:42.029556+00:00,Security,4799,system,,seclogs1st.evtx,NORMAL
2026-02-11 06:37:42.029900+00:00,Security,4799,system,,seclogs1st.evtx,NORMAL
2026-02-11 06:37:45.491816+00:00,Security,4624,system,Successful Login,seclogs1st.evtx,NORMAL
2026-02-11 06:37:45.491821+00:00,Security,4672,system,,seclogs1st.evtx,NORMAL
2026-02-11 06:37:46.251501+00:00,Security,4798,system,,seclogs1st.evtx,NORMAL
2026-02-11 06:37:53.125694+00:00,Security,4616,system,,seclogs1st.evtx,NORMAL
2026-02-11 06:37:53.126352+00:00,Security,4616,system,,seclogs1st.evtx,NORMAL
2026-02-11 06:38:10.108471+00:00,Security,4776,system,,seclogs1st.evtx,NORMAL
2026-02-11 06:38:10.117964+00:00,Security,4648,system,,seclogs1st.evtx,NORMAL
2026-02-11 06:38:10.117981+00:00,Security,4624,system,Successful Login,seclogs1st.evtx,NORMAL
2026-02-11 06:38:10.117987+00:00,Security,4672,system,,seclogs1st.evtx,NORMAL
2026-02-11 06:38:10.264303+00:00,Security,4799,system,,seclogs1st.evtx,NORMAL
2026-02-11 06:38:10.325966+00:00,Security,5379,system,,seclogs1st.evtx,NORMAL
2026-02-11 06:38:10.326485+00:00,Security,5379,system,,seclogs1st.evtx,NORMAL
2026-02-11 06:38:10.327095+00:00,Security,5379,system,,seclogs1st.evtx,NORMAL
2026-02-11 06:38:10.582975+00:00,Security,4624,system,Successful Login,seclogs1st.evtx,NORMAL
2026-02-11 06:38:10.582981+00:00,Security,4672,system,,seclogs1st.evtx,NORMAL
2026-02-11 06:38:10.703053+00:00,Security,4624,system,Successful Login,seclogs1st.evtx,NORMAL
2026-02-11 06:38:10.703060+00:00,Security,4672,system,,seclogs1st.evtx,NORMAL
2026-02-11 06:38:10.773048+00:00,Security,4624,system,Successful Login,seclogs1st.evtx,NORMAL
2026-02-11 06:38:10.773077+00:00,Security,4672,system,,seclogs1st.evtx,NORMAL
2026-02-11 06:38:10.899124+00:00,Security,5058,system,,seclogs1st.evtx,NORMAL
2026-02-11 06:38:10.899767+00:00,Security,5061,system,,seclogs1st.evtx,NORMAL
2026-02-11 06:38:10.900682+00:00,Security,5059,system,,seclogs1st.evtx,NORMAL
2026-02-11 06:38:10.987719+00:00,Security,5058,system,,seclogs1st.evtx,NORMAL
2026-02-11 06:38:10.988232+00:00,Security,5061,system,,seclogs1st.evtx,NORMAL
2026-02-11 06:38:10.995377+00:00,Security,5059,system,,seclogs1st.evtx,NORMAL
2026-02-11 06:38:11.203207+00:00,Security,4624,system,Successful Login,seclogs1st.evtx,NORMAL
2026-02-11 06:38:11.203215+00:00,Security,4672,system,,seclogs1st.evtx,NORMAL
2026-02-11 06:38:13.094114+00:00,Security,4624,system,Successful Login,seclogs1st.evtx,NORMAL
2026-02-11 06:38:13.094120+00:00,Security,4672,system,,seclogs1st.evtx,NORMAL
2026-02-11 06:38:21.684507+00:00,Security,4624,system,Successful Login,seclogs1st.evtx,NORMAL
2026-02-11 06:38:21.684515+00:00,Security,4672,system,,seclogs1st.evtx,NORMAL
2026-02-11 06:39:24.117449+00:00,Security,4624,system,Successful Login,seclogs1st.evtx,NORMAL
2026-02-11 06:39:24.117455+00:00,Security,4672,system,,seclogs1st.evtx,NORMAL
2026-02-11 06:39:24.260233+00:00,Security,4624,system,Successful Login,seclogs1st.evtx,NORMAL
2026-02-11 06:39:24.260239+00:00,Security,4672,system,,seclogs1st.evtx,NORMAL
2026-02-11 06:39:37.165052+00:00,Security,4624,system,Successful Login,seclogs1st.evtx,NORMAL
2026-02-11 06:39:37.165056+00:00,Security,4672,system,,seclogs1st.evtx,NORMAL
2026-02-11 06:39:37.180080+00:00,Security,4624,system,Successful Login,seclogs1st.evtx,NORMAL
2026-02-11 06:39:37.180086+00:00,Security,4672,system,,seclogs1st.evtx,NORMAL
2026-02-11 06:39:37.599562+00:00,Security,4624,system,Successful Login,seclogs1st.evtx,NORMAL
2026-02-11 06:39:37.599571+00:00,Security,4672,system,,seclogs1st.evtx,NORMAL
2026-02-11 06:39:40.062635+00:00,Security,4624,system,Successful Login,seclogs1st.evtx,NORMAL
2026-02-11 06:39:40.062641+00:00,Security,4672,system,,seclogs1st.evtx,NORMAL
2026-02-11 06:40:57.865721+00:00,Security,4625,system,Failed Login,seclogs1st.evtx,HIGH
2026-02-11 06:41:02.441313+00:00,Security,4625,system,Failed Login,seclogs1st.evtx,HIGH
2026-02-11 06:41:06.841925+00:00,Security,4625,system,Failed Login,seclogs1st.evtx,HIGH
2026-02-11 06:41:14.915653+00:00,Security,4776,system,,seclogs1st.evtx,NORMAL
2026-02-11 06:41:14.923239+00:00,Security,4648,system,,seclogs1st.evtx,NORMAL
2026-02-11 06:41:14.923254+00:00,Security,4624,system,Successful Login,seclogs1st.evtx,NORMAL
2026-02-11 06:41:14.923258+00:00,Security,4672,system,,seclogs1st.evtx,NORMAL
2026-02-11 06:41:14.923824+00:00,Security,4634,system,,seclogs1st.evtx,NORMAL
2026-02-11 06:43:52.589964+00:00,Security,4624,system,Successful Login,seclogs1st.evtx,NORMAL
2026-02-11 06:43:52.589970+00:00,Security,4672,system,,seclogs1st.evtx,NORMAL
2026-02-11 06:43:52.906824+00:00,Security,4624,system,Successful Login,seclogs1st.evtx,NORMAL
2026-02-11 06:43:52.906832+00:00,Security,4672,system,,seclogs1st.evtx,NORMAL
2026-02-11 06:43:53.031530+00:00,Security,4624,system,Successful Login,seclogs1st.evtx,NORMAL
2026-02-11 06:43:53.031536+00:00,Security,4672,system,,seclogs1st.evtx,NORMAL
2026-02-11 06:43:53.438818+00:00,Security,5382,system,,seclogs1st.evtx,NORMAL
2026-02-11 06:44:28.072033+00:00,Security,4624,system,Successful Login,seclogs1st.evtx,NORMAL
2026-02-11 06:44:28.072039+00:00,Security,4672,system,,seclogs1st.evtx,NORMAL
2026-02-11 06:44:28.283304+00:00,Security,4799,system,,seclogs1st.evtx,NORMAL
2026-02-11 06:44:28.284979+00:00,Security,4799,system,,seclogs1st.evtx,NORMAL
2026-02-11 06:44:35.054384+00:00,Security,4799,system,,seclogs1st.evtx,NORMAL
2026-02-11 06:44:35.997528+00:00,Security,4624,system,Successful Login,seclogs1st.evtx,NORMAL
2026-02-11 06:44:35.997536+00:00,Security,4672,system,,seclogs1st.evtx,NORMAL
2026-02-11 06:46:40.959665+00:00,Security,4624,system,Successful Login,seclogs1st.evtx,NORMAL
2026-02-11 06:46:40.959669+00:00,Security,4672,system,,seclogs1st.evtx,NORMAL
2026-02-11 06:46:40.986771+00:00,Security,5379,system,,seclogs1st.evtx,NORMAL
2026-02-11 06:46:40.987328+00:00,Security,5379,system,,seclogs1st.evtx,NORMAL
2026-02-11 06:46:40.987377+00:00,Security,5379,system,,seclogs1st.evtx,NORMAL
2026-02-11 06:46:40.989685+00:00,Security,5379,system,,seclogs1st.evtx,NORMAL
2026-02-11 06:46:40.989765+00:00,Security,5379,system,,seclogs1st.evtx,NORMAL
2026-02-11 06:46:40.990028+00:00,Security,5379,system,,seclogs1st.evtx,NORMAL
2026-02-11 06:46:41.004082+00:00,Security,5379,system,,seclogs1st.evtx,NORMAL
2026-02-11 06:46:41.004253+00:00,Security,5379,system,,seclogs1st.evtx,NORMAL
2026-02-11 06:46:41.004339+00:00,Security,5379,system,,seclogs1st.evtx,NORMAL
2026-02-11 06:46:42.100801+00:00,Security,5379,system,,seclogs1st.evtx,NORMAL
2026-02-11 06:46:42.101343+00:00,Security,5379,system,,seclogs1st.evtx,NORMAL
2026-02-11 06:46:42.102690+00:00,Security,5379,system,,seclogs1st.evtx,NORMAL
2026-02-11 06:46:42.102730+00:00,Security,5379,system,,seclogs1st.evtx,NORMAL
2026-02-11 06:46:45.275290+00:00,Security,4624,system,Successful Login,seclogs1st.evtx,NORMAL
2026-02-11 06:46:45.275295+00:00,Security,4672,system,,seclogs1st.evtx,NORMAL
2026-02-11 06:46:46.551575+00:00,Security,4624,system,Successful Login,seclogs1st.evtx,NORMAL
2026-02-11 06:46:46.551579+00:00,Security,4672,system,,seclogs1st.evtx,NORMAL
2026-02-11 07:20:27.172556+00:00,Security,1101,system,,seclogs1st.evtx,NORMAL
2026-02-11 07:20:24.198334+00:00,Security,4688,system,,seclogs1st.evtx,NORMAL
2026-02-11 07:20:24.198803+00:00,Security,4696,system,,seclogs1st.evtx,NORMAL
2026-02-11 07:20:24.198807+00:00,Security,4826,system,,seclogs1st.evtx,NORMAL
2026-02-11 07:20:24.208376+00:00,Security,4688,system,,seclogs1st.evtx,NORMAL
2026-02-11 07:20:24.693098+00:00,Security,4688,system,,seclogs1st.evtx,NORMAL
2026-02-11 07:20:25.369568+00:00,Security,4688,system,,seclogs1st.evtx,NORMAL
2026-02-11 07:20:25.454231+00:00,Security,4688,system,,seclogs1st.evtx,NORMAL
2026-02-11 07:20:25.571564+00:00,Security,4688,system,,seclogs1st.evtx,NORMAL
2026-02-11 07:20:25.576670+00:00,Security,4688,system,,seclogs1st.evtx,NORMAL
2026-02-11 07:20:25.580360+00:00,Security,4688,system,,seclogs1st.evtx,NORMAL
2026-02-11 07:20:25.604990+00:00,Security,4688,system,,seclogs1st.evtx,NORMAL
2026-02-11 07:20:25.716681+00:00,Security,4688,system,,seclogs1st.evtx,NORMAL
2026-02-11 07:20:25.790495+00:00,Security,4688,system,,seclogs1st.evtx,NORMAL
2026-02-11 07:20:25.876938+00:00,Security,4608,system,,seclogs1st.evtx,NORMAL
2026-02-11 07:20:25.885954+00:00,Security,4624,system,Successful Login,seclogs1st.evtx,NORMAL
2026-02-11 07:20:26.147003+00:00,Security,4902,system,,seclogs1st.evtx,NORMAL
2026-02-11 07:20:26.181768+00:00,Security,4624,system,Successful Login,seclogs1st.evtx,NORMAL
2026-02-11 07:20:26.181818+00:00,Security,4672,system,,seclogs1st.evtx,NORMAL
2026-02-11 07:20:26.187586+00:00,Security,4648,system,,seclogs1st.evtx,NORMAL
2026-02-11 07:20:26.187607+00:00,Security,4648,system,,seclogs1st.evtx,NORMAL
2026-02-11 07:20:26.187626+00:00,Security,4624,system,Successful Login,seclogs1st.evtx,NORMAL
2026-02-11 07:20:26.187656+00:00,Security,4624,system,Successful Login,seclogs1st.evtx,NORMAL
2026-02-11 07:20:26.267639+00:00,Security,4624,system,Successful Login,seclogs1st.evtx,NORMAL
2026-02-11 07:20:26.267645+00:00,Security,4672,system,,seclogs1st.evtx,NORMAL
2026-02-11 07:20:26.338614+00:00,Security,4624,system,Successful Login,seclogs1st.evtx,NORMAL
2026-02-11 07:20:26.338621+00:00,Security,4672,system,,seclogs1st.evtx,NORMAL
2026-02-11 07:20:26.490467+00:00,Security,4648,system,,seclogs1st.evtx,NORMAL
2026-02-11 07:20:26.490486+00:00,Security,4624,system,Successful Login,seclogs1st.evtx,NORMAL
2026-02-11 07:20:26.490503+00:00,Security,4624,system,Successful Login,seclogs1st.evtx,NORMAL
2026-02-11 07:20:26.490509+00:00,Security,4672,system,,seclogs1st.evtx,NORMAL
2026-02-11 07:20:26.490511+00:00,Security,4672,system,,seclogs1st.evtx,NORMAL
2026-02-11 07:20:26.579916+00:00,Security,4624,system,Successful Login,seclogs1st.evtx,NORMAL
2026-02-11 07:20:26.579924+00:00,Security,4672,system,,seclogs1st.evtx,NORMAL
2026-02-11 07:20:26.599831+00:00,Security,4624,system,Successful Login,seclogs1st.evtx,NORMAL
2026-02-11 07:20:26.599838+00:00,Security,4672,system,,seclogs1st.evtx,NORMAL
2026-02-11 07:20:26.627542+00:00,Security,4624,system,Successful Login,seclogs1st.evtx,NORMAL
2026-02-11 07:20:26.627554+00:00,Security,4672,system,,seclogs1st.evtx,NORMAL
2026-02-11 07:20:26.759552+00:00,Security,4624,system,Successful Login,seclogs1st.evtx,NORMAL
2026-02-11 07:20:26.759562+00:00,Security,4672,system,,seclogs1st.evtx,NORMAL
2026-02-11 07:20:27.061018+00:00,Security,4624,system,Successful Login,seclogs1st.evtx,NORMAL
2026-02-11 07:20:27.061031+00:00,Security,4672,system,,seclogs1st.evtx,NORMAL
2026-02-11 07:20:27.080996+00:00,Security,4624,system,Successful Login,seclogs1st.evtx,NORMAL
2026-02-11 07:20:27.081007+00:00,Security,4672,system,,seclogs1st.evtx,NORMAL
2026-02-11 07:20:27.304655+00:00,Security,4624,system,Successful Login,seclogs1st.evtx,NORMAL
2026-02-11 07:20:27.304663+00:00,Security,4672,system,,seclogs1st.evtx,NORMAL
2026-02-11 07:20:27.336733+00:00,Security,5033,system,,seclogs1st.evtx,NORMAL
2026-02-11 07:20:27.687004+00:00,Security,4624,system,Successful Login,seclogs1st.evtx,NORMAL
2026-02-11 07:20:27.687014+00:00,Security,4672,system,,seclogs1st.evtx,NORMAL
2026-02-11 07:20:27.725916+00:00,Security,4624,system,Successful Login,seclogs1st.evtx,NORMAL
2026-02-11 07:20:27.725929+00:00,Security,4672,system,,seclogs1st.evtx,NORMAL
2026-02-11 07:20:27.731668+00:00,Security,4624,system,Successful Login,seclogs1st.evtx,NORMAL
2026-02-11 07:20:27.731701+00:00,Security,4672,system,,seclogs1st.evtx,NORMAL
2026-02-11 07:20:27.780935+00:00,Security,4624,system,Successful Login,seclogs1st.evtx,NORMAL
2026-02-11 07:20:27.780945+00:00,Security,4672,system,,seclogs1st.evtx,NORMAL
2026-02-11 07:20:27.810547+00:00,Security,4624,system,Successful Login,seclogs1st.evtx,NORMAL
2026-02-11 07:20:27.810560+00:00,Security,4672,system,,seclogs1st.evtx,NORMAL
2026-02-11 07:20:27.840212+00:00,Security,4624,system,Successful Login,seclogs1st.evtx,NORMAL
2026-02-11 07:20:27.840223+00:00,Security,4672,system,,seclogs1st.evtx,NORMAL
2026-02-11 07:20:27.901760+00:00,Security,4624,system,Successful Login,seclogs1st.evtx,NORMAL
2026-02-11 07:20:27.901775+00:00,Security,4672,system,,seclogs1st.evtx,NORMAL
2026-02-11 07:20:27.910812+00:00,Security,4624,system,Successful Login,seclogs1st.evtx,NORMAL
2026-02-11 07:20:27.910826+00:00,Security,4672,system,,seclogs1st.evtx,NORMAL
2026-02-11 07:20:27.997673+00:00,Security,4624,system,Successful Login,seclogs1st.evtx,NORMAL
2026-02-11 07:20:27.997679+00:00,Security,4672,system,,seclogs1st.evtx,NORMAL
2026-02-11 07:20:28.192945+00:00,Security,4799,system,,seclogs1st.evtx,NORMAL
2026-02-11 07:20:28.196484+00:00,Security,4799,system,,seclogs1st.evtx,NORMAL
2026-02-11 07:20:28.868383+00:00,Security,5024,system,,seclogs1st.evtx,NORMAL
2026-02-11 07:20:38.177258+00:00,Security,4798,system,,seclogs1st.evtx,NORMAL
2026-02-11 07:20:40.019651+00:00,Security,4799,system,,seclogs1st.evtx,NORMAL
2026-02-11 07:20:40.020218+00:00,Security,4799,system,,seclogs1st.evtx,NORMAL
2026-02-11 07:20:43.059334+00:00,Security,4776,system,,seclogs1st.evtx,NORMAL
2026-02-11 07:20:43.071751+00:00,Security,4648,system,,seclogs1st.evtx,NORMAL
2026-02-11 07:20:43.071770+00:00,Security,4624,system,Successful Login,seclogs1st.evtx,NORMAL
2026-02-11 07:20:43.071810+00:00,Security,4672,system,,seclogs1st.evtx,NORMAL
2026-02-11 07:20:43.259506+00:00,Security,4799,system,,seclogs1st.evtx,NORMAL
2026-02-11 07:20:43.944372+00:00,Security,4624,system,Successful Login,seclogs1st.evtx,NORMAL
2026-02-11 07:20:43.944378+00:00,Security,4672,system,,seclogs1st.evtx,NORMAL
2026-02-11 07:20:44.124352+00:00,Security,4624,system,Successful Login,seclogs1st.evtx,NORMAL
2026-02-11 07:20:44.124361+00:00,Security,4672,system,,seclogs1st.evtx,NORMAL
2026-02-11 07:20:44.404989+00:00,Security,4624,system,Successful Login,seclogs1st.evtx,NORMAL
2026-02-11 07:20:44.404997+00:00,Security,4672,system,,seclogs1st.evtx,NORMAL
2026-02-11 07:20:44.540672+00:00,Security,5058,system,,seclogs1st.evtx,NORMAL
2026-02-11 07:20:44.548595+00:00,Security,5061,system,,seclogs1st.evtx,NORMAL
2026-02-11 07:20:44.549126+00:00,Security,5059,system,,seclogs1st.evtx,NORMAL
2026-02-11 07:20:44.665335+00:00,Security,5058,system,,seclogs1st.evtx,NORMAL
2026-02-11 07:20:44.665728+00:00,Security,5061,system,,seclogs1st.evtx,NORMAL
2026-02-11 07:20:44.666367+00:00,Security,5059,system,,seclogs1st.evtx,NORMAL
2026-02-11 07:20:55.466204+00:00,Security,5379,system,,seclogs1st.evtx,NORMAL
2026-02-11 07:20:57.312483+00:00,Security,4624,system,Successful Login,seclogs1st.evtx,NORMAL
2026-02-11 07:20:57.312490+00:00,Security,4672,system,,seclogs1st.evtx,NORMAL
2026-02-11 07:22:05.864101+00:00,Security,4798,system,,seclogs1st.evtx,NORMAL
2026-02-11 07:22:28.316507+00:00,Security,4624,system,Successful Login,seclogs1st.evtx,NORMAL
2026-02-11 07:22:28.316519+00:00,Security,4672,system,,seclogs1st.evtx,NORMAL
2026-02-11 07:22:28.447241+00:00,Security,4624,system,Successful Login,seclogs1st.evtx,NORMAL
2026-02-11 07:22:28.447269+00:00,Security,4672,system,,seclogs1st.evtx,NORMAL
2026-02-11 07:22:28.468912+00:00,Security,4624,system,Successful Login,seclogs1st.evtx,NORMAL
2026-02-11 07:22:28.468922+00:00,Security,4672,system,,seclogs1st.evtx,NORMAL
2026-02-11 07:22:31.124783+00:00,Security,4624,system,Successful Login,seclogs1st.evtx,NORMAL
2026-02-11 07:22:31.124798+00:00,Security,4672,system,,seclogs1st.evtx,NORMAL
2026-02-11 07:22:31.212656+00:00,Security,4624,system,Successful Login,seclogs1st.evtx,NORMAL
2026-02-11 07:22:31.212664+00:00,Security,4672,system,,seclogs1st.evtx,NORMAL
2026-02-11 07:22:31.443724+00:00,Security,4624,system,Successful Login,seclogs1st.evtx,NORMAL
2026-02-11 07:22:31.443731+00:00,Security,4672,system,,seclogs1st.evtx,NORMAL
2026-02-11 07:23:39.972467+00:00,Security,4798,system,,seclogs1st.evtx,NORMAL
2026-02-11 07:29:32.101135+00:00,Security,4624,system,Successful Login,seclogs1st.evtx,NORMAL
2026-02-11 07:29:32.101147+00:00,Security,4672,system,,seclogs1st.evtx,NORMAL
2026-02-11 07:30:47.330330+00:00,Security,4624,system,Successful Login,seclogs1st.evtx,NORMAL
2026-02-11 07:30:47.330347+00:00,Security,4672,system,,seclogs1st.evtx,NORMAL
2026-02-11 07:30:47.450565+00:00,Security,5379,system,,seclogs1st.evtx,NORMAL
2026-02-11 07:30:47.451004+00:00,Security,5379,system,,seclogs1st.evtx,NORMAL
2026-02-11 07:30:47.451185+00:00,Security,5379,system,,seclogs1st.evtx,NORMAL
2026-02-11 07:30:47.458162+00:00,Security,5379,system,,seclogs1st.evtx,NORMAL
2026-02-11 07:30:47.458593+00:00,Security,5379,system,,seclogs1st.evtx,NORMAL
2026-02-11 07:30:47.458794+00:00,Security,5379,system,,seclogs1st.evtx,NORMAL
2026-02-11 07:30:47.462921+00:00,Security,5379,system,,seclogs1st.evtx,NORMAL
2026-02-11 07:30:47.463051+00:00,Security,5379,system,,seclogs1st.evtx,NORMAL
2026-02-11 07:30:47.463774+00:00,Security,5379,system,,seclogs1st.evtx,NORMAL
2026-02-11 07:30:48.672386+00:00,Security,5379,system,,seclogs1st.evtx,NORMAL
2026-02-11 07:30:48.681503+00:00,Security,5379,system,,seclogs1st.evtx,NORMAL
2026-02-11 07:30:48.690725+00:00,Security,5379,system,,seclogs1st.evtx,NORMAL
2026-02-11 07:30:48.690842+00:00,Security,5379,system,,seclogs1st.evtx,NORMAL
2026-02-11 07:30:56.814013+00:00,Security,4624,system,Successful Login,seclogs1st.evtx,NORMAL
2026-02-11 07:30:56.814024+00:00,Security,4672,system,,seclogs1st.evtx,NORMAL
2026-02-11 07:31:12.110327+00:00,Security,4624,system,Successful Login,seclogs1st.evtx,NORMAL
2026-02-11 07:31:12.110334+00:00,Security,4672,system,,seclogs1st.evtx,NORMAL
2026-02-11 07:31:12.213373+00:00,Security,5379,system,,seclogs1st.evtx,NORMAL
2026-02-11 07:31:12.213722+00:00,Security,5379,system,,seclogs1st.evtx,NORMAL
2026-02-11 07:31:12.213827+00:00,Security,5379,system,,seclogs1st.evtx,NORMAL
2026-02-11 07:31:12.215593+00:00,Security,5379,system,,seclogs1st.evtx,NORMAL
2026-02-11 07:31:12.215651+00:00,Security,5379,system,,seclogs1st.evtx,NORMAL
2026-02-11 07:31:12.215956+00:00,Security,5379,system,,seclogs1st.evtx,NORMAL
2026-02-11 07:31:12.626862+00:00,Security,4624,system,Successful Login,seclogs1st.evtx,NORMAL
2026-02-11 07:31:12.626869+00:00,Security,4672,system,,seclogs1st.evtx,NORMAL
2026-02-11 07:31:12.653488+00:00,Security,5379,system,,seclogs1st.evtx,NORMAL
2026-02-11 07:31:12.655306+00:00,Security,5379,system,,seclogs1st.evtx,NORMAL
2026-02-11 07:31:12.657419+00:00,Security,5379,system,,seclogs1st.evtx,NORMAL
2026-02-11 07:31:13.071161+00:00,Security,4624,system,Successful Login,seclogs1st.evtx,NORMAL
2026-02-11 07:31:13.071167+00:00,Security,4672,system,,seclogs1st.evtx,NORMAL
2026-02-11 07:31:13.248919+00:00,Security,5379,system,,seclogs1st.evtx,NORMAL
2026-02-11 07:31:13.253359+00:00,Security,5379,system,,seclogs1st.evtx,NORMAL
2026-02-11 07:31:13.256773+00:00,Security,5379,system,,seclogs1st.evtx,NORMAL
2026-02-11 07:31:13.256990+00:00,Security,5379,system,,seclogs1st.evtx,NORMAL
2026-02-11 07:31:13.511314+00:00,Security,5379,system,,seclogs1st.evtx,NORMAL
2026-02-11 07:31:13.514856+00:00,Security,5058,system,,seclogs1st.evtx,NORMAL
2026-02-11 07:31:13.515125+00:00,Security,5061,system,,seclogs1st.evtx,NORMAL
2026-02-11 07:31:13.519516+00:00,Security,5379,system,,seclogs1st.evtx,NORMAL
2026-02-11 07:31:13.524061+00:00,Security,5379,system,,seclogs1st.evtx,NORMAL
2026-02-11 07:31:13.525904+00:00,Security,5379,system,,seclogs1st.evtx,NORMAL
2026-02-11 07:31:13.530907+00:00,Security,5379,system,,seclogs1st.evtx,NORMAL
2026-02-11 07:31:13.531031+00:00,Security,5379,system,,seclogs1st.evtx,NORMAL
2026-02-11 07:31:13.531385+00:00,Security,5379,system,,seclogs1st.evtx,NORMAL
2026-02-11 07:31:14.205145+00:00,Security,5379,system,,seclogs1st.evtx,NORMAL
2026-02-11 07:31:14.209192+00:00,Security,5379,system,,seclogs1st.evtx,NORMAL
2026-02-11 07:31:14.213079+00:00,Security,5379,system,,seclogs1st.evtx,NORMAL
2026-02-11 07:31:14.213144+00:00,Security,5379,system,,seclogs1st.evtx,NORMAL
2026-02-11 07:31:14.275301+00:00,Security,4624,system,Successful Login,seclogs1st.evtx,NORMAL
2026-02-11 07:31:14.275311+00:00,Security,4672,system,,seclogs1st.evtx,NORMAL
2026-02-11 07:31:25.203642+00:00,Security,4798,system,,seclogs1st.evtx,NORMAL
2026-02-11 07:31:33.912092+00:00,Security,4798,system,,seclogs1st.evtx,NORMAL
2026-02-11 07:31:33.912319+00:00,Security,4798,system,,seclogs1st.evtx,NORMAL
2026-02-11 07:31:33.912464+00:00,Security,4798,system,,seclogs1st.evtx,NORMAL
2026-02-11 07:31:33.912632+00:00,Security,4798,system,,seclogs1st.evtx,NORMAL
2026-02-11 07:31:33.914709+00:00,Security,4799,system,,seclogs1st.evtx,NORMAL
2026-02-11 07:31:33.917578+00:00,Security,4799,system,,seclogs1st.evtx,NORMAL
2026-02-11 07:31:33.920017+00:00,Security,4799,system,,seclogs1st.evtx,NORMAL
2026-02-11 07:31:36.969044+00:00,Security,4624,system,Successful Login,seclogs1st.evtx,NORMAL
2026-02-11 07:31:36.969051+00:00,Security,4672,system,,seclogs1st.evtx,NORMAL
2026-02-11 07:32:07.376484+00:00,Security,4624,system,Successful Login,seclogs1st.evtx,NORMAL
2026-02-11 07:32:07.376572+00:00,Security,4672,system,,seclogs1st.evtx,NORMAL
2026-02-11 07:32:07.405146+00:00,Security,4624,system,Successful Login,seclogs1st.evtx,NORMAL
2026-02-11 07:32:07.405155+00:00,Security,4672,system,,seclogs1st.evtx,NORMAL
2026-02-11 07:32:51.443289+00:00,Security,5379,system,,seclogs1st.evtx,NORMAL
2026-02-11 07:32:51.443415+00:00,Security,5379,system,,seclogs1st.evtx,NORMAL
2026-02-11 07:32:51.444271+00:00,Security,5379,system,,seclogs1st.evtx,NORMAL
2026-02-11 07:32:52.129219+00:00,Security,5379,system,,seclogs1st.evtx,NORMAL
2026-02-11 07:32:52.129923+00:00,Security,5379,system,,seclogs1st.evtx,NORMAL
2026-02-11 07:32:52.142765+00:00,Security,5379,system,,seclogs1st.evtx,NORMAL
2026-02-11 07:32:52.142855+00:00,Security,5379,system,,seclogs1st.evtx,NORMAL
2026-02-11 07:35:19.534918+00:00,Security,4624,system,Successful Login,seclogs1st.evtx,NORMAL
2026-02-11 07:35:19.534927+00:00,Security,4672,system,,seclogs1st.evtx,NORMAL
2026-02-11 07:35:25.281128+00:00,Security,4624,system,Successful Login,seclogs1st.evtx,NORMAL
2026-02-11 07:35:25.281134+00:00,Security,4672,system,,seclogs1st.evtx,NORMAL
2026-02-11 07:35:35.378704+00:00,Security,4624,system,Successful Login,seclogs1st.evtx,NORMAL
2026-02-11 07:35:35.378716+00:00,Security,4672,system,,seclogs1st.evtx,NORMAL
2026-03-04 07:13:14.532040+00:00,Security,1101,system,,seclogs1st.evtx,NORMAL
2026-03-04 07:13:05.969709+00:00,Security,4688,system,,seclogs1st.evtx,NORMAL
2026-03-04 07:13:05.970457+00:00,Security,4696,system,,seclogs1st.evtx,NORMAL
2026-03-04 07:13:05.970474+00:00,Security,4826,system,,seclogs1st.evtx,NORMAL
2026-03-04 07:13:05.980656+00:00,Security,4688,system,,seclogs1st.evtx,NORMAL
2026-03-04 07:13:06.912186+00:00,Security,4688,system,,seclogs1st.evtx,NORMAL
2026-03-04 07:13:09.655127+00:00,Security,4688,system,,seclogs1st.evtx,NORMAL
2026-03-04 07:13:10.047106+00:00,Security,4688,system,,seclogs1st.evtx,NORMAL
2026-03-04 07:13:10.429518+00:00,Security,4688,system,,seclogs1st.evtx,NORMAL
2026-03-04 07:13:10.460417+00:00,Security,4688,system,,seclogs1st.evtx,NORMAL
2026-03-04 07:13:10.488745+00:00,Security,4688,system,,seclogs1st.evtx,NORMAL
2026-03-04 07:13:10.659456+00:00,Security,4688,system,,seclogs1st.evtx,NORMAL
2026-03-04 07:13:11.001009+00:00,Security,4688,system,,seclogs1st.evtx,NORMAL
2026-03-04 07:13:11.310612+00:00,Security,4688,system,,seclogs1st.evtx,NORMAL
2026-03-04 07:13:11.634739+00:00,Security,4608,system,,seclogs1st.evtx,NORMAL
2026-03-04 07:13:11.671009+00:00,Security,4624,system,Successful Login,seclogs1st.evtx,NORMAL
2026-03-04 07:13:12.193811+00:00,Security,4902,system,,seclogs1st.evtx,NORMAL
2026-03-04 07:13:12.261330+00:00,Security,4624,system,Successful Login,seclogs1st.evtx,NORMAL
2026-03-04 07:13:12.261356+00:00,Security,4672,system,,seclogs1st.evtx,NORMAL
2026-03-04 07:13:12.267538+00:00,Security,4648,system,,seclogs1st.evtx,NORMAL
2026-03-04 07:13:12.267582+00:00,Security,4624,system,Successful Login,seclogs1st.evtx,NORMAL
2026-03-04 07:13:12.268824+00:00,Security,4648,system,,seclogs1st.evtx,NORMAL
2026-03-04 07:13:12.268860+00:00,Security,4624,system,Successful Login,seclogs1st.evtx,NORMAL
2026-03-04 07:13:12.503407+00:00,Security,4624,system,Successful Login,seclogs1st.evtx,NORMAL
2026-03-04 07:13:12.503422+00:00,Security,4672,system,,seclogs1st.evtx,NORMAL
2026-03-04 07:13:12.702017+00:00,Security,4624,system,Successful Login,seclogs1st.evtx,NORMAL
2026-03-04 07:13:12.702044+00:00,Security,4672,system,,seclogs1st.evtx,NORMAL
2026-03-04 07:13:13.006929+00:00,Security,4648,system,,seclogs1st.evtx,NORMAL
2026-03-04 07:13:13.007023+00:00,Security,4624,system,Successful Login,seclogs1st.evtx,NORMAL
2026-03-04 07:13:13.007069+00:00,Security,4624,system,Successful Login,seclogs1st.evtx,NORMAL
2026-03-04 07:13:13.007086+00:00,Security,4672,system,,seclogs1st.evtx,NORMAL
2026-03-04 07:13:13.007090+00:00,Security,4672,system,,seclogs1st.evtx,NORMAL
2026-03-04 07:13:13.125210+00:00,Security,4624,system,Successful Login,seclogs1st.evtx,NORMAL
2026-03-04 07:13:13.125223+00:00,Security,4672,system,,seclogs1st.evtx,NORMAL
2026-03-04 07:13:13.177618+00:00,Security,4624,system,Successful Login,seclogs1st.evtx,NORMAL
2026-03-04 07:13:13.177635+00:00,Security,4672,system,,seclogs1st.evtx,NORMAL
2026-03-04 07:13:13.475336+00:00,Security,4624,system,Successful Login,seclogs1st.evtx,NORMAL
2026-03-04 07:13:13.475361+00:00,Security,4672,system,,seclogs1st.evtx,NORMAL
2026-03-04 07:13:13.487572+00:00,Security,4624,system,Successful Login,seclogs1st.evtx,NORMAL
2026-03-04 07:13:13.487589+00:00,Security,4672,system,,seclogs1st.evtx,NORMAL
2026-03-04 07:13:14.336266+00:00,Security,4624,system,Successful Login,seclogs1st.evtx,NORMAL
2026-03-04 07:13:14.336292+00:00,Security,4672,system,,seclogs1st.evtx,NORMAL
2026-03-04 07:13:14.378687+00:00,Security,4624,system,Successful Login,seclogs1st.evtx,NORMAL
2026-03-04 07:13:14.378712+00:00,Security,4672,system,,seclogs1st.evtx,NORMAL
2026-03-04 07:13:14.771469+00:00,Security,4624,system,Successful Login,seclogs1st.evtx,NORMAL
2026-03-04 07:13:14.771496+00:00,Security,4672,system,,seclogs1st.evtx,NORMAL
2026-03-04 07:13:15.117777+00:00,Security,5033,system,,seclogs1st.evtx,NORMAL
2026-03-04 07:13:16.129520+00:00,Security,4624,system,Successful Login,seclogs1st.evtx,NORMAL
2026-03-04 07:13:16.129539+00:00,Security,4672,system,,seclogs1st.evtx,NORMAL
2026-03-04 07:13:16.260155+00:00,Security,4624,system,Successful Login,seclogs1st.evtx,NORMAL
2026-03-04 07:13:16.260180+00:00,Security,4672,system,,seclogs1st.evtx,NORMAL
2026-03-04 07:13:16.311344+00:00,Security,4624,system,Successful Login,seclogs1st.evtx,NORMAL
2026-03-04 07:13:16.311371+00:00,Security,4672,system,,seclogs1st.evtx,NORMAL
2026-03-04 07:13:16.542191+00:00,Security,4624,system,Successful Login,seclogs1st.evtx,NORMAL
2026-03-04 07:13:16.542210+00:00,Security,4672,system,,seclogs1st.evtx,NORMAL
2026-03-04 07:13:16.754313+00:00,Security,4624,system,Successful Login,seclogs1st.evtx,NORMAL
2026-03-04 07:13:16.754385+00:00,Security,4672,system,,seclogs1st.evtx,NORMAL
2026-03-04 07:13:16.906637+00:00,Security,4624,system,Successful Login,seclogs1st.evtx,NORMAL
2026-03-04 07:13:16.906656+00:00,Security,4672,system,,seclogs1st.evtx,NORMAL
2026-03-04 07:13:16.959282+00:00,Security,4624,system,Successful Login,seclogs1st.evtx,NORMAL
2026-03-04 07:13:16.959301+00:00,Security,4672,system,,seclogs1st.evtx,NORMAL
2026-03-04 07:13:17.067993+00:00,Security,4624,system,Successful Login,seclogs1st.evtx,NORMAL
2026-03-04 07:13:17.068010+00:00,Security,4672,system,,seclogs1st.evtx,NORMAL
2026-03-04 07:13:17.159775+00:00,Security,4624,system,Successful Login,seclogs1st.evtx,NORMAL
2026-03-04 07:13:17.159796+00:00,Security,4672,system,,seclogs1st.evtx,NORMAL
2026-03-04 07:13:17.467096+00:00,Security,4799,system,,seclogs1st.evtx,NORMAL
2026-03-04 07:13:17.471676+00:00,Security,4799,system,,seclogs1st.evtx,NORMAL
2026-03-04 07:13:17.478136+00:00,Security,4624,system,Successful Login,seclogs1st.evtx,NORMAL
2026-03-04 07:13:17.478155+00:00,Security,4672,system,,seclogs1st.evtx,NORMAL
2026-03-04 07:13:20.148424+00:00,Security,5024,system,,seclogs1st.evtx,NORMAL
2026-03-04 07:13:27.823120+00:00,Security,4799,system,,seclogs1st.evtx,NORMAL
2026-03-04 07:13:27.823660+00:00,Security,4799,system,,seclogs1st.evtx,NORMAL
2026-03-04 07:13:27.968626+00:00,Security,4624,system,Successful Login,seclogs1st.evtx,NORMAL
2026-03-04 07:13:27.968634+00:00,Security,4672,system,,seclogs1st.evtx,NORMAL
2026-03-04 07:13:29.290968+00:00,Security,4624,system,Successful Login,seclogs1st.evtx,NORMAL
2026-03-04 07:13:29.290981+00:00,Security,4672,system,,seclogs1st.evtx,NORMAL
2026-03-04 07:13:29.372368+00:00,Security,5379,system,,seclogs1st.evtx,NORMAL
2026-03-04 07:13:29.372770+00:00,Security,5379,system,,seclogs1st.evtx,NORMAL
2026-03-04 07:13:29.372850+00:00,Security,5379,system,,seclogs1st.evtx,NORMAL
2026-03-04 07:13:29.380615+00:00,Security,5379,system,,seclogs1st.evtx,NORMAL
2026-03-04 07:13:29.381163+00:00,Security,5379,system,,seclogs1st.evtx,NORMAL
2026-03-04 07:13:29.381220+00:00,Security,5379,system,,seclogs1st.evtx,NORMAL
2026-03-04 07:13:29.382814+00:00,Security,5379,system,,seclogs1st.evtx,NORMAL
2026-03-04 07:13:29.382881+00:00,Security,5379,system,,seclogs1st.evtx,NORMAL
2026-03-04 07:13:29.383308+00:00,Security,5379,system,,seclogs1st.evtx,NORMAL
2026-03-04 07:13:30.057800+00:00,Security,4624,system,Successful Login,seclogs1st.evtx,NORMAL
2026-03-04 07:13:30.057808+00:00,Security,4672,system,,seclogs1st.evtx,NORMAL
2026-03-04 07:13:30.189098+00:00,Security,4624,system,Successful Login,seclogs1st.evtx,NORMAL
2026-03-04 07:13:30.189108+00:00,Security,4672,system,,seclogs1st.evtx,NORMAL
2026-03-04 07:13:30.314831+00:00,Security,4624,system,Successful Login,seclogs1st.evtx,NORMAL
2026-03-04 07:13:30.314840+00:00,Security,4672,system,,seclogs1st.evtx,NORMAL
2026-03-04 07:13:30.376041+00:00,Security,4624,system,Successful Login,seclogs1st.evtx,NORMAL
2026-03-04 07:13:30.376047+00:00,Security,4672,system,,seclogs1st.evtx,NORMAL
2026-03-04 07:13:30.486725+00:00,Security,5379,system,,seclogs1st.evtx,NORMAL
2026-03-04 07:13:30.492760+00:00,Security,5379,system,,seclogs1st.evtx,NORMAL
2026-03-04 07:13:30.496962+00:00,Security,5379,system,,seclogs1st.evtx,NORMAL
2026-03-04 07:13:30.497120+00:00,Security,5379,system,,seclogs1st.evtx,NORMAL
2026-03-04 07:13:31.000319+00:00,Security,4624,system,Successful Login,seclogs1st.evtx,NORMAL
2026-03-04 07:13:31.000328+00:00,Security,4672,system,,seclogs1st.evtx,NORMAL
2026-03-04 07:13:32.430334+00:00,Security,4616,system,,seclogs1st.evtx,NORMAL
2026-03-04 07:13:32.431808+00:00,Security,4616,system,,seclogs1st.evtx,NORMAL
2026-03-04 07:13:42.208662+00:00,Security,5379,system,,seclogs1st.evtx,NORMAL
2026-03-04 07:13:42.209763+00:00,Security,5379,system,,seclogs1st.evtx,NORMAL
2026-03-04 07:13:42.212311+00:00,Security,5379,system,,seclogs1st.evtx,NORMAL
2026-03-04 07:13:43.855015+00:00,Security,5379,system,,seclogs1st.evtx,NORMAL
2026-03-04 07:13:43.856504+00:00,Security,5379,system,,seclogs1st.evtx,NORMAL
2026-03-04 07:13:43.866245+00:00,Security,5379,system,,seclogs1st.evtx,NORMAL
2026-03-04 07:13:43.866472+00:00,Security,5379,system,,seclogs1st.evtx,NORMAL
2026-03-04 07:13:53.363895+00:00,Security,5379,system,,seclogs1st.evtx,NORMAL
2026-03-04 07:13:53.364092+00:00,Security,5379,system,,seclogs1st.evtx,NORMAL
2026-03-04 07:13:53.364845+00:00,Security,5379,system,,seclogs1st.evtx,NORMAL
2026-03-04 07:13:53.878994+00:00,Security,5379,system,,seclogs1st.evtx,NORMAL
2026-03-04 07:13:53.880632+00:00,Security,5379,system,,seclogs1st.evtx,NORMAL
2026-03-04 07:13:53.888792+00:00,Security,5379,system,,seclogs1st.evtx,NORMAL
2026-03-04 07:13:53.889030+00:00,Security,5379,system,,seclogs1st.evtx,NORMAL
2026-03-04 07:13:56.066914+00:00,Security,4798,system,,seclogs1st.evtx,NORMAL
2026-03-04 07:13:59.860725+00:00,Security,5379,system,,seclogs1st.evtx,NORMAL
2026-03-04 07:13:59.861021+00:00,Security,5379,system,,seclogs1st.evtx,NORMAL
2026-03-04 07:13:59.862278+00:00,Security,5379,system,,seclogs1st.evtx,NORMAL
2026-03-04 07:14:00.540701+00:00,Security,5379,system,,seclogs1st.evtx,NORMAL
2026-03-04 07:14:00.551620+00:00,Security,5379,system,,seclogs1st.evtx,NORMAL
2026-03-04 07:14:00.607277+00:00,Security,5379,system,,seclogs1st.evtx,NORMAL
2026-03-04 07:14:00.607666+00:00,Security,5379,system,,seclogs1st.evtx,NORMAL
2026-03-04 07:14:24.581461+00:00,Security,4625,system,Failed Login,seclogs1st.evtx,HIGH
2026-03-04 07:14:32.485559+00:00,Security,4625,system,Failed Login,seclogs1st.evtx,HIGH
2026-03-04 07:14:57.699478+00:00,Security,4625,system,Failed Login,seclogs1st.evtx,HIGH
2026-03-04 07:15:16.316856+00:00,Security,4624,system,Successful Login,seclogs1st.evtx,NORMAL
2026-03-04 07:15:16.316887+00:00,Security,4672,system,,seclogs1st.evtx,NORMAL
2026-03-04 07:15:17.293507+00:00,Security,5058,system,,seclogs1st.evtx,NORMAL
2026-03-04 07:15:17.294657+00:00,Security,5061,system,,seclogs1st.evtx,NORMAL
2026-03-04 07:15:17.296122+00:00,Security,5059,system,,seclogs1st.evtx,NORMAL
2026-03-04 07:15:18.608433+00:00,Security,4624,system,Successful Login,seclogs1st.evtx,NORMAL
2026-03-04 07:15:18.608454+00:00,Security,4672,system,,seclogs1st.evtx,NORMAL
2026-03-04 07:15:20.453182+00:00,Security,4624,system,Successful Login,seclogs1st.evtx,NORMAL
2026-03-04 07:15:20.453228+00:00,Security,4672,system,,seclogs1st.evtx,NORMAL
2026-03-04 07:15:22.566866+00:00,Security,4624,system,Successful Login,seclogs1st.evtx,NORMAL
2026-03-04 07:15:22.566875+00:00,Security,4672,system,,seclogs1st.evtx,NORMAL
2026-03-04 07:15:22.636644+00:00,Security,4624,system,Successful Login,seclogs1st.evtx,NORMAL
2026-03-04 07:15:22.636650+00:00,Security,4672,system,,seclogs1st.evtx,NORMAL
2026-03-04 07:15:23.192591+00:00,Security,4625,system,Failed Login,seclogs1st.evtx,HIGH
2026-03-04 07:15:24.797722+00:00,Security,5379,system,,seclogs1st.evtx,NORMAL
2026-03-04 07:15:24.797789+00:00,Security,5379,system,,seclogs1st.evtx,NORMAL
2026-03-04 07:15:24.798363+00:00,Security,5379,system,,seclogs1st.evtx,NORMAL
2026-03-04 07:15:25.373999+00:00,Security,5379,system,,seclogs1st.evtx,NORMAL
2026-03-04 07:15:25.374849+00:00,Security,5379,system,,seclogs1st.evtx,NORMAL
2026-03-04 07:15:25.378546+00:00,Security,5379,system,,seclogs1st.evtx,NORMAL
2026-03-04 07:15:25.378662+00:00,Security,5379,system,,seclogs1st.evtx,NORMAL
2026-03-04 07:15:35.950108+00:00,Security,4625,system,Failed Login,seclogs1st.evtx,HIGH
2026-03-04 07:15:49.148939+00:00,Security,4625,system,Failed Login,seclogs1st.evtx,HIGH
2026-03-04 07:15:56.068483+00:00,Security,4625,system,Failed Login,seclogs1st.evtx,HIGH
2026-03-04 07:16:18.164248+00:00,Security,4625,system,Failed Login,seclogs1st.evtx,HIGH
2026-03-11 07:31:02.279766+00:00,Security,1101,system,,seclogs1st.evtx,NORMAL
2026-03-11 07:30:56.507971+00:00,Security,4688,system,,seclogs1st.evtx,NORMAL
2026-03-11 07:30:56.508497+00:00,Security,4696,system,,seclogs1st.evtx,NORMAL
2026-03-11 07:30:56.508501+00:00,Security,4826,system,,seclogs1st.evtx,NORMAL
2026-03-11 07:30:56.511511+00:00,Security,4688,system,,seclogs1st.evtx,NORMAL
2026-03-11 07:30:56.985872+00:00,Security,4688,system,,seclogs1st.evtx,NORMAL
2026-03-11 07:31:00.255257+00:00,Security,4688,system,,seclogs1st.evtx,NORMAL
2026-03-11 07:31:00.344000+00:00,Security,4688,system,,seclogs1st.evtx,NORMAL
2026-03-11 07:31:00.624252+00:00,Security,4688,system,,seclogs1st.evtx,NORMAL
2026-03-11 07:31:00.634775+00:00,Security,4688,system,,seclogs1st.evtx,NORMAL
2026-03-11 07:31:00.643957+00:00,Security,4688,system,,seclogs1st.evtx,NORMAL
2026-03-11 07:31:00.702530+00:00,Security,4688,system,,seclogs1st.evtx,NORMAL
2026-03-11 07:31:00.805626+00:00,Security,4688,system,,seclogs1st.evtx,NORMAL
2026-03-11 07:31:00.898287+00:00,Security,4688,system,,seclogs1st.evtx,NORMAL
2026-03-11 07:31:01.010412+00:00,Security,4608,system,,seclogs1st.evtx,NORMAL
2026-03-11 07:31:01.020674+00:00,Security,4624,system,Successful Login,seclogs1st.evtx,NORMAL
2026-03-11 07:31:01.234566+00:00,Security,4902,system,,seclogs1st.evtx,NORMAL
2026-03-11 07:31:01.269104+00:00,Security,4624,system,Successful Login,seclogs1st.evtx,NORMAL
2026-03-11 07:31:01.269138+00:00,Security,4672,system,,seclogs1st.evtx,NORMAL
2026-03-11 07:31:01.270844+00:00,Security,4648,system,,seclogs1st.evtx,NORMAL
2026-03-11 07:31:01.270859+00:00,Security,4624,system,Successful Login,seclogs1st.evtx,NORMAL
2026-03-11 07:31:01.271629+00:00,Security,4648,system,,seclogs1st.evtx,NORMAL
2026-03-11 07:31:01.271646+00:00,Security,4624,system,Successful Login,seclogs1st.evtx,NORMAL
2026-03-11 07:31:01.362446+00:00,Security,4624,system,Successful Login,seclogs1st.evtx,NORMAL
2026-03-11 07:31:01.362455+00:00,Security,4672,system,,seclogs1st.evtx,NORMAL
2026-03-11 07:31:01.451355+00:00,Security,4624,system,Successful Login,seclogs1st.evtx,NORMAL
2026-03-11 07:31:01.451363+00:00,Security,4672,system,,seclogs1st.evtx,NORMAL
2026-03-11 07:31:01.619204+00:00,Security,4648,system,,seclogs1st.evtx,NORMAL
2026-03-11 07:31:01.619251+00:00,Security,4624,system,Successful Login,seclogs1st.evtx,NORMAL
2026-03-11 07:31:01.619282+00:00,Security,4624,system,Successful Login,seclogs1st.evtx,NORMAL
2026-03-11 07:31:01.619293+00:00,Security,4672,system,,seclogs1st.evtx,NORMAL
2026-03-11 07:31:01.619297+00:00,Security,4672,system,,seclogs1st.evtx,NORMAL
2026-03-11 07:31:01.717531+00:00,Security,4624,system,Successful Login,seclogs1st.evtx,NORMAL
2026-03-11 07:31:01.717535+00:00,Security,4672,system,,seclogs1st.evtx,NORMAL
2026-03-11 07:31:01.735186+00:00,Security,4624,system,Successful Login,seclogs1st.evtx,NORMAL
2026-03-11 07:31:01.735229+00:00,Security,4672,system,,seclogs1st.evtx,NORMAL
2026-03-11 07:31:01.855812+00:00,Security,4624,system,Successful Login,seclogs1st.evtx,NORMAL
2026-03-11 07:31:01.855825+00:00,Security,4672,system,,seclogs1st.evtx,NORMAL
2026-03-11 07:31:02.160488+00:00,Security,4624,system,Successful Login,seclogs1st.evtx,NORMAL
2026-03-11 07:31:02.160498+00:00,Security,4672,system,,seclogs1st.evtx,NORMAL
2026-03-11 07:31:02.169455+00:00,Security,4624,system,Successful Login,seclogs1st.evtx,NORMAL
2026-03-11 07:31:02.169464+00:00,Security,4672,system,,seclogs1st.evtx,NORMAL
2026-03-11 07:31:02.206442+00:00,Security,4624,system,Successful Login,seclogs1st.evtx,NORMAL
2026-03-11 07:31:02.206451+00:00,Security,4672,system,,seclogs1st.evtx,NORMAL
2026-03-11 07:31:02.351250+00:00,Security,4624,system,Successful Login,seclogs1st.evtx,NORMAL
2026-03-11 07:31:02.351257+00:00,Security,4672,system,,seclogs1st.evtx,NORMAL
2026-03-11 07:31:02.432077+00:00,Security,5033,system,,seclogs1st.evtx,NORMAL
2026-03-11 07:31:02.797831+00:00,Security,4624,system,Successful Login,seclogs1st.evtx,NORMAL
2026-03-11 07:31:02.797846+00:00,Security,4672,system,,seclogs1st.evtx,NORMAL
2026-03-11 07:31:02.831532+00:00,Security,4624,system,Successful Login,seclogs1st.evtx,NORMAL
2026-03-11 07:31:02.831541+00:00,Security,4672,system,,seclogs1st.evtx,NORMAL
2026-03-11 07:31:02.844568+00:00,Security,4624,system,Successful Login,seclogs1st.evtx,NORMAL
2026-03-11 07:31:02.844574+00:00,Security,4672,system,,seclogs1st.evtx,NORMAL
2026-03-11 07:31:02.857834+00:00,Security,4624,system,Successful Login,seclogs1st.evtx,NORMAL
2026-03-11 07:31:02.857861+00:00,Security,4672,system,,seclogs1st.evtx,NORMAL
2026-03-11 07:31:02.877323+00:00,Security,4624,system,Successful Login,seclogs1st.evtx,NORMAL
2026-03-11 07:31:02.877333+00:00,Security,4672,system,,seclogs1st.evtx,NORMAL
2026-03-11 07:31:02.897243+00:00,Security,4624,system,Successful Login,seclogs1st.evtx,NORMAL
2026-03-11 07:31:02.897253+00:00,Security,4672,system,,seclogs1st.evtx,NORMAL
2026-03-11 07:31:02.912563+00:00,Security,4624,system,Successful Login,seclogs1st.evtx,NORMAL
2026-03-11 07:31:02.912573+00:00,Security,4672,system,,seclogs1st.evtx,NORMAL
2026-03-11 07:31:02.962095+00:00,Security,4624,system,Successful Login,seclogs1st.evtx,NORMAL
2026-03-11 07:31:02.962103+00:00,Security,4672,system,,seclogs1st.evtx,NORMAL
2026-03-11 07:31:02.965115+00:00,Security,4799,system,,seclogs1st.evtx,NORMAL
2026-03-11 07:31:02.966269+00:00,Security,4799,system,,seclogs1st.evtx,NORMAL
2026-03-11 07:31:02.976643+00:00,Security,4624,system,Successful Login,seclogs1st.evtx,NORMAL
2026-03-11 07:31:02.976650+00:00,Security,4672,system,,seclogs1st.evtx,NORMAL
2026-03-11 07:31:03.127823+00:00,Security,4624,system,Successful Login,seclogs1st.evtx,NORMAL
2026-03-11 07:31:03.127836+00:00,Security,4672,system,,seclogs1st.evtx,NORMAL
2026-03-11 07:31:04.469965+00:00,Security,5024,system,,seclogs1st.evtx,NORMAL
2026-03-11 07:31:08.392670+00:00,Security,4798,system,,seclogs1st.evtx,NORMAL
2026-03-11 07:31:32.432732+00:00,Security,4799,system,,seclogs1st.evtx,NORMAL
2026-03-11 07:31:32.434902+00:00,Security,4799,system,,seclogs1st.evtx,NORMAL
2026-03-11 07:31:33.930260+00:00,Security,4624,system,Successful Login,seclogs1st.evtx,NORMAL
2026-03-11 07:31:33.930294+00:00,Security,4672,system,,seclogs1st.evtx,NORMAL
2026-03-11 07:31:34.184248+00:00,Security,5379,system,,seclogs1st.evtx,NORMAL
2026-03-11 07:31:34.186054+00:00,Security,5379,system,,seclogs1st.evtx,NORMAL
2026-03-11 07:31:34.186344+00:00,Security,5379,system,,seclogs1st.evtx,NORMAL
2026-03-11 07:31:34.199654+00:00,Security,5379,system,,seclogs1st.evtx,NORMAL
2026-03-11 07:31:34.200087+00:00,Security,5379,system,,seclogs1st.evtx,NORMAL
2026-03-11 07:31:34.201895+00:00,Security,5379,system,,seclogs1st.evtx,NORMAL
2026-03-11 07:31:35.196766+00:00,Security,5379,system,,seclogs1st.evtx,NORMAL
2026-03-11 07:31:35.201843+00:00,Security,5379,system,,seclogs1st.evtx,NORMAL
2026-03-11 07:31:35.261175+00:00,Security,5379,system,,seclogs1st.evtx,NORMAL
2026-03-11 07:31:35.261600+00:00,Security,5379,system,,seclogs1st.evtx,NORMAL
2026-03-11 07:31:35.347227+00:00,Security,4625,system,Failed Login,seclogs1st.evtx,HIGH
2026-03-11 07:31:43.363169+00:00,Security,4625,system,Failed Login,seclogs1st.evtx,HIGH
2026-03-11 07:31:43.866877+00:00,Security,4624,system,Successful Login,seclogs1st.evtx,NORMAL
2026-03-11 07:31:43.866899+00:00,Security,4672,system,,seclogs1st.evtx,NORMAL
2026-03-11 07:31:51.797583+00:00,Security,4624,system,Successful Login,seclogs1st.evtx,NORMAL
2026-03-11 07:31:51.797619+00:00,Security,4672,system,,seclogs1st.evtx,NORMAL
2026-03-11 07:31:52.086296+00:00,Security,4624,system,Successful Login,seclogs1st.evtx,NORMAL
2026-03-11 07:31:52.086319+00:00,Security,4672,system,,seclogs1st.evtx,NORMAL
2026-03-11 07:31:52.384514+00:00,Security,4624,system,Successful Login,seclogs1st.evtx,NORMAL
2026-03-11 07:31:52.384531+00:00,Security,4672,system,,seclogs1st.evtx,NORMAL
2026-03-11 07:31:52.535637+00:00,Security,4624,system,Successful Login,seclogs1st.evtx,NORMAL
2026-03-11 07:31:52.535658+00:00,Security,4672,system,,seclogs1st.evtx,NORMAL
2026-03-11 07:31:58.560366+00:00,Security,5379,system,,seclogs1st.evtx,NORMAL
2026-03-11 07:31:58.560619+00:00,Security,5379,system,,seclogs1st.evtx,NORMAL
2026-03-11 07:31:58.561901+00:00,Security,5379,system,,seclogs1st.evtx,NORMAL
2026-03-11 07:31:58.950840+00:00,Security,5379,system,,seclogs1st.evtx,NORMAL
2026-03-11 07:31:58.958380+00:00,Security,5379,system,,seclogs1st.evtx,NORMAL
2026-03-11 07:31:58.967112+00:00,Security,5379,system,,seclogs1st.evtx,NORMAL
2026-03-11 07:31:58.967558+00:00,Security,5379,system,,seclogs1st.evtx,NORMAL
2026-03-11 07:32:20.475519+00:00,Security,4625,system,Failed Login,seclogs1st.evtx,HIGH
2026-03-11 07:32:26.793455+00:00,Security,4625,system,Failed Login,seclogs1st.evtx,HIGH
2026-03-11 07:32:29.503767+00:00,Security,5379,system,,seclogs1st.evtx,NORMAL
2026-03-11 07:32:29.503923+00:00,Security,5379,system,,seclogs1st.evtx,NORMAL
2026-03-11 07:32:29.504412+00:00,Security,5379,system,,seclogs1st.evtx,NORMAL
2026-03-11 07:32:29.901503+00:00,Security,5379,system,,seclogs1st.evtx,NORMAL
2026-03-11 07:32:29.902525+00:00,Security,5379,system,,seclogs1st.evtx,NORMAL
2026-03-11 07:32:29.912365+00:00,Security,5379,system,,seclogs1st.evtx,NORMAL
2026-03-11 07:32:29.912529+00:00,Security,5379,system,,seclogs1st.evtx,NORMAL
2026-03-11 07:32:33.239525+00:00,Security,4776,system,,seclogs1st.evtx,NORMAL
2026-03-11 07:32:33.257500+00:00,Security,4648,system,,seclogs1st.evtx,NORMAL
2026-03-11 07:32:33.257519+00:00,Security,4624,system,Successful Login,seclogs1st.evtx,NORMAL
2026-03-11 07:32:33.257526+00:00,Security,4672,system,,seclogs1st.evtx,NORMAL
2026-03-11 07:32:33.538507+00:00,Security,4799,system,,seclogs1st.evtx,NORMAL
2026-03-11 07:32:33.637869+00:00,Security,5379,system,,seclogs1st.evtx,NORMAL
2026-03-11 07:32:33.638340+00:00,Security,5379,system,,seclogs1st.evtx,NORMAL
2026-03-11 07:32:33.638395+00:00,Security,5379,system,,seclogs1st.evtx,NORMAL
2026-03-11 07:32:34.345728+00:00,Security,4624,system,Successful Login,seclogs1st.evtx,NORMAL
2026-03-11 07:32:34.345749+00:00,Security,4672,system,,seclogs1st.evtx,NORMAL
2026-03-11 07:32:34.699671+00:00,Security,4624,system,Successful Login,seclogs1st.evtx,NORMAL
2026-03-11 07:32:34.699678+00:00,Security,4672,system,,seclogs1st.evtx,NORMAL
2026-03-11 07:32:34.709122+00:00,Security,5058,system,,seclogs1st.evtx,NORMAL
2026-03-11 07:32:34.709866+00:00,Security,5061,system,,seclogs1st.evtx,NORMAL
2026-03-11 07:32:34.710348+00:00,Security,5059,system,,seclogs1st.evtx,NORMAL
2026-03-11 07:32:34.986547+00:00,Security,5058,system,,seclogs1st.evtx,NORMAL
2026-03-11 07:32:34.986963+00:00,Security,5061,system,,seclogs1st.evtx,NORMAL
2026-03-11 07:32:34.987324+00:00,Security,5059,system,,seclogs1st.evtx,NORMAL
2026-03-11 07:32:36.788668+00:00,Security,4624,system,Successful Login,seclogs1st.evtx,NORMAL
2026-03-11 07:32:36.788677+00:00,Security,4672,system,,seclogs1st.evtx,NORMAL
2026-03-11 07:32:45.041746+00:00,Security,5379,system,,seclogs1st.evtx,NORMAL
2026-03-11 07:32:45.586946+00:00,Security,4624,system,Successful Login,seclogs1st.evtx,NORMAL
2026-03-11 07:32:45.586960+00:00,Security,4672,system,,seclogs1st.evtx,NORMAL
2026-03-11 07:32:51.814363+00:00,Security,5379,system,,seclogs1st.evtx,NORMAL
2026-03-11 07:32:51.814512+00:00,Security,5379,system,,seclogs1st.evtx,NORMAL
2026-03-11 07:32:51.816353+00:00,Security,5379,system,,seclogs1st.evtx,NORMAL
2026-03-11 07:32:52.400858+00:00,Security,5379,system,,seclogs1st.evtx,NORMAL
2026-03-11 07:32:52.409521+00:00,Security,5379,system,,seclogs1st.evtx,NORMAL
2026-03-11 07:32:52.415335+00:00,Security,5379,system,,seclogs1st.evtx,NORMAL
2026-03-11 07:32:52.415462+00:00,Security,5379,system,,seclogs1st.evtx,NORMAL
2026-03-11 07:33:04.042938+00:00,Security,4624,system,Successful Login,seclogs1st.evtx,NORMAL
2026-03-11 07:33:04.042946+00:00,Security,4672,system,,seclogs1st.evtx,NORMAL
2026-03-11 07:33:06.633177+00:00,Security,4624,system,Successful Login,seclogs1st.evtx,NORMAL
2026-03-11 07:33:06.633184+00:00,Security,4672,system,,seclogs1st.evtx,NORMAL
2026-03-11 07:33:06.766693+00:00,Security,4624,system,Successful Login,seclogs1st.evtx,NORMAL
2026-03-11 07:33:06.766699+00:00,Security,4672,system,,seclogs1st.evtx,NORMAL
2026-03-11 07:33:07.821592+00:00,Security,5379,system,,seclogs1st.evtx,NORMAL
2026-03-11 07:33:07.821678+00:00,Security,5379,system,,seclogs1st.evtx,NORMAL
2026-03-11 07:33:07.822029+00:00,Security,5379,system,,seclogs1st.evtx,NORMAL
2026-03-11 07:33:08.191124+00:00,Security,5379,system,,seclogs1st.evtx,NORMAL
2026-03-11 07:33:08.191675+00:00,Security,5379,system,,seclogs1st.evtx,NORMAL
2026-03-11 07:33:08.195778+00:00,Security,5379,system,,seclogs1st.evtx,NORMAL
2026-03-11 07:33:08.195854+00:00,Security,5379,system,,seclogs1st.evtx,NORMAL
2026-03-11 07:33:15.743000+00:00,Security,4624,system,Successful Login,seclogs1st.evtx,NORMAL
2026-03-11 07:33:15.743008+00:00,Security,4672,system,,seclogs1st.evtx,NORMAL
2026-03-11 07:33:58.581913+00:00,Security,5379,system,,seclogs1st.evtx,NORMAL
2026-03-11 07:33:58.582134+00:00,Security,5379,system,,seclogs1st.evtx,NORMAL
2026-03-11 07:33:58.583998+00:00,Security,5379,system,,seclogs1st.evtx,NORMAL
2026-03-11 07:33:59.548233+00:00,Security,5379,system,,seclogs1st.evtx,NORMAL
2026-03-11 07:33:59.560368+00:00,Security,5379,system,,seclogs1st.evtx,NORMAL
2026-03-11 07:33:59.580875+00:00,Security,5379,system,,seclogs1st.evtx,NORMAL
2026-03-11 07:33:59.581083+00:00,Security,5379,system,,seclogs1st.evtx,NORMAL
2026-03-11 07:35:49.545477+00:00,Security,5379,system,,seclogs1st.evtx,NORMAL
2026-03-11 07:35:49.545547+00:00,Security,5379,system,,seclogs1st.evtx,NORMAL
2026-03-11 07:35:49.546202+00:00,Security,5379,system,,seclogs1st.evtx,NORMAL
2026-03-11 07:35:50.487274+00:00,Security,5379,system,,seclogs1st.evtx,NORMAL
2026-03-11 07:35:50.487675+00:00,Security,5379,system,,seclogs1st.evtx,NORMAL
2026-03-11 07:35:50.561255+00:00,Security,5379,system,,seclogs1st.evtx,NORMAL
2026-03-11 07:35:50.561674+00:00,Security,5379,system,,seclogs1st.evtx,NORMAL
2026-03-11 07:37:05.078072+00:00,Security,4799,system,,seclogs1st.evtx,NORMAL
2026-03-11 07:37:07.190004+00:00,Security,4624,system,Successful Login,seclogs1st.evtx,NORMAL
2026-03-11 07:37:07.190014+00:00,Security,4672,system,,seclogs1st.evtx,NORMAL
2026-03-11 07:37:08.500578+00:00,Security,4624,system,Successful Login,seclogs1st.evtx,NORMAL
2026-03-11 07:37:08.500586+00:00,Security,4672,system,,seclogs1st.evtx,NORMAL
2026-03-11 07:37:08.541025+00:00,Security,4624,system,Successful Login,seclogs1st.evtx,NORMAL
2026-03-11 07:37:08.541033+00:00,Security,4672,system,,seclogs1st.evtx,NORMAL
2026-03-11 07:38:06.411983+00:00,Security,4624,system,Successful Login,seclogs1st.evtx,NORMAL
2026-03-11 07:38:06.411991+00:00,Security,4672,system,,seclogs1st.evtx,NORMAL
2026-03-11 07:39:34.935575+00:00,Security,4907,system,,seclogs1st.evtx,NORMAL
2026-03-11 07:39:36.099215+00:00,Security,4907,system,,seclogs1st.evtx,NORMAL
2026-03-11 07:39:37.368288+00:00,Security,4907,system,,seclogs1st.evtx,NORMAL
2026-03-11 07:39:37.395237+00:00,Security,4907,system,,seclogs1st.evtx,NORMAL
2026-03-11 07:39:37.546312+00:00,Security,4907,system,,seclogs1st.evtx,NORMAL
2026-03-11 07:39:37.558525+00:00,Security,4907,system,,seclogs1st.evtx,NORMAL
2026-03-11 07:39:37.571831+00:00,Security,4907,system,,seclogs1st.evtx,NORMAL
2026-03-11 07:39:37.773596+00:00,Security,4907,system,,seclogs1st.evtx,NORMAL
2026-03-11 07:39:37.817389+00:00,Security,4907,system,,seclogs1st.evtx,NORMAL
2026-03-11 07:39:37.884865+00:00,Security,4907,system,,seclogs1st.evtx,NORMAL
2026-03-11 07:39:37.895138+00:00,Security,4907,system,,seclogs1st.evtx,NORMAL
2026-03-11 07:39:38.268881+00:00,Security,4907,system,,seclogs1st.evtx,NORMAL
2026-03-11 07:39:38.751253+00:00,Security,4907,system,,seclogs1st.evtx,NORMAL
2026-03-11 07:39:38.761620+00:00,Security,4907,system,,seclogs1st.evtx,NORMAL
2026-03-11 07:39:38.799522+00:00,Security,4907,system,,seclogs1st.evtx,NORMAL
2026-03-11 07:39:38.810526+00:00,Security,4907,system,,seclogs1st.evtx,NORMAL
2026-03-11 07:39:38.822184+00:00,Security,4907,system,,seclogs1st.evtx,NORMAL
2026-03-11 07:39:38.837091+00:00,Security,4907,system,,seclogs1st.evtx,NORMAL
2026-03-11 07:39:38.852247+00:00,Security,4907,system,,seclogs1st.evtx,NORMAL
2026-03-11 07:39:38.916170+00:00,Security,4907,system,,seclogs1st.evtx,NORMAL
2026-03-11 07:39:38.934389+00:00,Security,4907,system,,seclogs1st.evtx,NORMAL
2026-03-11 07:39:38.971741+00:00,Security,4907,system,,seclogs1st.evtx,NORMAL
2026-03-11 07:39:39.012980+00:00,Security,4907,system,,seclogs1st.evtx,NORMAL
2026-03-11 07:39:39.025133+00:00,Security,4907,system,,seclogs1st.evtx,NORMAL
2026-03-11 07:39:57.185911+00:00,Security,4907,system,,seclogs1st.evtx,NORMAL
2026-03-11 07:39:57.188114+00:00,Security,4907,system,,seclogs1st.evtx,NORMAL
2026-03-11 07:39:57.189928+00:00,Security,4907,system,,seclogs1st.evtx,NORMAL
2026-03-11 07:39:57.191912+00:00,Security,4907,system,,seclogs1st.evtx,NORMAL
2026-03-11 07:39:57.193752+00:00,Security,4907,system,,seclogs1st.evtx,NORMAL
2026-03-11 07:39:57.195240+00:00,Security,4907,system,,seclogs1st.evtx,NORMAL
2026-03-11 07:39:57.197483+00:00,Security,4907,system,,seclogs1st.evtx,NORMAL
2026-03-11 07:39:57.199890+00:00,Security,4907,system,,seclogs1st.evtx,NORMAL
2026-03-11 07:39:57.201942+00:00,Security,4907,system,,seclogs1st.evtx,NORMAL
2026-03-11 07:39:57.203863+00:00,Security,4907,system,,seclogs1st.evtx,NORMAL
2026-03-11 07:39:57.205873+00:00,Security,4907,system,,seclogs1st.evtx,NORMAL
2026-03-11 07:39:57.208441+00:00,Security,4907,system,,seclogs1st.evtx,NORMAL
2026-03-11 07:39:57.210512+00:00,Security,4907,system,,seclogs1st.evtx,NORMAL
2026-03-11 07:39:57.212795+00:00,Security,4907,system,,seclogs1st.evtx,NORMAL
2026-03-11 07:39:57.215235+00:00,Security,4907,system,,seclogs1st.evtx,NORMAL
2026-03-11 07:39:57.217051+00:00,Security,4907,system,,seclogs1st.evtx,NORMAL
2026-03-11 07:39:57.219528+00:00,Security,4907,system,,seclogs1st.evtx,NORMAL
2026-03-11 07:39:57.221283+00:00,Security,4907,system,,seclogs1st.evtx,NORMAL
2026-03-11 07:39:57.223499+00:00,Security,4907,system,,seclogs1st.evtx,NORMAL
2026-03-11 07:39:57.225786+00:00,Security,4907,system,,seclogs1st.evtx,NORMAL
2026-03-11 07:39:57.227314+00:00,Security,4907,system,,seclogs1st.evtx,NORMAL
2026-03-11 07:39:57.229687+00:00,Security,4907,system,,seclogs1st.evtx,NORMAL
2026-03-11 07:39:57.231577+00:00,Security,4907,system,,seclogs1st.evtx,NORMAL
2026-03-11 07:39:57.233774+00:00,Security,4907,system,,seclogs1st.evtx,NORMAL
2026-03-11 07:39:57.236290+00:00,Security,4907,system,,seclogs1st.evtx,NORMAL
2026-03-11 07:39:57.238733+00:00,Security,4907,system,,seclogs1st.evtx,NORMAL
2026-03-11 07:39:57.240496+00:00,Security,4907,system,,seclogs1st.evtx,NORMAL
2026-03-11 07:39:57.241594+00:00,Security,4907,system,,seclogs1st.evtx,NORMAL
2026-03-11 07:39:57.243399+00:00,Security,4907,system,,seclogs1st.evtx,NORMAL
2026-03-11 07:39:57.244774+00:00,Security,4907,system,,seclogs1st.evtx,NORMAL
2026-03-11 07:39:57.246887+00:00,Security,4907,system,,seclogs1st.evtx,NORMAL
2026-03-11 07:39:57.248253+00:00,Security,4907,system,,seclogs1st.evtx,NORMAL
2026-03-11 07:39:57.250120+00:00,Security,4907,system,,seclogs1st.evtx,NORMAL
2026-03-11 07:39:57.252302+00:00,Security,4907,system,,seclogs1st.evtx,NORMAL
2026-03-11 07:39:57.254555+00:00,Security,4907,system,,seclogs1st.evtx,NORMAL
2026-03-11 07:39:57.255873+00:00,Security,4907,system,,seclogs1st.evtx,NORMAL
2026-03-11 07:39:57.257463+00:00,Security,4907,system,,seclogs1st.evtx,NORMAL
2026-03-11 07:39:57.259512+00:00,Security,4907,system,,seclogs1st.evtx,NORMAL
2026-03-11 07:39:57.261423+00:00,Security,4907,system,,seclogs1st.evtx,NORMAL
2026-03-11 07:39:57.262749+00:00,Security,4907,system,,seclogs1st.evtx,NORMAL
2026-03-11 07:39:57.265020+00:00,Security,4907,system,,seclogs1st.evtx,NORMAL
2026-03-11 07:39:57.266409+00:00,Security,4907,system,,seclogs1st.evtx,NORMAL
2026-03-11 07:39:57.267931+00:00,Security,4907,system,,seclogs1st.evtx,NORMAL
2026-03-11 07:39:57.269678+00:00,Security,4907,system,,seclogs1st.evtx,NORMAL
2026-03-11 07:39:57.271612+00:00,Security,4907,system,,seclogs1st.evtx,NORMAL
2026-03-11 07:39:57.273195+00:00,Security,4907,system,,seclogs1st.evtx,NORMAL
2026-03-11 07:39:57.274652+00:00,Security,4907,system,,seclogs1st.evtx,NORMAL
2026-03-11 07:39:57.276176+00:00,Security,4907,system,,seclogs1st.evtx,NORMAL
2026-03-11 07:39:57.277634+00:00,Security,4907,system,,seclogs1st.evtx,NORMAL
2026-03-11 07:39:57.278816+00:00,Security,4907,system,,seclogs1st.evtx,NORMAL
2026-03-11 07:39:57.280357+00:00,Security,4907,system,,seclogs1st.evtx,NORMAL
2026-03-11 07:39:57.281654+00:00,Security,4907,system,,seclogs1st.evtx,NORMAL
2026-03-11 07:39:57.283493+00:00,Security,4907,system,,seclogs1st.evtx,NORMAL
2026-03-11 07:39:57.285337+00:00,Security,4907,system,,seclogs1st.evtx,NORMAL
2026-03-11 07:39:57.286703+00:00,Security,4907,system,,seclogs1st.evtx,NORMAL
2026-03-11 07:39:57.288599+00:00,Security,4907,system,,seclogs1st.evtx,NORMAL
2026-03-11 07:39:57.292315+00:00,Security,4907,system,,seclogs1st.evtx,NORMAL
2026-03-11 07:39:57.294397+00:00,Security,4907,system,,seclogs1st.evtx,NORMAL
2026-03-11 07:39:57.295681+00:00,Security,4907,system,,seclogs1st.evtx,NORMAL
2026-03-11 07:39:57.297707+00:00,Security,4907,system,,seclogs1st.evtx,NORMAL
2026-03-11 07:39:57.299932+00:00,Security,4907,system,,seclogs1st.evtx,NORMAL
2026-03-11 07:39:57.302557+00:00,Security,4907,system,,seclogs1st.evtx,NORMAL
2026-03-11 07:39:57.304247+00:00,Security,4907,system,,seclogs1st.evtx,NORMAL
2026-03-11 07:39:57.306057+00:00,Security,4907,system,,seclogs1st.evtx,NORMAL
2026-03-11 07:39:57.307571+00:00,Security,4907,system,,seclogs1st.evtx,NORMAL
2026-03-11 07:39:57.308872+00:00,Security,4907,system,,seclogs1st.evtx,NORMAL
2026-03-11 07:39:57.310650+00:00,Security,4907,system,,seclogs1st.evtx,NORMAL
2026-03-11 07:39:57.312000+00:00,Security,4907,system,,seclogs1st.evtx,NORMAL
2026-03-11 07:39:57.313341+00:00,Security,4907,system,,seclogs1st.evtx,NORMAL
2026-03-11 07:39:57.314573+00:00,Security,4907,system,,seclogs1st.evtx,NORMAL
2026-03-11 07:39:57.315990+00:00,Security,4907,system,,seclogs1st.evtx,NORMAL
2026-03-11 07:39:57.317026+00:00,Security,4907,system,,seclogs1st.evtx,NORMAL
2026-03-11 07:39:57.318249+00:00,Security,4907,system,,seclogs1st.evtx,NORMAL
2026-03-11 07:39:57.319334+00:00,Security,4907,system,,seclogs1st.evtx,NORMAL
2026-03-11 07:39:57.320694+00:00,Security,4907,system,,seclogs1st.evtx,NORMAL
2026-03-11 07:39:57.322453+00:00,Security,4907,system,,seclogs1st.evtx,NORMAL
2026-03-11 07:39:57.323986+00:00,Security,4907,system,,seclogs1st.evtx,NORMAL
2026-03-11 07:39:57.326727+00:00,Security,4907,system,,seclogs1st.evtx,NORMAL
2026-03-11 07:39:57.328566+00:00,Security,4907,system,,seclogs1st.evtx,NORMAL
2026-03-11 07:39:57.330259+00:00,Security,4907,system,,seclogs1st.evtx,NORMAL
2026-03-11 07:39:57.331757+00:00,Security,4907,system,,seclogs1st.evtx,NORMAL
2026-03-11 07:39:57.333845+00:00,Security,4907,system,,seclogs1st.evtx,NORMAL
2026-03-11 07:39:57.335138+00:00,Security,4907,system,,seclogs1st.evtx,NORMAL
2026-03-11 07:39:57.336704+00:00,Security,4907,system,,seclogs1st.evtx,NORMAL
2026-03-11 07:39:57.339203+00:00,Security,4907,system,,seclogs1st.evtx,NORMAL
2026-03-11 07:39:57.340868+00:00,Security,4907,system,,seclogs1st.evtx,NORMAL
2026-03-11 07:39:57.342604+00:00,Security,4907,system,,seclogs1st.evtx,NORMAL
2026-03-11 07:39:57.344744+00:00,Security,4907,system,,seclogs1st.evtx,NORMAL
2026-03-11 07:39:57.347179+00:00,Security,4907,system,,seclogs1st.evtx,NORMAL
2026-03-11 07:39:57.349052+00:00,Security,4907,system,,seclogs1st.evtx,NORMAL
2026-03-11 07:39:57.350525+00:00,Security,4907,system,,seclogs1st.evtx,NORMAL
2026-03-11 07:39:57.352171+00:00,Security,4907,system,,seclogs1st.evtx,NORMAL
2026-03-11 07:39:57.354044+00:00,Security,4907,system,,seclogs1st.evtx,NORMAL
2026-03-11 07:39:57.355848+00:00,Security,4907,system,,seclogs1st.evtx,NORMAL
2026-03-11 07:39:57.358479+00:00,Security,4907,system,,seclogs1st.evtx,NORMAL
2026-03-11 07:39:57.361666+00:00,Security,4907,system,,seclogs1st.evtx,NORMAL
2026-03-11 07:39:57.363678+00:00,Security,4907,system,,seclogs1st.evtx,NORMAL
2026-03-11 07:39:57.365711+00:00,Security,4907,system,,seclogs1st.evtx,NORMAL
2026-03-11 07:39:57.367386+00:00,Security,4907,system,,seclogs1st.evtx,NORMAL
2026-03-11 07:39:57.368912+00:00,Security,4907,system,,seclogs1st.evtx,NORMAL
2026-03-11 07:39:57.432257+00:00,Security,4907,system,,seclogs1st.evtx,NORMAL
2026-03-11 07:39:57.458752+00:00,Security,4907,system,,seclogs1st.evtx,NORMAL
2026-03-11 07:39:57.460369+00:00,Security,4907,system,,seclogs1st.evtx,NORMAL
2026-03-11 07:39:57.462494+00:00,Security,4907,system,,seclogs1st.evtx,NORMAL
2026-03-11 07:39:57.463400+00:00,Security,4907,system,,seclogs1st.evtx,NORMAL
2026-03-11 07:39:57.464338+00:00,Security,4907,system,,seclogs1st.evtx,NORMAL
2026-03-11 07:39:57.469372+00:00,Security,4907,system,,seclogs1st.evtx,NORMAL
2026-03-11 07:39:57.482700+00:00,Security,4907,system,,seclogs1st.evtx,NORMAL
2026-03-11 07:39:57.484810+00:00,Security,4907,system,,seclogs1st.evtx,NORMAL
2026-03-11 07:39:57.498158+00:00,Security,4907,system,,seclogs1st.evtx,NORMAL
2026-03-11 07:39:57.499706+00:00,Security,4907,system,,seclogs1st.evtx,NORMAL
2026-03-11 07:39:57.502394+00:00,Security,4907,system,,seclogs1st.evtx,NORMAL
2026-03-11 07:39:57.503437+00:00,Security,4907,system,,seclogs1st.evtx,NORMAL
2026-03-11 07:39:57.504440+00:00,Security,4907,system,,seclogs1st.evtx,NORMAL
2026-03-11 07:39:57.508257+00:00,Security,4907,system,,seclogs1st.evtx,NORMAL
2026-03-11 07:39:57.520555+00:00,Security,4907,system,,seclogs1st.evtx,NORMAL
2026-03-11 07:39:57.521994+00:00,Security,4907,system,,seclogs1st.evtx,NORMAL
2026-03-11 07:39:57.538717+00:00,Security,4907,system,,seclogs1st.evtx,NORMAL
2026-03-11 07:39:57.541397+00:00,Security,4907,system,,seclogs1st.evtx,NORMAL
2026-03-11 07:39:57.560537+00:00,Security,4907,system,,seclogs1st.evtx,NORMAL
2026-03-11 07:39:57.562939+00:00,Security,4907,system,,seclogs1st.evtx,NORMAL
2026-03-11 07:39:57.565569+00:00,Security,4907,system,,seclogs1st.evtx,NORMAL
2026-03-11 07:39:57.568247+00:00,Security,4907,system,,seclogs1st.evtx,NORMAL
2026-03-11 07:39:57.570015+00:00,Security,4907,system,,seclogs1st.evtx,NORMAL
2026-03-11 07:39:57.572445+00:00,Security,4907,system,,seclogs1st.evtx,NORMAL
2026-03-11 07:39:57.574171+00:00,Security,4907,system,,seclogs1st.evtx,NORMAL
2026-03-11 07:39:57.575537+00:00,Security,4907,system,,seclogs1st.evtx,NORMAL
2026-03-11 07:39:57.576820+00:00,Security,4907,system,,seclogs1st.evtx,NORMAL
2026-03-11 07:39:57.577885+00:00,Security,4907,system,,seclogs1st.evtx,NORMAL
2026-03-11 07:39:57.579067+00:00,Security,4907,system,,seclogs1st.evtx,NORMAL
2026-03-11 07:39:57.579990+00:00,Security,4907,system,,seclogs1st.evtx,NORMAL
2026-03-11 07:39:57.582314+00:00,Security,4907,system,,seclogs1st.evtx,NORMAL
2026-03-11 07:39:57.583767+00:00,Security,4907,system,,seclogs1st.evtx,NORMAL
2026-03-11 07:39:57.585155+00:00,Security,4907,system,,seclogs1st.evtx,NORMAL
2026-03-11 07:39:57.586451+00:00,Security,4907,system,,seclogs1st.evtx,NORMAL
2026-03-11 07:39:57.587843+00:00,Security,4907,system,,seclogs1st.evtx,NORMAL
2026-03-11 07:39:57.589325+00:00,Security,4907,system,,seclogs1st.evtx,NORMAL
2026-03-11 07:39:57.590359+00:00,Security,4907,system,,seclogs1st.evtx,NORMAL
2026-03-11 07:39:57.591509+00:00,Security,4907,system,,seclogs1st.evtx,NORMAL
2026-03-11 07:39:57.592932+00:00,Security,4907,system,,seclogs1st.evtx,NORMAL
2026-03-11 07:39:57.593882+00:00,Security,4907,system,,seclogs1st.evtx,NORMAL
2026-03-11 07:39:57.595396+00:00,Security,4907,system,,seclogs1st.evtx,NORMAL
2026-03-11 07:39:57.596733+00:00,Security,4907,system,,seclogs1st.evtx,NORMAL
2026-03-11 07:39:57.598543+00:00,Security,4907,system,,seclogs1st.evtx,NORMAL
2026-03-11 07:39:57.599716+00:00,Security,4907,system,,seclogs1st.evtx,NORMAL
2026-03-11 07:39:57.600876+00:00,Security,4907,system,,seclogs1st.evtx,NORMAL
2026-03-11 07:39:57.622526+00:00,Security,4907,system,,seclogs1st.evtx,NORMAL
2026-03-11 07:39:57.623472+00:00,Security,4907,system,,seclogs1st.evtx,NORMAL
2026-03-11 07:39:57.624649+00:00,Security,4907,system,,seclogs1st.evtx,NORMAL
2026-03-11 07:39:57.625656+00:00,Security,4907,system,,seclogs1st.evtx,NORMAL
2026-03-11 07:39:57.626699+00:00,Security,4907,system,,seclogs1st.evtx,NORMAL
2026-03-11 07:39:57.627605+00:00,Security,4907,system,,seclogs1st.evtx,NORMAL
2026-03-11 07:39:57.628899+00:00,Security,4907,system,,seclogs1st.evtx,NORMAL
2026-03-11 07:39:57.630093+00:00,Security,4907,system,,seclogs1st.evtx,NORMAL
2026-03-11 07:39:57.630846+00:00,Security,4907,system,,seclogs1st.evtx,NORMAL
2026-03-11 07:39:57.631813+00:00,Security,4907,system,,seclogs1st.evtx,NORMAL
2026-03-11 07:39:57.632441+00:00,Security,4907,system,,seclogs1st.evtx,NORMAL
2026-03-11 07:39:57.633261+00:00,Security,4907,system,,seclogs1st.evtx,NORMAL
2026-03-11 07:39:57.633841+00:00,Security,4907,system,,seclogs1st.evtx,NORMAL
2026-03-11 07:39:57.634710+00:00,Security,4907,system,,seclogs1st.evtx,NORMAL
2026-03-11 07:39:57.635521+00:00,Security,4907,system,,seclogs1st.evtx,NORMAL
2026-03-11 07:39:57.636900+00:00,Security,4907,system,,seclogs1st.evtx,NORMAL
2026-03-11 07:39:57.637922+00:00,Security,4907,system,,seclogs1st.evtx,NORMAL
2026-03-11 07:39:57.639231+00:00,Security,4907,system,,seclogs1st.evtx,NORMAL
2026-03-11 07:39:57.640265+00:00,Security,4907,system,,seclogs1st.evtx,NORMAL
2026-03-11 07:39:57.641161+00:00,Security,4907,system,,seclogs1st.evtx,NORMAL
2026-03-11 07:39:57.641798+00:00,Security,4907,system,,seclogs1st.evtx,NORMAL
2026-03-11 07:39:57.642540+00:00,Security,4907,system,,seclogs1st.evtx,NORMAL
2026-03-11 07:39:57.650658+00:00,Security,4907,system,,seclogs1st.evtx,NORMAL
2026-03-11 07:39:57.651411+00:00,Security,4907,system,,seclogs1st.evtx,NORMAL
2026-03-11 07:39:57.652143+00:00,Security,4907,system,,seclogs1st.evtx,NORMAL
2026-03-11 07:39:57.652966+00:00,Security,4907,system,,seclogs1st.evtx,NORMAL
2026-03-11 07:39:57.653730+00:00,Security,4907,system,,seclogs1st.evtx,NORMAL
2026-03-11 07:39:57.654879+00:00,Security,4907,system,,seclogs1st.evtx,NORMAL
2026-03-11 07:39:57.655622+00:00,Security,4907,system,,seclogs1st.evtx,NORMAL
2026-03-11 07:39:57.656385+00:00,Security,4907,system,,seclogs1st.evtx,NORMAL
2026-03-11 07:39:57.657057+00:00,Security,4907,system,,seclogs1st.evtx,NORMAL
2026-03-11 07:39:57.657818+00:00,Security,4907,system,,seclogs1st.evtx,NORMAL
2026-03-11 07:39:57.658506+00:00,Security,4907,system,,seclogs1st.evtx,NORMAL
2026-03-11 07:39:57.659128+00:00,Security,4907,system,,seclogs1st.evtx,NORMAL
2026-03-11 07:39:57.659916+00:00,Security,4907,system,,seclogs1st.evtx,NORMAL
2026-03-11 07:39:57.660532+00:00,Security,4907,system,,seclogs1st.evtx,NORMAL
2026-03-11 07:39:57.661207+00:00,Security,4907,system,,seclogs1st.evtx,NORMAL
2026-03-11 07:39:57.662086+00:00,Security,4907,system,,seclogs1st.evtx,NORMAL
2026-03-11 07:39:57.663635+00:00,Security,4907,system,,seclogs1st.evtx,NORMAL
2026-03-11 07:39:57.665031+00:00,Security,4907,system,,seclogs1st.evtx,NORMAL
2026-03-11 07:39:57.665815+00:00,Security,4907,system,,seclogs1st.evtx,NORMAL
2026-03-11 07:39:57.666689+00:00,Security,4907,system,,seclogs1st.evtx,NORMAL
2026-03-11 07:39:57.667467+00:00,Security,4907,system,,seclogs1st.evtx,NORMAL
2026-03-11 07:39:57.670824+00:00,Security,4907,system,,seclogs1st.evtx,NORMAL
2026-03-11 07:39:57.672380+00:00,Security,4907,system,,seclogs1st.evtx,NORMAL
2026-03-11 07:39:57.673010+00:00,Security,4907,system,,seclogs1st.evtx,NORMAL
2026-03-11 07:39:57.673565+00:00,Security,4907,system,,seclogs1st.evtx,NORMAL
2026-03-11 07:39:57.674927+00:00,Security,4907,system,,seclogs1st.evtx,NORMAL
2026-03-11 07:39:57.675507+00:00,Security,4907,system,,seclogs1st.evtx,NORMAL
2026-03-11 07:39:57.676027+00:00,Security,4907,system,,seclogs1st.evtx,NORMAL
2026-03-11 07:39:57.676624+00:00,Security,4907,system,,seclogs1st.evtx,NORMAL
2026-03-11 07:39:57.677090+00:00,Security,4907,system,,seclogs1st.evtx,NORMAL
2026-03-11 07:39:57.677858+00:00,Security,4907,system,,seclogs1st.evtx,NORMAL
2026-03-11 07:39:57.679064+00:00,Security,4907,system,,seclogs1st.evtx,NORMAL
2026-03-11 07:39:57.679737+00:00,Security,4907,system,,seclogs1st.evtx,NORMAL
2026-03-11 07:39:57.680334+00:00,Security,4907,system,,seclogs1st.evtx,NORMAL
2026-03-11 07:39:57.681202+00:00,Security,4907,system,,seclogs1st.evtx,NORMAL
2026-03-11 07:39:57.681927+00:00,Security,4907,system,,seclogs1st.evtx,NORMAL
2026-03-11 07:39:57.683533+00:00,Security,4907,system,,seclogs1st.evtx,NORMAL
2026-03-11 07:39:57.684370+00:00,Security,4907,system,,seclogs1st.evtx,NORMAL
2026-03-11 07:39:57.685162+00:00,Security,4907,system,,seclogs1st.evtx,NORMAL
2026-03-11 07:39:57.686207+00:00,Security,4907,system,,seclogs1st.evtx,NORMAL
2026-03-11 07:39:57.687180+00:00,Security,4907,system,,seclogs1st.evtx,NORMAL
2026-03-11 07:39:57.688583+00:00,Security,4907,system,,seclogs1st.evtx,NORMAL
2026-03-11 07:39:57.689392+00:00,Security,4907,system,,seclogs1st.evtx,NORMAL
2026-03-11 07:39:57.690142+00:00,Security,4907,system,,seclogs1st.evtx,NORMAL
2026-03-11 07:39:57.690947+00:00,Security,4907,system,,seclogs1st.evtx,NORMAL
2026-03-11 07:39:57.691786+00:00,Security,4907,system,,seclogs1st.evtx,NORMAL
2026-03-11 07:39:57.692833+00:00,Security,4907,system,,seclogs1st.evtx,NORMAL
2026-03-11 07:39:57.693943+00:00,Security,4907,system,,seclogs1st.evtx,NORMAL
2026-03-11 07:39:57.694962+00:00,Security,4907,system,,seclogs1st.evtx,NORMAL
2026-03-11 07:39:57.695976+00:00,Security,4907,system,,seclogs1st.evtx,NORMAL
2026-03-11 07:39:57.696972+00:00,Security,4907,system,,seclogs1st.evtx,NORMAL
2026-03-11 07:39:57.697968+00:00,Security,4907,system,,seclogs1st.evtx,NORMAL
2026-03-11 07:39:57.701124+00:00,Security,4907,system,,seclogs1st.evtx,NORMAL
2026-03-11 07:39:57.701719+00:00,Security,4907,system,,seclogs1st.evtx,NORMAL
2026-03-11 07:39:57.702509+00:00,Security,4907,system,,seclogs1st.evtx,NORMAL
2026-03-11 07:39:57.708153+00:00,Security,4907,system,,seclogs1st.evtx,NORMAL
2026-03-11 07:39:57.709389+00:00,Security,4907,system,,seclogs1st.evtx,NORMAL
2026-03-11 07:39:57.709942+00:00,Security,4907,system,,seclogs1st.evtx,NORMAL
2026-03-11 07:39:57.710575+00:00,Security,4907,system,,seclogs1st.evtx,NORMAL
2026-03-11 07:39:57.711939+00:00,Security,4907,system,,seclogs1st.evtx,NORMAL
2026-03-11 07:39:57.712566+00:00,Security,4907,system,,seclogs1st.evtx,NORMAL
2026-03-11 07:39:57.713282+00:00,Security,4907,system,,seclogs1st.evtx,NORMAL
2026-03-11 07:39:57.715015+00:00,Security,4907,system,,seclogs1st.evtx,NORMAL
2026-03-11 07:39:57.715937+00:00,Security,4907,system,,seclogs1st.evtx,NORMAL
2026-03-11 07:39:57.716805+00:00,Security,4907,system,,seclogs1st.evtx,NORMAL
2026-03-11 07:39:57.717625+00:00,Security,4907,system,,seclogs1st.evtx,NORMAL
2026-03-11 07:39:57.718365+00:00,Security,4907,system,,seclogs1st.evtx,NORMAL
2026-03-11 07:39:57.719011+00:00,Security,4907,system,,seclogs1st.evtx,NORMAL
2026-03-11 07:39:57.719898+00:00,Security,4907,system,,seclogs1st.evtx,NORMAL
2026-03-11 07:39:57.720942+00:00,Security,4907,system,,seclogs1st.evtx,NORMAL
2026-03-11 07:39:57.721613+00:00,Security,4907,system,,seclogs1st.evtx,NORMAL
2026-03-11 07:39:57.722269+00:00,Security,4907,system,,seclogs1st.evtx,NORMAL
2026-03-11 07:39:57.722921+00:00,Security,4907,system,,seclogs1st.evtx,NORMAL
2026-03-11 07:39:57.723545+00:00,Security,4907,system,,seclogs1st.evtx,NORMAL
2026-03-11 07:39:57.724258+00:00,Security,4907,system,,seclogs1st.evtx,NORMAL
2026-03-11 07:39:57.725176+00:00,Security,4907,system,,seclogs1st.evtx,NORMAL
2026-03-11 07:39:57.725983+00:00,Security,4907,system,,seclogs1st.evtx,NORMAL
2026-03-11 07:39:57.726553+00:00,Security,4907,system,,seclogs1st.evtx,NORMAL
2026-03-11 07:39:57.727350+00:00,Security,4907,system,,seclogs1st.evtx,NORMAL
2026-03-11 07:39:57.728031+00:00,Security,4907,system,,seclogs1st.evtx,NORMAL
2026-03-11 07:39:57.728575+00:00,Security,4907,system,,seclogs1st.evtx,NORMAL
2026-03-11 07:39:57.729221+00:00,Security,4907,system,,seclogs1st.evtx,NORMAL
2026-03-11 07:39:57.730135+00:00,Security,4907,system,,seclogs1st.evtx,NORMAL
2026-03-11 07:39:57.731024+00:00,Security,4907,system,,seclogs1st.evtx,NORMAL
2026-03-11 07:39:57.731850+00:00,Security,4907,system,,seclogs1st.evtx,NORMAL
2026-03-11 07:39:57.732735+00:00,Security,4907,system,,seclogs1st.evtx,NORMAL
2026-03-11 07:39:57.733482+00:00,Security,4907,system,,seclogs1st.evtx,NORMAL
2026-03-11 07:39:57.734461+00:00,Security,4907,system,,seclogs1st.evtx,NORMAL
2026-03-11 07:39:57.735443+00:00,Security,4907,system,,seclogs1st.evtx,NORMAL
2026-03-11 07:39:57.736158+00:00,Security,4907,system,,seclogs1st.evtx,NORMAL
2026-03-11 07:39:57.737358+00:00,Security,4907,system,,seclogs1st.evtx,NORMAL
2026-03-11 07:39:57.738091+00:00,Security,4907,system,,seclogs1st.evtx,NORMAL
2026-03-11 07:39:57.738708+00:00,Security,4907,system,,seclogs1st.evtx,NORMAL
2026-03-11 07:39:57.739452+00:00,Security,4907,system,,seclogs1st.evtx,NORMAL
2026-03-11 07:39:57.740095+00:00,Security,4907,system,,seclogs1st.evtx,NORMAL
2026-03-11 07:39:57.740715+00:00,Security,4907,system,,seclogs1st.evtx,NORMAL
2026-03-11 07:39:57.741314+00:00,Security,4907,system,,seclogs1st.evtx,NORMAL
2026-03-11 07:39:57.741919+00:00,Security,4907,system,,seclogs1st.evtx,NORMAL
2026-03-11 07:39:57.742649+00:00,Security,4907,system,,seclogs1st.evtx,NORMAL
2026-03-11 07:39:57.743471+00:00,Security,4907,system,,seclogs1st.evtx,NORMAL
2026-03-11 07:39:57.744089+00:00,Security,4907,system,,seclogs1st.evtx,NORMAL
2026-03-11 07:39:57.744629+00:00,Security,4907,system,,seclogs1st.evtx,NORMAL
2026-03-11 07:39:57.745317+00:00,Security,4907,system,,seclogs1st.evtx,NORMAL
2026-03-11 07:39:57.746031+00:00,Security,4907,system,,seclogs1st.evtx,NORMAL
2026-03-11 07:39:57.746855+00:00,Security,4907,system,,seclogs1st.evtx,NORMAL
2026-03-11 07:39:57.748230+00:00,Security,4907,system,,seclogs1st.evtx,NORMAL
2026-03-11 07:39:57.749224+00:00,Security,4907,system,,seclogs1st.evtx,NORMAL
2026-03-11 07:39:57.749895+00:00,Security,4907,system,,seclogs1st.evtx,NORMAL
2026-03-11 07:39:57.759003+00:00,Security,4907,system,,seclogs1st.evtx,NORMAL
2026-03-11 07:39:57.760941+00:00,Security,4907,system,,seclogs1st.evtx,NORMAL
2026-03-11 07:39:57.761896+00:00,Security,4907,system,,seclogs1st.evtx,NORMAL
2026-03-11 07:39:57.762678+00:00,Security,4907,system,,seclogs1st.evtx,NORMAL
2026-03-11 07:39:57.763479+00:00,Security,4907,system,,seclogs1st.evtx,NORMAL
2026-03-11 07:39:57.764744+00:00,Security,4907,system,,seclogs1st.evtx,NORMAL
2026-03-11 07:39:57.765518+00:00,Security,4907,system,,seclogs1st.evtx,NORMAL
2026-03-11 07:39:57.767023+00:00,Security,4907,system,,seclogs1st.evtx,NORMAL
2026-03-11 07:39:57.769373+00:00,Security,4907,system,,seclogs1st.evtx,NORMAL
2026-03-11 07:39:57.770481+00:00,Security,4907,system,,seclogs1st.evtx,NORMAL
2026-03-11 07:39:57.771154+00:00,Security,4907,system,,seclogs1st.evtx,NORMAL
2026-03-11 07:39:57.772667+00:00,Security,4907,system,,seclogs1st.evtx,NORMAL
2026-03-11 07:39:57.773851+00:00,Security,4907,system,,seclogs1st.evtx,NORMAL
2026-03-11 07:39:57.774899+00:00,Security,4907,system,,seclogs1st.evtx,NORMAL
2026-03-11 07:39:57.776112+00:00,Security,4907,system,,seclogs1st.evtx,NORMAL
2026-03-11 07:39:57.779284+00:00,Security,4907,system,,seclogs1st.evtx,NORMAL
2026-03-11 07:39:57.781227+00:00,Security,4907,system,,seclogs1st.evtx,NORMAL
2026-03-11 07:39:57.782309+00:00,Security,4907,system,,seclogs1st.evtx,NORMAL
2026-03-11 07:39:57.782997+00:00,Security,4907,system,,seclogs1st.evtx,NORMAL
2026-03-11 07:39:57.784168+00:00,Security,4907,system,,seclogs1st.evtx,NORMAL
2026-03-11 07:39:57.785360+00:00,Security,4907,system,,seclogs1st.evtx,NORMAL
2026-03-11 07:39:57.786472+00:00,Security,4907,system,,seclogs1st.evtx,NORMAL
2026-03-11 07:39:57.787079+00:00,Security,4907,system,,seclogs1st.evtx,NORMAL
2026-03-11 07:39:57.788399+00:00,Security,4907,system,,seclogs1st.evtx,NORMAL
2026-03-11 07:39:57.789431+00:00,Security,4907,system,,seclogs1st.evtx,NORMAL
2026-03-11 07:39:57.790277+00:00,Security,4907,system,,seclogs1st.evtx,NORMAL
2026-03-11 07:39:57.791132+00:00,Security,4907,system,,seclogs1st.evtx,NORMAL
2026-03-11 07:39:57.791853+00:00,Security,4907,system,,seclogs1st.evtx,NORMAL
2026-03-11 07:39:57.793238+00:00,Security,4907,system,,seclogs1st.evtx,NORMAL
2026-03-11 07:39:57.794258+00:00,Security,4907,system,,seclogs1st.evtx,NORMAL
2026-03-11 07:39:57.795452+00:00,Security,4907,system,,seclogs1st.evtx,NORMAL
2026-03-11 07:39:57.796818+00:00,Security,4907,system,,seclogs1st.evtx,NORMAL
2026-03-11 07:39:57.797562+00:00,Security,4907,system,,seclogs1st.evtx,NORMAL
2026-03-11 07:39:57.798880+00:00,Security,4907,system,,seclogs1st.evtx,NORMAL
2026-03-11 07:39:57.800951+00:00,Security,4907,system,,seclogs1st.evtx,NORMAL
2026-03-11 07:39:57.801819+00:00,Security,4907,system,,seclogs1st.evtx,NORMAL
2026-03-11 07:39:57.802507+00:00,Security,4907,system,,seclogs1st.evtx,NORMAL
2026-03-11 07:39:57.803679+00:00,Security,4907,system,,seclogs1st.evtx,NORMAL
2026-03-11 07:39:57.804331+00:00,Security,4907,system,,seclogs1st.evtx,NORMAL
2026-03-11 07:39:57.805182+00:00,Security,4907,system,,seclogs1st.evtx,NORMAL
2026-03-11 07:39:57.806242+00:00,Security,4907,system,,seclogs1st.evtx,NORMAL
2026-03-11 07:39:57.807299+00:00,Security,4907,system,,seclogs1st.evtx,NORMAL
2026-03-11 07:39:57.808199+00:00,Security,4907,system,,seclogs1st.evtx,NORMAL
2026-03-11 07:39:57.809931+00:00,Security,4907,system,,seclogs1st.evtx,NORMAL
2026-03-11 07:39:57.812342+00:00,Security,4907,system,,seclogs1st.evtx,NORMAL
2026-03-11 07:39:57.813240+00:00,Security,4907,system,,seclogs1st.evtx,NORMAL
2026-03-11 07:39:57.814548+00:00,Security,4907,system,,seclogs1st.evtx,NORMAL
2026-03-11 07:39:57.816536+00:00,Security,4907,system,,seclogs1st.evtx,NORMAL
2026-03-11 07:39:57.817352+00:00,Security,4907,system,,seclogs1st.evtx,NORMAL
2026-03-11 07:39:57.818113+00:00,Security,4907,system,,seclogs1st.evtx,NORMAL
2026-03-11 07:39:57.819853+00:00,Security,4907,system,,seclogs1st.evtx,NORMAL
2026-03-11 07:39:57.821125+00:00,Security,4907,system,,seclogs1st.evtx,NORMAL
2026-03-11 07:39:57.822285+00:00,Security,4907,system,,seclogs1st.evtx,NORMAL
2026-03-11 07:39:57.824263+00:00,Security,4907,system,,seclogs1st.evtx,NORMAL
2026-03-11 07:39:57.826710+00:00,Security,4907,system,,seclogs1st.evtx,NORMAL
2026-03-11 07:39:57.828403+00:00,Security,4907,system,,seclogs1st.evtx,NORMAL
2026-03-11 07:39:57.829268+00:00,Security,4907,system,,seclogs1st.evtx,NORMAL
2026-03-11 07:39:57.831373+00:00,Security,4907,system,,seclogs1st.evtx,NORMAL
2026-03-11 07:39:57.832197+00:00,Security,4907,system,,seclogs1st.evtx,NORMAL
2026-03-11 07:39:57.833216+00:00,Security,4907,system,,seclogs1st.evtx,NORMAL
2026-03-11 07:39:57.834505+00:00,Security,4907,system,,seclogs1st.evtx,NORMAL
2026-03-11 07:39:57.835825+00:00,Security,4907,system,,seclogs1st.evtx,NORMAL
2026-03-11 07:39:57.837269+00:00,Security,4907,system,,seclogs1st.evtx,NORMAL
2026-03-11 07:39:57.838551+00:00,Security,4907,system,,seclogs1st.evtx,NORMAL
2026-03-11 07:39:57.839415+00:00,Security,4907,system,,seclogs1st.evtx,NORMAL
2026-03-11 07:39:57.840796+00:00,Security,4907,system,,seclogs1st.evtx,NORMAL
2026-03-11 07:39:57.841986+00:00,Security,4907,system,,seclogs1st.evtx,NORMAL
2026-03-11 07:39:57.843027+00:00,Security,4907,system,,seclogs1st.evtx,NORMAL
2026-03-11 07:39:57.843729+00:00,Security,4907,system,,seclogs1st.evtx,NORMAL
2026-03-11 07:39:57.844456+00:00,Security,4907,system,,seclogs1st.evtx,NORMAL
2026-03-11 07:39:57.845257+00:00,Security,4907,system,,seclogs1st.evtx,NORMAL
2026-03-11 07:39:57.847485+00:00,Security,4907,system,,seclogs1st.evtx,NORMAL
2026-03-11 07:39:57.848206+00:00,Security,4907,system,,seclogs1st.evtx,NORMAL
2026-03-11 07:39:57.849442+00:00,Security,4907,system,,seclogs1st.evtx,NORMAL
2026-03-11 07:39:57.850147+00:00,Security,4907,system,,seclogs1st.evtx,NORMAL
2026-03-11 07:39:57.851048+00:00,Security,4907,system,,seclogs1st.evtx,NORMAL
2026-03-11 07:39:57.852032+00:00,Security,4907,system,,seclogs1st.evtx,NORMAL
2026-03-11 07:39:57.852819+00:00,Security,4907,system,,seclogs1st.evtx,NORMAL
2026-03-11 07:39:57.854198+00:00,Security,4907,system,,seclogs1st.evtx,NORMAL
2026-03-11 07:39:57.855194+00:00,Security,4907,system,,seclogs1st.evtx,NORMAL
2026-03-11 07:39:57.856106+00:00,Security,4907,system,,seclogs1st.evtx,NORMAL
2026-03-11 07:39:57.856930+00:00,Security,4907,system,,seclogs1st.evtx,NORMAL
2026-03-11 07:39:57.857977+00:00,Security,4907,system,,seclogs1st.evtx,NORMAL
2026-03-11 07:39:57.858931+00:00,Security,4907,system,,seclogs1st.evtx,NORMAL
2026-03-11 07:39:57.859774+00:00,Security,4907,system,,seclogs1st.evtx,NORMAL
2026-03-11 07:39:57.860640+00:00,Security,4907,system,,seclogs1st.evtx,NORMAL
2026-03-11 07:39:57.862181+00:00,Security,4907,system,,seclogs1st.evtx,NORMAL
2026-03-11 07:39:57.863348+00:00,Security,4907,system,,seclogs1st.evtx,NORMAL
2026-03-11 07:39:57.864447+00:00,Security,4907,system,,seclogs1st.evtx,NORMAL
2026-03-11 07:39:57.865717+00:00,Security,4907,system,,seclogs1st.evtx,NORMAL
2026-03-11 07:39:57.866894+00:00,Security,4907,system,,seclogs1st.evtx,NORMAL
2026-03-11 07:39:57.867615+00:00,Security,4907,system,,seclogs1st.evtx,NORMAL
2026-03-11 07:39:57.868490+00:00,Security,4907,system,,seclogs1st.evtx,NORMAL
2026-03-11 07:39:57.869543+00:00,Security,4907,system,,seclogs1st.evtx,NORMAL
2026-03-11 07:39:57.870453+00:00,Security,4907,system,,seclogs1st.evtx,NORMAL
2026-03-11 07:39:57.871447+00:00,Security,4907,system,,seclogs1st.evtx,NORMAL
2026-03-11 07:39:57.873014+00:00,Security,4907,system,,seclogs1st.evtx,NORMAL
2026-03-11 07:39:57.873707+00:00,Security,4907,system,,seclogs1st.evtx,NORMAL
2026-03-11 07:39:57.874413+00:00,Security,4907,system,,seclogs1st.evtx,NORMAL
2026-03-11 07:39:57.875149+00:00,Security,4907,system,,seclogs1st.evtx,NORMAL
2026-03-11 07:39:57.875862+00:00,Security,4907,system,,seclogs1st.evtx,NORMAL
2026-03-11 07:39:57.876541+00:00,Security,4907,system,,seclogs1st.evtx,NORMAL
2026-03-11 07:39:57.877911+00:00,Security,4907,system,,seclogs1st.evtx,NORMAL
2026-03-11 07:39:57.878716+00:00,Security,4907,system,,seclogs1st.evtx,NORMAL
2026-03-11 07:39:57.879425+00:00,Security,4907,system,,seclogs1st.evtx,NORMAL
2026-03-11 07:39:57.880705+00:00,Security,4907,system,,seclogs1st.evtx,NORMAL
2026-03-11 07:39:57.881832+00:00,Security,4907,system,,seclogs1st.evtx,NORMAL
2026-03-11 07:39:57.882587+00:00,Security,4907,system,,seclogs1st.evtx,NORMAL
2026-03-11 07:39:57.883501+00:00,Security,4907,system,,seclogs1st.evtx,NORMAL
2026-03-11 07:39:57.884405+00:00,Security,4907,system,,seclogs1st.evtx,NORMAL
2026-03-11 07:39:57.886152+00:00,Security,4907,system,,seclogs1st.evtx,NORMAL
2026-03-11 07:39:57.886946+00:00,Security,4907,system,,seclogs1st.evtx,NORMAL
2026-03-11 07:39:57.887791+00:00,Security,4907,system,,seclogs1st.evtx,NORMAL
2026-03-11 07:39:57.888994+00:00,Security,4907,system,,seclogs1st.evtx,NORMAL
2026-03-11 07:39:57.891075+00:00,Security,4907,system,,seclogs1st.evtx,NORMAL
2026-03-11 07:39:57.893719+00:00,Security,4907,system,,seclogs1st.evtx,NORMAL
2026-03-11 07:39:57.894453+00:00,Security,4907,system,,seclogs1st.evtx,NORMAL
2026-03-11 07:39:57.895962+00:00,Security,4907,system,,seclogs1st.evtx,NORMAL
2026-03-11 07:39:57.896479+00:00,Security,4907,system,,seclogs1st.evtx,NORMAL
2026-03-11 07:39:57.897039+00:00,Security,4907,system,,seclogs1st.evtx,NORMAL
2026-03-11 07:39:57.897558+00:00,Security,4907,system,,seclogs1st.evtx,NORMAL
2026-03-11 07:39:57.898127+00:00,Security,4907,system,,seclogs1st.evtx,NORMAL
2026-03-11 07:39:57.898689+00:00,Security,4907,system,,seclogs1st.evtx,NORMAL
2026-03-11 07:39:57.899446+00:00,Security,4907,system,,seclogs1st.evtx,NORMAL
2026-03-11 07:39:57.900211+00:00,Security,4907,system,,seclogs1st.evtx,NORMAL
2026-03-11 07:39:57.914209+00:00,Security,4907,system,,seclogs1st.evtx,NORMAL
2026-03-11 07:39:57.914936+00:00,Security,4907,system,,seclogs1st.evtx,NORMAL
2026-03-11 07:39:57.917828+00:00,Security,4907,system,,seclogs1st.evtx,NORMAL
2026-03-11 07:39:57.918411+00:00,Security,4907,system,,seclogs1st.evtx,NORMAL
2026-03-11 07:39:57.918964+00:00,Security,4907,system,,seclogs1st.evtx,NORMAL
2026-03-11 07:39:57.919476+00:00,Security,4907,system,,seclogs1st.evtx,NORMAL
2026-03-11 07:39:57.926138+00:00,Security,4907,system,,seclogs1st.evtx,NORMAL
2026-03-11 07:39:57.926798+00:00,Security,4907,system,,seclogs1st.evtx,NORMAL
2026-03-11 07:39:57.932264+00:00,Security,4907,system,,seclogs1st.evtx,NORMAL
2026-03-11 07:39:57.933918+00:00,Security,4907,system,,seclogs1st.evtx,NORMAL
2026-03-11 07:39:57.934727+00:00,Security,4907,system,,seclogs1st.evtx,NORMAL
2026-03-11 07:39:57.935865+00:00,Security,4907,system,,seclogs1st.evtx,NORMAL
2026-03-11 07:39:57.936563+00:00,Security,4907,system,,seclogs1st.evtx,NORMAL
2026-03-11 07:39:57.937849+00:00,Security,4907,system,,seclogs1st.evtx,NORMAL
2026-03-11 07:39:57.938351+00:00,Security,4907,system,,seclogs1st.evtx,NORMAL
2026-03-11 07:39:57.939219+00:00,Security,4907,system,,seclogs1st.evtx,NORMAL
2026-03-11 07:39:57.940140+00:00,Security,4907,system,,seclogs1st.evtx,NORMAL
2026-03-11 07:39:57.941021+00:00,Security,4907,system,,seclogs1st.evtx,NORMAL
2026-03-11 07:39:57.942772+00:00,Security,4907,system,,seclogs1st.evtx,NORMAL
2026-03-11 07:39:57.943495+00:00,Security,4907,system,,seclogs1st.evtx,NORMAL
2026-03-11 07:39:57.944307+00:00,Security,4907,system,,seclogs1st.evtx,NORMAL
2026-03-11 07:39:57.945108+00:00,Security,4907,system,,seclogs1st.evtx,NORMAL
2026-03-11 07:39:57.946129+00:00,Security,4907,system,,seclogs1st.evtx,NORMAL
2026-03-11 07:39:57.948114+00:00,Security,4907,system,,seclogs1st.evtx,NORMAL
2026-03-11 07:39:57.949306+00:00,Security,4907,system,,seclogs1st.evtx,NORMAL
2026-03-11 07:39:57.950315+00:00,Security,4907,system,,seclogs1st.evtx,NORMAL
2026-03-11 07:39:57.951220+00:00,Security,4907,system,,seclogs1st.evtx,NORMAL
2026-03-11 07:39:57.952013+00:00,Security,4907,system,,seclogs1st.evtx,NORMAL
2026-03-11 07:39:57.953104+00:00,Security,4907,system,,seclogs1st.evtx,NORMAL
2026-03-11 07:39:57.953953+00:00,Security,4907,system,,seclogs1st.evtx,NORMAL
2026-03-11 07:39:57.954660+00:00,Security,4907,system,,seclogs1st.evtx,NORMAL
2026-03-11 07:39:57.955341+00:00,Security,4907,system,,seclogs1st.evtx,NORMAL
2026-03-11 07:39:57.956114+00:00,Security,4907,system,,seclogs1st.evtx,NORMAL
2026-03-11 07:39:57.957043+00:00,Security,4907,system,,seclogs1st.evtx,NORMAL
2026-03-11 07:39:57.957663+00:00,Security,4907,system,,seclogs1st.evtx,NORMAL
2026-03-11 07:39:57.958342+00:00,Security,4907,system,,seclogs1st.evtx,NORMAL
2026-03-11 07:39:57.959011+00:00,Security,4907,system,,seclogs1st.evtx,NORMAL
2026-03-11 07:39:57.959665+00:00,Security,4907,system,,seclogs1st.evtx,NORMAL
2026-03-11 07:39:57.960335+00:00,Security,4907,system,,seclogs1st.evtx,NORMAL
2026-03-11 07:39:57.960930+00:00,Security,4907,system,,seclogs1st.evtx,NORMAL
2026-03-11 07:39:57.961935+00:00,Security,4907,system,,seclogs1st.evtx,NORMAL
2026-03-11 07:39:57.962624+00:00,Security,4907,system,,seclogs1st.evtx,NORMAL
2026-03-11 07:39:57.963285+00:00,Security,4907,system,,seclogs1st.evtx,NORMAL
2026-03-11 07:39:57.963869+00:00,Security,4907,system,,seclogs1st.evtx,NORMAL
2026-03-11 07:39:57.964489+00:00,Security,4907,system,,seclogs1st.evtx,NORMAL
2026-03-11 07:39:57.965517+00:00,Security,4907,system,,seclogs1st.evtx,NORMAL
2026-03-11 07:39:57.966196+00:00,Security,4907,system,,seclogs1st.evtx,NORMAL
2026-03-11 07:39:57.966805+00:00,Security,4907,system,,seclogs1st.evtx,NORMAL
2026-03-11 07:39:57.967590+00:00,Security,4907,system,,seclogs1st.evtx,NORMAL
2026-03-11 07:39:57.968237+00:00,Security,4907,system,,seclogs1st.evtx,NORMAL
2026-03-11 07:39:57.968908+00:00,Security,4907,system,,seclogs1st.evtx,NORMAL
2026-03-11 07:39:57.969522+00:00,Security,4907,system,,seclogs1st.evtx,NORMAL
2026-03-11 07:39:57.970152+00:00,Security,4907,system,,seclogs1st.evtx,NORMAL
2026-03-11 07:39:57.970825+00:00,Security,4907,system,,seclogs1st.evtx,NORMAL
2026-03-11 07:39:57.971529+00:00,Security,4907,system,,seclogs1st.evtx,NORMAL
2026-03-11 07:39:57.972221+00:00,Security,4907,system,,seclogs1st.evtx,NORMAL
2026-03-11 07:39:57.972982+00:00,Security,4907,system,,seclogs1st.evtx,NORMAL
2026-03-11 07:39:57.973623+00:00,Security,4907,system,,seclogs1st.evtx,NORMAL
2026-03-11 07:39:57.974161+00:00,Security,4907,system,,seclogs1st.evtx,NORMAL
2026-03-11 07:39:57.975313+00:00,Security,4907,system,,seclogs1st.evtx,NORMAL
2026-03-11 07:39:57.976175+00:00,Security,4907,system,,seclogs1st.evtx,NORMAL
2026-03-11 07:39:57.976765+00:00,Security,4907,system,,seclogs1st.evtx,NORMAL
2026-03-11 07:39:57.977684+00:00,Security,4907,system,,seclogs1st.evtx,NORMAL
2026-03-11 07:39:57.978270+00:00,Security,4907,system,,seclogs1st.evtx,NORMAL
2026-03-11 07:39:57.978821+00:00,Security,4907,system,,seclogs1st.evtx,NORMAL
2026-03-11 07:39:57.979559+00:00,Security,4907,system,,seclogs1st.evtx,NORMAL
2026-03-11 07:39:57.980183+00:00,Security,4907,system,,seclogs1st.evtx,NORMAL
2026-03-11 07:39:57.980768+00:00,Security,4907,system,,seclogs1st.evtx,NORMAL
2026-03-11 07:39:57.981312+00:00,Security,4907,system,,seclogs1st.evtx,NORMAL
2026-03-11 07:39:57.982109+00:00,Security,4907,system,,seclogs1st.evtx,NORMAL
2026-03-11 07:39:57.982761+00:00,Security,4907,system,,seclogs1st.evtx,NORMAL
2026-03-11 07:39:57.983318+00:00,Security,4907,system,,seclogs1st.evtx,NORMAL
2026-03-11 07:39:57.987854+00:00,Security,4907,system,,seclogs1st.evtx,NORMAL
2026-03-11 07:39:57.988657+00:00,Security,4907,system,,seclogs1st.evtx,NORMAL
2026-03-11 07:39:57.989382+00:00,Security,4907,system,,seclogs1st.evtx,NORMAL
2026-03-11 07:39:57.991346+00:00,Security,4907,system,,seclogs1st.evtx,NORMAL
2026-03-11 07:39:57.997585+00:00,Security,4907,system,,seclogs1st.evtx,NORMAL
2026-03-11 07:39:57.999445+00:00,Security,4907,system,,seclogs1st.evtx,NORMAL
2026-03-11 07:39:58.000971+00:00,Security,4907,system,,seclogs1st.evtx,NORMAL
2026-03-11 07:39:58.002533+00:00,Security,4907,system,,seclogs1st.evtx,NORMAL
2026-03-11 07:39:58.003429+00:00,Security,4907,system,,seclogs1st.evtx,NORMAL
2026-03-11 07:39:58.004055+00:00,Security,4907,system,,seclogs1st.evtx,NORMAL
2026-03-11 07:39:58.005316+00:00,Security,4907,system,,seclogs1st.evtx,NORMAL
2026-03-11 07:39:58.006002+00:00,Security,4907,system,,seclogs1st.evtx,NORMAL
2026-03-11 07:39:58.006840+00:00,Security,4907,system,,seclogs1st.evtx,NORMAL
2026-03-11 07:39:58.007925+00:00,Security,4907,system,,seclogs1st.evtx,NORMAL
2026-03-11 07:39:58.009071+00:00,Security,4907,system,,seclogs1st.evtx,NORMAL
2026-03-11 07:39:58.010298+00:00,Security,4907,system,,seclogs1st.evtx,NORMAL
2026-03-11 07:39:58.011320+00:00,Security,4907,system,,seclogs1st.evtx,NORMAL
2026-03-11 07:39:58.012026+00:00,Security,4907,system,,seclogs1st.evtx,NORMAL
2026-03-11 07:39:58.012741+00:00,Security,4907,system,,seclogs1st.evtx,NORMAL
2026-03-11 07:39:58.013454+00:00,Security,4907,system,,seclogs1st.evtx,NORMAL
2026-03-11 07:39:58.014093+00:00,Security,4907,system,,seclogs1st.evtx,NORMAL
2026-03-11 07:39:58.015421+00:00,Security,4907,system,,seclogs1st.evtx,NORMAL
2026-03-11 07:39:58.016062+00:00,Security,4907,system,,seclogs1st.evtx,NORMAL
2026-03-11 07:39:58.016960+00:00,Security,4907,system,,seclogs1st.evtx,NORMAL
2026-03-11 07:39:58.017586+00:00,Security,4907,system,,seclogs1st.evtx,NORMAL
2026-03-11 07:39:58.018394+00:00,Security,4907,system,,seclogs1st.evtx,NORMAL
2026-03-11 07:39:58.019358+00:00,Security,4907,system,,seclogs1st.evtx,NORMAL
2026-03-11 07:39:58.020195+00:00,Security,4907,system,,seclogs1st.evtx,NORMAL
2026-03-11 07:39:58.020981+00:00,Security,4907,system,,seclogs1st.evtx,NORMAL
2026-03-11 07:39:58.021746+00:00,Security,4907,system,,seclogs1st.evtx,NORMAL
2026-03-11 07:39:58.022486+00:00,Security,4907,system,,seclogs1st.evtx,NORMAL
2026-03-11 07:39:58.023195+00:00,Security,4907,system,,seclogs1st.evtx,NORMAL
2026-03-11 07:39:58.024265+00:00,Security,4907,system,,seclogs1st.evtx,NORMAL
2026-03-11 07:39:58.024958+00:00,Security,4907,system,,seclogs1st.evtx,NORMAL
2026-03-11 07:39:58.025669+00:00,Security,4907,system,,seclogs1st.evtx,NORMAL
2026-03-11 07:39:58.026443+00:00,Security,4907,system,,seclogs1st.evtx,NORMAL
2026-03-11 07:39:58.027584+00:00,Security,4907,system,,seclogs1st.evtx,NORMAL
2026-03-11 07:39:58.028517+00:00,Security,4907,system,,seclogs1st.evtx,NORMAL
2026-03-11 07:39:58.029434+00:00,Security,4907,system,,seclogs1st.evtx,NORMAL
2026-03-11 07:39:58.030449+00:00,Security,4907,system,,seclogs1st.evtx,NORMAL
2026-03-11 07:39:58.031628+00:00,Security,4907,system,,seclogs1st.evtx,NORMAL
2026-03-11 07:39:58.032454+00:00,Security,4907,system,,seclogs1st.evtx,NORMAL
2026-03-11 07:39:58.033133+00:00,Security,4907,system,,seclogs1st.evtx,NORMAL
2026-03-11 07:39:58.033813+00:00,Security,4907,system,,seclogs1st.evtx,NORMAL
2026-03-11 07:39:58.034519+00:00,Security,4907,system,,seclogs1st.evtx,NORMAL
2026-03-11 07:39:58.035238+00:00,Security,4907,system,,seclogs1st.evtx,NORMAL
2026-03-11 07:39:58.036638+00:00,Security,4907,system,,seclogs1st.evtx,NORMAL
2026-03-11 07:39:58.037529+00:00,Security,4907,system,,seclogs1st.evtx,NORMAL
2026-03-11 07:39:58.038372+00:00,Security,4907,system,,seclogs1st.evtx,NORMAL
2026-03-11 07:39:58.039244+00:00,Security,4907,system,,seclogs1st.evtx,NORMAL
2026-03-11 07:39:58.040245+00:00,Security,4907,system,,seclogs1st.evtx,NORMAL
2026-03-11 07:39:58.041458+00:00,Security,4907,system,,seclogs1st.evtx,NORMAL
2026-03-11 07:39:58.042713+00:00,Security,4907,system,,seclogs1st.evtx,NORMAL
2026-03-11 07:39:58.043344+00:00,Security,4907,system,,seclogs1st.evtx,NORMAL
2026-03-11 07:39:58.044069+00:00,Security,4907,system,,seclogs1st.evtx,NORMAL
2026-03-11 07:39:58.045300+00:00,Security,4907,system,,seclogs1st.evtx,NORMAL
2026-03-11 07:39:58.046274+00:00,Security,4907,system,,seclogs1st.evtx,NORMAL
2026-03-11 07:39:58.047007+00:00,Security,4907,system,,seclogs1st.evtx,NORMAL
2026-03-11 07:39:58.047655+00:00,Security,4907,system,,seclogs1st.evtx,NORMAL
2026-03-11 07:39:58.048565+00:00,Security,4907,system,,seclogs1st.evtx,NORMAL
2026-03-11 07:39:58.050327+00:00,Security,4907,system,,seclogs1st.evtx,NORMAL
2026-03-11 07:39:58.051308+00:00,Security,4907,system,,seclogs1st.evtx,NORMAL
2026-03-11 07:39:58.052204+00:00,Security,4907,system,,seclogs1st.evtx,NORMAL
2026-03-11 07:39:58.053358+00:00,Security,4907,system,,seclogs1st.evtx,NORMAL
2026-03-11 07:39:58.055380+00:00,Security,4907,system,,seclogs1st.evtx,NORMAL
2026-03-11 07:39:58.056843+00:00,Security,4907,system,,seclogs1st.evtx,NORMAL
2026-03-11 07:39:58.057487+00:00,Security,4907,system,,seclogs1st.evtx,NORMAL
2026-03-11 07:39:58.058048+00:00,Security,4907,system,,seclogs1st.evtx,NORMAL
2026-03-11 07:39:58.060038+00:00,Security,4907,system,,seclogs1st.evtx,NORMAL
2026-03-11 07:39:58.060680+00:00,Security,4907,system,,seclogs1st.evtx,NORMAL
2026-03-11 07:39:58.061699+00:00,Security,4907,system,,seclogs1st.evtx,NORMAL
2026-03-11 07:39:58.062450+00:00,Security,4907,system,,seclogs1st.evtx,NORMAL
2026-03-11 07:39:58.063185+00:00,Security,4907,system,,seclogs1st.evtx,NORMAL
2026-03-11 07:39:58.063829+00:00,Security,4907,system,,seclogs1st.evtx,NORMAL
2026-03-11 07:39:58.064505+00:00,Security,4907,system,,seclogs1st.evtx,NORMAL
2026-03-11 07:39:58.065554+00:00,Security,4907,system,,seclogs1st.evtx,NORMAL
2026-03-11 07:39:58.066248+00:00,Security,4907,system,,seclogs1st.evtx,NORMAL
2026-03-11 07:39:58.066891+00:00,Security,4907,system,,seclogs1st.evtx,NORMAL
2026-03-11 07:39:58.067514+00:00,Security,4907,system,,seclogs1st.evtx,NORMAL
2026-03-11 07:39:58.068205+00:00,Security,4907,system,,seclogs1st.evtx,NORMAL
2026-03-11 07:39:58.068975+00:00,Security,4907,system,,seclogs1st.evtx,NORMAL
2026-03-11 07:39:58.069677+00:00,Security,4907,system,,seclogs1st.evtx,NORMAL
2026-03-11 07:39:58.070385+00:00,Security,4907,system,,seclogs1st.evtx,NORMAL
2026-03-11 07:39:58.071383+00:00,Security,4907,system,,seclogs1st.evtx,NORMAL
2026-03-11 07:39:58.072554+00:00,Security,4907,system,,seclogs1st.evtx,NORMAL
2026-03-11 07:39:58.073627+00:00,Security,4907,system,,seclogs1st.evtx,NORMAL
2026-03-11 07:39:58.074995+00:00,Security,4907,system,,seclogs1st.evtx,NORMAL
2026-03-11 07:39:58.075764+00:00,Security,4907,system,,seclogs1st.evtx,NORMAL
2026-03-11 07:39:58.076355+00:00,Security,4907,system,,seclogs1st.evtx,NORMAL
2026-03-11 07:39:58.077053+00:00,Security,4907,system,,seclogs1st.evtx,NORMAL
2026-03-11 07:39:58.077662+00:00,Security,4907,system,,seclogs1st.evtx,NORMAL
2026-03-11 07:39:58.078510+00:00,Security,4907,system,,seclogs1st.evtx,NORMAL
2026-03-11 07:39:58.079344+00:00,Security,4907,system,,seclogs1st.evtx,NORMAL
2026-03-11 07:39:58.080025+00:00,Security,4907,system,,seclogs1st.evtx,NORMAL
2026-03-11 07:39:58.080786+00:00,Security,4907,system,,seclogs1st.evtx,NORMAL
2026-03-11 07:39:58.081436+00:00,Security,4907,system,,seclogs1st.evtx,NORMAL
2026-03-11 07:39:58.082405+00:00,Security,4907,system,,seclogs1st.evtx,NORMAL
2026-03-11 07:39:58.083027+00:00,Security,4907,system,,seclogs1st.evtx,NORMAL
2026-03-11 07:39:58.083904+00:00,Security,4907,system,,seclogs1st.evtx,NORMAL
2026-03-11 07:39:58.084679+00:00,Security,4907,system,,seclogs1st.evtx,NORMAL
2026-03-11 07:39:58.085629+00:00,Security,4907,system,,seclogs1st.evtx,NORMAL
2026-03-11 07:39:58.087637+00:00,Security,4907,system,,seclogs1st.evtx,NORMAL
2026-03-11 07:39:58.088642+00:00,Security,4907,system,,seclogs1st.evtx,NORMAL
2026-03-11 07:39:58.089291+00:00,Security,4907,system,,seclogs1st.evtx,NORMAL
2026-03-11 07:39:58.089952+00:00,Security,4907,system,,seclogs1st.evtx,NORMAL
2026-03-11 07:39:58.090769+00:00,Security,4907,system,,seclogs1st.evtx,NORMAL
2026-03-11 07:39:58.092218+00:00,Security,4907,system,,seclogs1st.evtx,NORMAL
2026-03-11 07:39:58.092985+00:00,Security,4907,system,,seclogs1st.evtx,NORMAL
2026-03-11 07:39:58.094278+00:00,Security,4907,system,,seclogs1st.evtx,NORMAL
2026-03-11 07:39:58.095104+00:00,Security,4907,system,,seclogs1st.evtx,NORMAL
2026-03-11 07:39:58.096249+00:00,Security,4907,system,,seclogs1st.evtx,NORMAL
2026-03-11 07:39:58.096895+00:00,Security,4907,system,,seclogs1st.evtx,NORMAL
2026-03-11 07:39:58.097616+00:00,Security,4907,system,,seclogs1st.evtx,NORMAL
2026-03-11 07:39:58.098360+00:00,Security,4907,system,,seclogs1st.evtx,NORMAL
2026-03-11 07:39:58.099688+00:00,Security,4907,system,,seclogs1st.evtx,NORMAL
2026-03-11 07:39:58.101442+00:00,Security,4907,system,,seclogs1st.evtx,NORMAL
2026-03-11 07:39:58.103027+00:00,Security,4907,system,,seclogs1st.evtx,NORMAL
2026-03-11 07:39:58.103951+00:00,Security,4907,system,,seclogs1st.evtx,NORMAL
2026-03-11 07:39:58.104862+00:00,Security,4907,system,,seclogs1st.evtx,NORMAL
2026-03-11 07:39:58.105705+00:00,Security,4907,system,,seclogs1st.evtx,NORMAL
2026-03-11 07:39:58.107193+00:00,Security,4907,system,,seclogs1st.evtx,NORMAL
2026-03-11 07:39:58.107950+00:00,Security,4907,system,,seclogs1st.evtx,NORMAL
2026-03-11 07:39:58.109097+00:00,Security,4907,system,,seclogs1st.evtx,NORMAL
2026-03-11 07:39:58.110025+00:00,Security,4907,system,,seclogs1st.evtx,NORMAL
2026-03-11 07:39:58.111563+00:00,Security,4907,system,,seclogs1st.evtx,NORMAL
2026-03-11 07:39:58.112478+00:00,Security,4907,system,,seclogs1st.evtx,NORMAL
2026-03-11 07:39:58.113825+00:00,Security,4907,system,,seclogs1st.evtx,NORMAL
2026-03-11 07:39:58.114681+00:00,Security,4907,system,,seclogs1st.evtx,NORMAL
2026-03-11 07:39:58.117767+00:00,Security,4907,system,,seclogs1st.evtx,NORMAL
2026-03-11 07:39:58.118862+00:00,Security,4907,system,,seclogs1st.evtx,NORMAL
2026-03-11 07:39:58.119907+00:00,Security,4907,system,,seclogs1st.evtx,NORMAL
2026-03-11 07:39:58.121050+00:00,Security,4907,system,,seclogs1st.evtx,NORMAL
2026-03-11 07:39:58.122215+00:00,Security,4907,system,,seclogs1st.evtx,NORMAL
2026-03-11 07:39:58.123640+00:00,Security,4907,system,,seclogs1st.evtx,NORMAL
2026-03-11 07:39:58.125246+00:00,Security,4907,system,,seclogs1st.evtx,NORMAL
2026-03-11 07:39:58.126123+00:00,Security,4907,system,,seclogs1st.evtx,NORMAL
2026-03-11 07:39:58.127993+00:00,Security,4907,system,,seclogs1st.evtx,NORMAL
2026-03-11 07:39:58.129326+00:00,Security,4907,system,,seclogs1st.evtx,NORMAL
2026-03-11 07:39:58.130648+00:00,Security,4907,system,,seclogs1st.evtx,NORMAL
2026-03-11 07:39:58.132019+00:00,Security,4907,system,,seclogs1st.evtx,NORMAL
2026-03-11 07:39:58.133286+00:00,Security,4907,system,,seclogs1st.evtx,NORMAL
2026-03-11 07:39:58.135302+00:00,Security,4907,system,,seclogs1st.evtx,NORMAL
2026-03-11 07:39:58.137106+00:00,Security,4907,system,,seclogs1st.evtx,NORMAL
2026-03-11 07:39:58.138010+00:00,Security,4907,system,,seclogs1st.evtx,NORMAL
2026-03-11 07:39:58.139009+00:00,Security,4907,system,,seclogs1st.evtx,NORMAL
2026-03-11 07:39:58.140121+00:00,Security,4907,system,,seclogs1st.evtx,NORMAL
2026-03-11 07:39:58.141119+00:00,Security,4907,system,,seclogs1st.evtx,NORMAL
2026-03-11 07:39:58.142271+00:00,Security,4907,system,,seclogs1st.evtx,NORMAL
2026-03-11 07:39:58.143166+00:00,Security,4907,system,,seclogs1st.evtx,NORMAL
2026-03-11 07:39:58.144186+00:00,Security,4907,system,,seclogs1st.evtx,NORMAL
2026-03-11 07:39:58.145552+00:00,Security,4907,system,,seclogs1st.evtx,NORMAL
2026-03-11 07:39:58.146734+00:00,Security,4907,system,,seclogs1st.evtx,NORMAL
2026-03-11 07:39:58.147657+00:00,Security,4907,system,,seclogs1st.evtx,NORMAL
2026-03-11 07:40:06.152382+00:00,Security,4648,system,,seclogs1st.evtx,NORMAL
2026-03-11 07:40:06.152411+00:00,Security,4624,system,Successful Login,seclogs1st.evtx,NORMAL
2026-03-11 07:40:06.152416+00:00,Security,4672,system,,seclogs1st.evtx,NORMAL
2026-03-11 07:40:06.156914+00:00,Security,4799,system,,seclogs1st.evtx,NORMAL
2026-03-11 07:40:06.157761+00:00,Security,4799,system,,seclogs1st.evtx,NORMAL
2026-03-11 07:40:08.178102+00:00,Security,4799,system,,seclogs1st.evtx,NORMAL
2026-03-11 07:40:15.123720+00:00,Security,4717,system,,seclogs1st.evtx,NORMAL
2026-03-11 07:40:15.129652+00:00,Security,4733,system,,seclogs1st.evtx,NORMAL
2026-03-11 07:40:15.216169+00:00,Security,4624,system,Successful Login,seclogs1st.evtx,NORMAL
2026-03-11 07:40:15.216183+00:00,Security,4672,system,,seclogs1st.evtx,NORMAL
2026-03-11 07:40:15.255930+00:00,Security,4799,system,,seclogs1st.evtx,NORMAL
2026-03-11 07:40:15.257048+00:00,Security,4799,system,,seclogs1st.evtx,NORMAL
2026-03-11 07:40:16.105556+00:00,Security,4624,system,Successful Login,seclogs1st.evtx,NORMAL
2026-03-11 07:40:16.105560+00:00,Security,4672,system,,seclogs1st.evtx,NORMAL
2026-03-11 07:40:16.432718+00:00,Security,5058,system,,seclogs1st.evtx,NORMAL
2026-03-11 07:40:16.433962+00:00,Security,5061,system,,seclogs1st.evtx,NORMAL
2026-03-11 07:40:16.436140+00:00,Security,5058,system,,seclogs1st.evtx,NORMAL
2026-03-11 07:40:16.439150+00:00,Security,5058,system,,seclogs1st.evtx,NORMAL
2026-03-11 07:40:16.439840+00:00,Security,5061,system,,seclogs1st.evtx,NORMAL
2026-03-11 07:40:30.851007+00:00,Security,4624,system,Successful Login,seclogs1st.evtx,NORMAL
2026-03-11 07:40:30.851015+00:00,Security,4672,system,,seclogs1st.evtx,NORMAL
2026-03-11 07:40:30.923687+00:00,Security,4799,system,,seclogs1st.evtx,NORMAL
2026-03-11 07:40:30.925404+00:00,Security,4799,system,,seclogs1st.evtx,NORMAL
2026-03-11 07:40:30.931873+00:00,Security,4624,system,Successful Login,seclogs1st.evtx,NORMAL
2026-03-11 07:40:30.931879+00:00,Security,4672,system,,seclogs1st.evtx,NORMAL
2026-03-11 07:40:30.966171+00:00,Security,4799,system,,seclogs1st.evtx,NORMAL
2026-03-11 07:40:30.966871+00:00,Security,4799,system,,seclogs1st.evtx,NORMAL
2026-03-11 07:40:30.992346+00:00,Security,4799,system,,seclogs1st.evtx,NORMAL
2026-03-11 07:40:30.993372+00:00,Security,4799,system,,seclogs1st.evtx,NORMAL
2026-03-11 07:40:31.001554+00:00,Security,4799,system,,seclogs1st.evtx,NORMAL
2026-03-11 07:40:31.002335+00:00,Security,4799,system,,seclogs1st.evtx,NORMAL
2026-03-11 07:40:58.135437+00:00,Security,4624,system,Successful Login,seclogs1st.evtx,NORMAL
2026-03-11 07:40:58.135456+00:00,Security,4672,system,,seclogs1st.evtx,NORMAL
2026-03-11 07:41:43.040302+00:00,Security,4624,system,Successful Login,seclogs1st.evtx,NORMAL
2026-03-11 07:41:43.040308+00:00,Security,4672,system,,seclogs1st.evtx,NORMAL
2026-03-11 07:41:43.104309+00:00,Security,5379,system,,seclogs1st.evtx,NORMAL
2026-03-11 07:41:43.104679+00:00,Security,5379,system,,seclogs1st.evtx,NORMAL
2026-03-11 07:41:43.104761+00:00,Security,5379,system,,seclogs1st.evtx,NORMAL
2026-03-11 07:41:43.113098+00:00,Security,5379,system,,seclogs1st.evtx,NORMAL
2026-03-11 07:41:43.113724+00:00,Security,5379,system,,seclogs1st.evtx,NORMAL
2026-03-11 07:41:43.113857+00:00,Security,5379,system,,seclogs1st.evtx,NORMAL
2026-03-11 07:41:43.117310+00:00,Security,5379,system,,seclogs1st.evtx,NORMAL
2026-03-11 07:41:43.118200+00:00,Security,5379,system,,seclogs1st.evtx,NORMAL
2026-03-11 07:41:43.118761+00:00,Security,5379,system,,seclogs1st.evtx,NORMAL
2026-03-11 07:41:43.119598+00:00,Security,5379,system,,seclogs1st.evtx,NORMAL
2026-03-11 07:41:43.119732+00:00,Security,5379,system,,seclogs1st.evtx,NORMAL
2026-03-11 07:41:43.120245+00:00,Security,5379,system,,seclogs1st.evtx,NORMAL
2026-03-11 07:41:44.159830+00:00,Security,5379,system,,seclogs1st.evtx,NORMAL
2026-03-11 07:41:44.167244+00:00,Security,5379,system,,seclogs1st.evtx,NORMAL
2026-03-11 07:41:44.170517+00:00,Security,5379,system,,seclogs1st.evtx,NORMAL
2026-03-11 07:41:44.170574+00:00,Security,5379,system,,seclogs1st.evtx,NORMAL
2026-03-11 07:42:45.508902+00:00,Security,4624,system,Successful Login,seclogs1st.evtx,NORMAL
2026-03-11 07:42:45.508919+00:00,Security,4672,system,,seclogs1st.evtx,NORMAL
2026-03-11 07:47:06.725113+00:00,Security,4624,system,Successful Login,seclogs1st.evtx,NORMAL
2026-03-11 07:47:06.725138+00:00,Security,4672,system,,seclogs1st.evtx,NORMAL
2026-03-11 07:47:07.051710+00:00,Security,4907,system,,seclogs1st.evtx,NORMAL
2026-03-11 07:47:07.427622+00:00,Security,4624,system,Successful Login,seclogs1st.evtx,NORMAL
2026-03-11 07:47:07.427629+00:00,Security,4672,system,,seclogs1st.evtx,NORMAL
2026-03-11 07:47:08.729324+00:00,Security,4624,system,Successful Login,seclogs1st.evtx,NORMAL
2026-03-11 07:47:08.729347+00:00,Security,4672,system,,seclogs1st.evtx,NORMAL
2026-03-11 07:47:08.803778+00:00,Security,5379,system,,seclogs1st.evtx,NORMAL
2026-03-11 07:47:08.804045+00:00,Security,5379,system,,seclogs1st.evtx,NORMAL
2026-03-11 07:47:08.804096+00:00,Security,5379,system,,seclogs1st.evtx,NORMAL
2026-03-11 07:47:08.807220+00:00,Security,5379,system,,seclogs1st.evtx,NORMAL
2026-03-11 07:47:08.807419+00:00,Security,5379,system,,seclogs1st.evtx,NORMAL
2026-03-11 07:47:08.807468+00:00,Security,5379,system,,seclogs1st.evtx,NORMAL
2026-03-11 07:47:08.816011+00:00,Security,5379,system,,seclogs1st.evtx,NORMAL
2026-03-11 07:47:08.816359+00:00,Security,5379,system,,seclogs1st.evtx,NORMAL
2026-03-11 07:47:08.816429+00:00,Security,5379,system,,seclogs1st.evtx,NORMAL
2026-03-11 07:47:08.818323+00:00,Security,5379,system,,seclogs1st.evtx,NORMAL
2026-03-11 07:47:08.818375+00:00,Security,5379,system,,seclogs1st.evtx,NORMAL
2026-03-11 07:47:08.818550+00:00,Security,5379,system,,seclogs1st.evtx,NORMAL
2026-03-11 07:47:09.022844+00:00,Security,4624,system,Successful Login,seclogs1st.evtx,NORMAL
2026-03-11 07:47:09.022850+00:00,Security,4672,system,,seclogs1st.evtx,NORMAL
2026-03-11 07:47:09.036749+00:00,Security,4624,system,Successful Login,seclogs1st.evtx,NORMAL
2026-03-11 07:47:09.036757+00:00,Security,4672,system,,seclogs1st.evtx,NORMAL
2026-03-11 07:47:10.040186+00:00,Security,5379,system,,seclogs1st.evtx,NORMAL
2026-03-11 07:47:10.138285+00:00,Security,5379,system,,seclogs1st.evtx,NORMAL
2026-03-11 07:47:10.142168+00:00,Security,5379,system,,seclogs1st.evtx,NORMAL
2026-03-11 07:47:10.142229+00:00,Security,5379,system,,seclogs1st.evtx,NORMAL
2026-03-11 07:47:11.757151+00:00,Security,4624,system,Successful Login,seclogs1st.evtx,NORMAL
2026-03-11 07:47:11.757158+00:00,Security,4672,system,,seclogs1st.evtx,NORMAL
2026-03-11 07:47:19.628754+00:00,Security,4624,system,Successful Login,seclogs1st.evtx,NORMAL
2026-03-11 07:47:19.628767+00:00,Security,4672,system,,seclogs1st.evtx,NORMAL
2026-03-11 07:47:40.092457+00:00,Security,4798,system,,seclogs1st.evtx,NORMAL
2026-03-11 07:47:47.702591+00:00,Security,4798,system,,seclogs1st.evtx,NORMAL
2026-03-11 07:47:47.702799+00:00,Security,4798,system,,seclogs1st.evtx,NORMAL
2026-03-11 07:47:47.702965+00:00,Security,4798,system,,seclogs1st.evtx,NORMAL
2026-03-11 07:47:47.703182+00:00,Security,4798,system,,seclogs1st.evtx,NORMAL
2026-03-11 07:47:47.711323+00:00,Security,4799,system,,seclogs1st.evtx,NORMAL
2026-03-11 07:47:47.734051+00:00,Security,4799,system,,seclogs1st.evtx,NORMAL
2026-03-11 07:47:47.735062+00:00,Security,4799,system,,seclogs1st.evtx,NORMAL
2026-03-11 07:47:49.519949+00:00,Security,4624,system,Successful Login,seclogs1st.evtx,NORMAL
2026-03-11 07:47:49.519958+00:00,Security,4672,system,,seclogs1st.evtx,NORMAL
2026-03-24 04:03:05.146517+00:00,Security,1101,system,,seclogs1st.evtx,NORMAL
2026-03-24 04:03:01.486567+00:00,Security,4688,system,,seclogs1st.evtx,NORMAL
2026-03-24 04:03:01.486753+00:00,Security,4696,system,,seclogs1st.evtx,NORMAL
2026-03-24 04:03:01.486757+00:00,Security,4826,system,,seclogs1st.evtx,NORMAL
2026-03-24 04:03:01.489536+00:00,Security,4688,system,,seclogs1st.evtx,NORMAL
2026-03-24 04:03:01.910147+00:00,Security,4688,system,,seclogs1st.evtx,NORMAL
2026-03-24 04:03:03.558187+00:00,Security,4688,system,,seclogs1st.evtx,NORMAL
2026-03-24 04:03:03.616526+00:00,Security,4688,system,,seclogs1st.evtx,NORMAL
2026-03-24 04:03:03.995079+00:00,Security,4688,system,,seclogs1st.evtx,NORMAL
2026-03-24 04:03:04.000191+00:00,Security,4688,system,,seclogs1st.evtx,NORMAL
2026-03-24 04:03:04.002106+00:00,Security,4688,system,,seclogs1st.evtx,NORMAL
2026-03-24 04:03:04.024118+00:00,Security,4688,system,,seclogs1st.evtx,NORMAL
2026-03-24 04:03:04.103451+00:00,Security,4688,system,,seclogs1st.evtx,NORMAL
2026-03-24 04:03:04.171890+00:00,Security,4688,system,,seclogs1st.evtx,NORMAL
2026-03-24 04:03:04.238998+00:00,Security,4608,system,,seclogs1st.evtx,NORMAL
2026-03-24 04:03:04.245077+00:00,Security,4624,system,Successful Login,seclogs1st.evtx,NORMAL
2026-03-24 04:03:04.461435+00:00,Security,4902,system,,seclogs1st.evtx,NORMAL
2026-03-24 04:03:04.481680+00:00,Security,4624,system,Successful Login,seclogs1st.evtx,NORMAL
2026-03-24 04:03:04.481688+00:00,Security,4672,system,,seclogs1st.evtx,NORMAL
2026-03-24 04:03:04.484055+00:00,Security,4648,system,,seclogs1st.evtx,NORMAL
2026-03-24 04:03:04.484074+00:00,Security,4624,system,Successful Login,seclogs1st.evtx,NORMAL
2026-03-24 04:03:04.484674+00:00,Security,4648,system,,seclogs1st.evtx,NORMAL
2026-03-24 04:03:04.484684+00:00,Security,4624,system,Successful Login,seclogs1st.evtx,NORMAL
2026-03-24 04:03:04.543144+00:00,Security,4624,system,Successful Login,seclogs1st.evtx,NORMAL
2026-03-24 04:03:04.543175+00:00,Security,4672,system,,seclogs1st.evtx,NORMAL
2026-03-24 04:03:04.596663+00:00,Security,4624,system,Successful Login,seclogs1st.evtx,NORMAL
2026-03-24 04:03:04.596670+00:00,Security,4672,system,,seclogs1st.evtx,NORMAL
2026-03-24 04:03:04.692457+00:00,Security,4648,system,,seclogs1st.evtx,NORMAL
2026-03-24 04:03:04.692469+00:00,Security,4624,system,Successful Login,seclogs1st.evtx,NORMAL
2026-03-24 04:03:04.692478+00:00,Security,4624,system,Successful Login,seclogs1st.evtx,NORMAL
2026-03-24 04:03:04.692480+00:00,Security,4672,system,,seclogs1st.evtx,NORMAL
2026-03-24 04:03:04.692482+00:00,Security,4672,system,,seclogs1st.evtx,NORMAL
2026-03-24 04:03:04.722452+00:00,Security,4624,system,Successful Login,seclogs1st.evtx,NORMAL
2026-03-24 04:03:04.722458+00:00,Security,4672,system,,seclogs1st.evtx,NORMAL
2026-03-24 04:03:04.728422+00:00,Security,4624,system,Successful Login,seclogs1st.evtx,NORMAL
2026-03-24 04:03:04.728428+00:00,Security,4672,system,,seclogs1st.evtx,NORMAL
2026-03-24 04:03:04.759007+00:00,Security,4624,system,Successful Login,seclogs1st.evtx,NORMAL
2026-03-24 04:03:04.759014+00:00,Security,4672,system,,seclogs1st.evtx,NORMAL
2026-03-24 04:03:04.842068+00:00,Security,4624,system,Successful Login,seclogs1st.evtx,NORMAL
2026-03-24 04:03:04.842075+00:00,Security,4672,system,,seclogs1st.evtx,NORMAL
2026-03-24 04:03:05.059925+00:00,Security,4624,system,Successful Login,seclogs1st.evtx,NORMAL
2026-03-24 04:03:05.059935+00:00,Security,4672,system,,seclogs1st.evtx,NORMAL
2026-03-24 04:03:05.091509+00:00,Security,4624,system,Successful Login,seclogs1st.evtx,NORMAL
2026-03-24 04:03:05.091515+00:00,Security,4672,system,,seclogs1st.evtx,NORMAL
2026-03-24 04:03:05.267738+00:00,Security,4624,system,Successful Login,seclogs1st.evtx,NORMAL
2026-03-24 04:03:05.267744+00:00,Security,4672,system,,seclogs1st.evtx,NORMAL
2026-03-24 04:03:05.325705+00:00,Security,5033,system,,seclogs1st.evtx,NORMAL
2026-03-24 04:03:05.568779+00:00,Security,4624,system,Successful Login,seclogs1st.evtx,NORMAL
2026-03-24 04:03:05.568785+00:00,Security,4672,system,,seclogs1st.evtx,NORMAL
2026-03-24 04:03:05.584290+00:00,Security,4624,system,Successful Login,seclogs1st.evtx,NORMAL
2026-03-24 04:03:05.584297+00:00,Security,4672,system,,seclogs1st.evtx,NORMAL
2026-03-24 04:03:05.588387+00:00,Security,4624,system,Successful Login,seclogs1st.evtx,NORMAL
2026-03-24 04:03:05.588392+00:00,Security,4672,system,,seclogs1st.evtx,NORMAL
2026-03-24 04:03:05.591230+00:00,Security,4624,system,Successful Login,seclogs1st.evtx,NORMAL
2026-03-24 04:03:05.591236+00:00,Security,4672,system,,seclogs1st.evtx,NORMAL
2026-03-24 04:03:05.609764+00:00,Security,4624,system,Successful Login,seclogs1st.evtx,NORMAL
2026-03-24 04:03:05.609770+00:00,Security,4672,system,,seclogs1st.evtx,NORMAL
2026-03-24 04:03:05.635855+00:00,Security,4624,system,Successful Login,seclogs1st.evtx,NORMAL
2026-03-24 04:03:05.635862+00:00,Security,4672,system,,seclogs1st.evtx,NORMAL
2026-03-24 04:03:05.645533+00:00,Security,4624,system,Successful Login,seclogs1st.evtx,NORMAL
2026-03-24 04:03:05.645542+00:00,Security,4672,system,,seclogs1st.evtx,NORMAL
2026-03-24 04:03:05.672146+00:00,Security,4624,system,Successful Login,seclogs1st.evtx,NORMAL
2026-03-24 04:03:05.672155+00:00,Security,4672,system,,seclogs1st.evtx,NORMAL
2026-03-24 04:03:05.768620+00:00,Security,4624,system,Successful Login,seclogs1st.evtx,NORMAL
2026-03-24 04:03:05.768625+00:00,Security,4672,system,,seclogs1st.evtx,NORMAL
2026-03-24 04:03:05.780539+00:00,Security,4624,system,Successful Login,seclogs1st.evtx,NORMAL
2026-03-24 04:03:05.780548+00:00,Security,4672,system,,seclogs1st.evtx,NORMAL
2026-03-24 04:03:05.787067+00:00,Security,4624,system,Successful Login,seclogs1st.evtx,NORMAL
2026-03-24 04:03:05.787075+00:00,Security,4672,system,,seclogs1st.evtx,NORMAL
2026-03-24 04:03:05.798584+00:00,Security,4799,system,,seclogs1st.evtx,NORMAL
2026-03-24 04:03:05.800690+00:00,Security,4799,system,,seclogs1st.evtx,NORMAL
2026-03-24 04:03:05.817501+00:00,Security,4799,system,,seclogs1st.evtx,NORMAL
2026-03-24 04:03:05.822857+00:00,Security,4799,system,,seclogs1st.evtx,NORMAL
2026-03-24 04:03:05.916300+00:00,Security,4624,system,Successful Login,seclogs1st.evtx,NORMAL
2026-03-24 04:03:05.916307+00:00,Security,4672,system,,seclogs1st.evtx,NORMAL
2026-03-24 04:03:06.344164+00:00,Security,5024,system,,seclogs1st.evtx,NORMAL
2026-03-24 04:03:10.465408+00:00,Security,4799,system,,seclogs1st.evtx,NORMAL
2026-03-24 04:03:10.465740+00:00,Security,4799,system,,seclogs1st.evtx,NORMAL
2026-03-24 04:03:10.565250+00:00,Security,4624,system,Successful Login,seclogs1st.evtx,NORMAL
2026-03-24 04:03:10.565256+00:00,Security,4672,system,,seclogs1st.evtx,NORMAL
2026-03-24 04:03:11.617914+00:00,Security,4624,system,Successful Login,seclogs1st.evtx,NORMAL
2026-03-24 04:03:11.617920+00:00,Security,4672,system,,seclogs1st.evtx,NORMAL
2026-03-24 04:03:11.666952+00:00,Security,5379,system,,seclogs1st.evtx,NORMAL
2026-03-24 04:03:11.667299+00:00,Security,5379,system,,seclogs1st.evtx,NORMAL
2026-03-24 04:03:11.667349+00:00,Security,5379,system,,seclogs1st.evtx,NORMAL
2026-03-24 04:03:11.674461+00:00,Security,5379,system,,seclogs1st.evtx,NORMAL
2026-03-24 04:03:11.674976+00:00,Security,5379,system,,seclogs1st.evtx,NORMAL
2026-03-24 04:03:11.675131+00:00,Security,5379,system,,seclogs1st.evtx,NORMAL
2026-03-24 04:03:11.677143+00:00,Security,5379,system,,seclogs1st.evtx,NORMAL
2026-03-24 04:03:11.677265+00:00,Security,5379,system,,seclogs1st.evtx,NORMAL
2026-03-24 04:03:11.677608+00:00,Security,5379,system,,seclogs1st.evtx,NORMAL
2026-03-24 04:03:12.476814+00:00,Security,5379,system,,seclogs1st.evtx,NORMAL
2026-03-24 04:03:12.479935+00:00,Security,5379,system,,seclogs1st.evtx,NORMAL
2026-03-24 04:03:12.483953+00:00,Security,5379,system,,seclogs1st.evtx,NORMAL
2026-03-24 04:03:12.483997+00:00,Security,5379,system,,seclogs1st.evtx,NORMAL
2026-03-24 04:03:12.764368+00:00,Security,4624,system,Successful Login,seclogs1st.evtx,NORMAL
2026-03-24 04:03:12.764376+00:00,Security,4672,system,,seclogs1st.evtx,NORMAL
2026-03-24 04:03:13.622236+00:00,Security,4798,system,,seclogs1st.evtx,NORMAL
2026-03-24 04:03:15.232729+00:00,Security,4624,system,Successful Login,seclogs1st.evtx,NORMAL
2026-03-24 04:03:15.232735+00:00,Security,4672,system,,seclogs1st.evtx,NORMAL
2026-03-24 04:03:15.312773+00:00,Security,4624,system,Successful Login,seclogs1st.evtx,NORMAL
2026-03-24 04:03:15.312777+00:00,Security,4672,system,,seclogs1st.evtx,NORMAL
2026-03-24 04:03:15.392530+00:00,Security,4624,system,Successful Login,seclogs1st.evtx,NORMAL
2026-03-24 04:03:15.392536+00:00,Security,4672,system,,seclogs1st.evtx,NORMAL
2026-03-24 04:03:15.427282+00:00,Security,4624,system,Successful Login,seclogs1st.evtx,NORMAL
2026-03-24 04:03:15.427288+00:00,Security,4672,system,,seclogs1st.evtx,NORMAL
2026-03-24 04:03:23.999502+00:00,Security,5379,system,,seclogs1st.evtx,NORMAL
2026-03-24 04:03:23.999586+00:00,Security,5379,system,,seclogs1st.evtx,NORMAL
2026-03-24 04:03:23.999998+00:00,Security,5379,system,,seclogs1st.evtx,NORMAL
2026-03-24 04:03:24.550131+00:00,Security,5379,system,,seclogs1st.evtx,NORMAL
2026-03-24 04:03:24.550688+00:00,Security,5379,system,,seclogs1st.evtx,NORMAL
2026-03-24 04:03:24.554665+00:00,Security,5379,system,,seclogs1st.evtx,NORMAL
2026-03-24 04:03:24.554874+00:00,Security,5379,system,,seclogs1st.evtx,NORMAL
2026-03-24 04:03:35.559277+00:00,Security,4776,system,,seclogs1st.evtx,NORMAL
2026-03-24 04:03:35.567823+00:00,Security,4648,system,,seclogs1st.evtx,NORMAL
2026-03-24 04:03:35.567839+00:00,Security,4624,system,Successful Login,seclogs1st.evtx,NORMAL
2026-03-24 04:03:35.567844+00:00,Security,4672,system,,seclogs1st.evtx,NORMAL
2026-03-24 04:03:35.661814+00:00,Security,4799,system,,seclogs1st.evtx,NORMAL
2026-03-24 04:03:35.689234+00:00,Security,5379,system,,seclogs1st.evtx,NORMAL
2026-03-24 04:03:35.689587+00:00,Security,5379,system,,seclogs1st.evtx,NORMAL
2026-03-24 04:03:35.689640+00:00,Security,5379,system,,seclogs1st.evtx,NORMAL
2026-03-24 04:03:35.922476+00:00,Security,4624,system,Successful Login,seclogs1st.evtx,NORMAL
2026-03-24 04:03:35.922482+00:00,Security,4672,system,,seclogs1st.evtx,NORMAL
2026-03-24 04:03:36.077435+00:00,Security,5058,system,,seclogs1st.evtx,NORMAL
2026-03-24 04:03:36.077713+00:00,Security,5061,system,,seclogs1st.evtx,NORMAL
2026-03-24 04:03:36.081959+00:00,Security,5059,system,,seclogs1st.evtx,NORMAL
2026-03-24 04:03:36.140247+00:00,Security,4624,system,Successful Login,seclogs1st.evtx,NORMAL
2026-03-24 04:03:36.140253+00:00,Security,4672,system,,seclogs1st.evtx,NORMAL
2026-03-24 04:03:36.148893+00:00,Security,5058,system,,seclogs1st.evtx,NORMAL
2026-03-24 04:03:36.149164+00:00,Security,5061,system,,seclogs1st.evtx,NORMAL
2026-03-24 04:03:36.149408+00:00,Security,5059,system,,seclogs1st.evtx,NORMAL
2026-03-24 04:03:40.887331+00:00,Security,5379,system,,seclogs1st.evtx,NORMAL
2026-03-24 04:03:41.228432+00:00,Security,4624,system,Successful Login,seclogs1st.evtx,NORMAL
2026-03-24 04:03:41.228436+00:00,Security,4672,system,,seclogs1st.evtx,NORMAL
2026-03-24 04:03:47.953959+00:00,Security,5379,system,,seclogs1st.evtx,NORMAL
2026-03-24 04:03:47.954010+00:00,Security,5379,system,,seclogs1st.evtx,NORMAL
2026-03-24 04:03:47.954565+00:00,Security,5379,system,,seclogs1st.evtx,NORMAL
2026-03-24 04:03:48.592987+00:00,Security,5379,system,,seclogs1st.evtx,NORMAL
2026-03-24 04:03:48.595285+00:00,Security,5379,system,,seclogs1st.evtx,NORMAL
2026-03-24 04:03:48.597235+00:00,Security,5379,system,,seclogs1st.evtx,NORMAL
2026-03-24 04:03:48.597273+00:00,Security,5379,system,,seclogs1st.evtx,NORMAL
2026-03-24 04:04:11.321392+00:00,Security,4624,system,Successful Login,seclogs1st.evtx,NORMAL
2026-03-24 04:04:11.321398+00:00,Security,4672,system,,seclogs1st.evtx,NORMAL
2026-03-24 04:04:12.038128+00:00,Security,5379,system,,seclogs1st.evtx,NORMAL
2026-03-24 04:04:12.038176+00:00,Security,5379,system,,seclogs1st.evtx,NORMAL
2026-03-24 04:04:12.038462+00:00,Security,5379,system,,seclogs1st.evtx,NORMAL
2026-03-24 04:04:12.419329+00:00,Security,5379,system,,seclogs1st.evtx,NORMAL
2026-03-24 04:04:12.419596+00:00,Security,5379,system,,seclogs1st.evtx,NORMAL
2026-03-24 04:04:12.421076+00:00,Security,5379,system,,seclogs1st.evtx,NORMAL
2026-03-24 04:04:12.421112+00:00,Security,5379,system,,seclogs1st.evtx,NORMAL
2026-03-24 04:04:15.165133+00:00,Security,5379,system,,seclogs1st.evtx,NORMAL
2026-03-24 04:04:15.165180+00:00,Security,5379,system,,seclogs1st.evtx,NORMAL
2026-03-24 04:04:15.165403+00:00,Security,5379,system,,seclogs1st.evtx,NORMAL
2026-03-24 04:04:15.507954+00:00,Security,5379,system,,seclogs1st.evtx,NORMAL
2026-03-24 04:04:15.510267+00:00,Security,5379,system,,seclogs1st.evtx,NORMAL
2026-03-24 04:04:15.512371+00:00,Security,5379,system,,seclogs1st.evtx,NORMAL
2026-03-24 04:04:15.512413+00:00,Security,5379,system,,seclogs1st.evtx,NORMAL
2026-03-24 04:05:06.091747+00:00,Security,4624,system,Successful Login,seclogs1st.evtx,NORMAL
2026-03-24 04:05:06.091753+00:00,Security,4672,system,,seclogs1st.evtx,NORMAL
2026-03-24 04:05:12.609739+00:00,Security,4799,system,,seclogs1st.evtx,NORMAL
2026-03-24 04:05:14.205542+00:00,Security,4624,system,Successful Login,seclogs1st.evtx,NORMAL
2026-03-24 04:05:14.205547+00:00,Security,4672,system,,seclogs1st.evtx,NORMAL
2026-03-24 04:05:14.221666+00:00,Security,4624,system,Successful Login,seclogs1st.evtx,NORMAL
2026-03-24 04:05:14.221672+00:00,Security,4672,system,,seclogs1st.evtx,NORMAL
2026-03-24 04:06:24.902178+00:00,Security,5379,system,,seclogs1st.evtx,NORMAL
2026-03-24 04:06:24.903172+00:00,Security,5379,system,,seclogs1st.evtx,NORMAL
2026-03-24 04:06:24.903622+00:00,Security,5379,system,,seclogs1st.evtx,NORMAL
2026-03-24 04:06:25.404680+00:00,Security,5379,system,,seclogs1st.evtx,NORMAL
2026-03-24 04:06:25.405039+00:00,Security,5379,system,,seclogs1st.evtx,NORMAL
2026-03-24 04:06:25.406704+00:00,Security,5379,system,,seclogs1st.evtx,NORMAL
2026-03-24 04:06:25.406776+00:00,Security,5379,system,,seclogs1st.evtx,NORMAL
2026-03-24 04:12:36.623087+00:00,Security,4624,system,Successful Login,seclogs1st.evtx,NORMAL
2026-03-24 04:12:36.623095+00:00,Security,4672,system,,seclogs1st.evtx,NORMAL
2026-03-24 04:12:36.650053+00:00,Security,5379,system,,seclogs1st.evtx,NORMAL
2026-03-24 04:12:36.650227+00:00,Security,5379,system,,seclogs1st.evtx,NORMAL
2026-03-24 04:12:36.650263+00:00,Security,5379,system,,seclogs1st.evtx,NORMAL
2026-03-24 04:12:36.652035+00:00,Security,5379,system,,seclogs1st.evtx,NORMAL
2026-03-24 04:12:36.652088+00:00,Security,5379,system,,seclogs1st.evtx,NORMAL
2026-03-24 04:12:36.652357+00:00,Security,5379,system,,seclogs1st.evtx,NORMAL
2026-03-24 04:12:36.685644+00:00,Security,5379,system,,seclogs1st.evtx,NORMAL
2026-03-24 04:12:36.685785+00:00,Security,5379,system,,seclogs1st.evtx,NORMAL
2026-03-24 04:12:36.685825+00:00,Security,5379,system,,seclogs1st.evtx,NORMAL
2026-03-24 04:12:37.742176+00:00,Security,5379,system,,seclogs1st.evtx,NORMAL
2026-03-24 04:12:37.742889+00:00,Security,5379,system,,seclogs1st.evtx,NORMAL
2026-03-24 04:12:37.745136+00:00,Security,5379,system,,seclogs1st.evtx,NORMAL
2026-03-24 04:12:37.745184+00:00,Security,5379,system,,seclogs1st.evtx,NORMAL
2026-03-24 04:13:31.044752+00:00,Security,4624,system,Successful Login,seclogs1st.evtx,NORMAL
2026-03-24 04:13:31.044762+00:00,Security,4672,system,,seclogs1st.evtx,NORMAL
2026-03-24 04:13:31.282074+00:00,Security,4624,system,Successful Login,seclogs1st.evtx,NORMAL
2026-03-24 04:13:31.282080+00:00,Security,4672,system,,seclogs1st.evtx,NORMAL
2026-03-24 04:13:31.921013+00:00,Security,4624,system,Successful Login,seclogs1st.evtx,NORMAL
2026-03-24 04:13:31.921019+00:00,Security,4672,system,,seclogs1st.evtx,NORMAL
2026-03-24 04:13:32.582781+00:00,Security,4624,system,Successful Login,seclogs1st.evtx,NORMAL
2026-03-24 04:13:32.582787+00:00,Security,4672,system,,seclogs1st.evtx,NORMAL
2026-03-24 04:13:32.882517+00:00,Security,5379,system,,seclogs1st.evtx,NORMAL
2026-03-24 04:13:32.882763+00:00,Security,5379,system,,seclogs1st.evtx,NORMAL
2026-03-24 04:13:32.882851+00:00,Security,5379,system,,seclogs1st.evtx,NORMAL
2026-03-24 04:13:32.884254+00:00,Security,5379,system,,seclogs1st.evtx,NORMAL
2026-03-24 04:13:32.884295+00:00,Security,5379,system,,seclogs1st.evtx,NORMAL
2026-03-24 04:13:32.884459+00:00,Security,5379,system,,seclogs1st.evtx,NORMAL
2026-03-24 04:13:33.751493+00:00,Security,5379,system,,seclogs1st.evtx,NORMAL
2026-03-24 04:13:33.755522+00:00,Security,5379,system,,seclogs1st.evtx,NORMAL
2026-03-24 04:13:33.758650+00:00,Security,5379,system,,seclogs1st.evtx,NORMAL
2026-03-24 04:13:33.758690+00:00,Security,5379,system,,seclogs1st.evtx,NORMAL
2026-03-24 04:13:35.585648+00:00,Security,4624,system,Successful Login,seclogs1st.evtx,NORMAL
2026-03-24 04:13:35.585651+00:00,Security,4672,system,,seclogs1st.evtx,NORMAL
2026-03-24 04:13:37.404314+00:00,Security,4624,system,Successful Login,seclogs1st.evtx,NORMAL
2026-03-24 04:13:37.404322+00:00,Security,4672,system,,seclogs1st.evtx,NORMAL
2026-03-24 04:13:37.550829+00:00,Security,4799,system,,seclogs1st.evtx,NORMAL
2026-03-24 04:13:37.552126+00:00,Security,4799,system,,seclogs1st.evtx,NORMAL
2026-03-24 04:13:41.000988+00:00,Security,4624,system,Successful Login,seclogs1st.evtx,NORMAL
2026-03-24 04:13:41.000994+00:00,Security,4672,system,,seclogs1st.evtx,NORMAL
2026-03-24 04:13:44.333942+00:00,Security,4798,system,,seclogs1st.evtx,NORMAL
2026-03-24 04:18:05.867092+00:00,Security,4624,system,Successful Login,seclogs1st.evtx,NORMAL
2026-03-24 04:18:05.867098+00:00,Security,4672,system,,seclogs1st.evtx,NORMAL
2026-03-24 04:23:41.056986+00:00,Security,4624,system,Successful Login,seclogs1st.evtx,NORMAL
2026-03-24 04:23:41.057043+00:00,Security,4672,system,,seclogs1st.evtx,NORMAL
2026-03-24 04:33:41.077305+00:00,Security,4624,system,Successful Login,seclogs1st.evtx,NORMAL
2026-03-24 04:33:41.077314+00:00,Security,4672,system,,seclogs1st.evtx,NORMAL
2026-03-25 05:14:22.836391+00:00,Security,1101,system,,seclogs1st.evtx,NORMAL
2026-03-25 05:14:14.377245+00:00,Security,4688,system,,seclogs1st.evtx,NORMAL
2026-03-25 05:14:14.378010+00:00,Security,4696,system,,seclogs1st.evtx,NORMAL
2026-03-25 05:14:14.378050+00:00,Security,4826,system,,seclogs1st.evtx,NORMAL
2026-03-25 05:14:14.385826+00:00,Security,4688,system,,seclogs1st.evtx,NORMAL
2026-03-25 05:14:15.298986+00:00,Security,4688,system,,seclogs1st.evtx,NORMAL
2026-03-25 05:14:16.898540+00:00,Security,4688,system,,seclogs1st.evtx,NORMAL
2026-03-25 05:14:17.152872+00:00,Security,4688,system,,seclogs1st.evtx,NORMAL
2026-03-25 05:14:17.453909+00:00,Security,4688,system,,seclogs1st.evtx,NORMAL
2026-03-25 05:14:17.461603+00:00,Security,4688,system,,seclogs1st.evtx,NORMAL
2026-03-25 05:14:17.492788+00:00,Security,4688,system,,seclogs1st.evtx,NORMAL
2026-03-25 05:14:17.594032+00:00,Security,4688,system,,seclogs1st.evtx,NORMAL
2026-03-25 05:14:17.800486+00:00,Security,4688,system,,seclogs1st.evtx,NORMAL
2026-03-25 05:14:17.951138+00:00,Security,4688,system,,seclogs1st.evtx,NORMAL
2026-03-25 05:14:18.194397+00:00,Security,4608,system,,seclogs1st.evtx,NORMAL
2026-03-25 05:14:18.219753+00:00,Security,4624,system,Successful Login,seclogs1st.evtx,NORMAL
2026-03-25 05:14:18.760571+00:00,Security,4902,system,,seclogs1st.evtx,NORMAL
2026-03-25 05:14:18.865221+00:00,Security,4624,system,Successful Login,seclogs1st.evtx,NORMAL
2026-03-25 05:14:18.865292+00:00,Security,4672,system,,seclogs1st.evtx,NORMAL
2026-03-25 05:14:18.872322+00:00,Security,4648,system,,seclogs1st.evtx,NORMAL
2026-03-25 05:14:18.872368+00:00,Security,4624,system,Successful Login,seclogs1st.evtx,NORMAL
2026-03-25 05:14:18.876528+00:00,Security,4648,system,,seclogs1st.evtx,NORMAL
2026-03-25 05:14:18.876585+00:00,Security,4624,system,Successful Login,seclogs1st.evtx,NORMAL
2026-03-25 05:14:19.147955+00:00,Security,4624,system,Successful Login,seclogs1st.evtx,NORMAL
2026-03-25 05:14:19.147978+00:00,Security,4672,system,,seclogs1st.evtx,NORMAL
2026-03-25 05:14:19.453856+00:00,Security,4624,system,Successful Login,seclogs1st.evtx,NORMAL
2026-03-25 05:14:19.453886+00:00,Security,4672,system,,seclogs1st.evtx,NORMAL
2026-03-25 05:14:19.850628+00:00,Security,4648,system,,seclogs1st.evtx,NORMAL
2026-03-25 05:14:19.850691+00:00,Security,4624,system,Successful Login,seclogs1st.evtx,NORMAL
2026-03-25 05:14:19.850748+00:00,Security,4624,system,Successful Login,seclogs1st.evtx,NORMAL
2026-03-25 05:14:19.850765+00:00,Security,4672,system,,seclogs1st.evtx,NORMAL
2026-03-25 05:14:19.850773+00:00,Security,4672,system,,seclogs1st.evtx,NORMAL
2026-03-25 05:14:20.152107+00:00,Security,4624,system,Successful Login,seclogs1st.evtx,NORMAL
2026-03-25 05:14:20.152138+00:00,Security,4672,system,,seclogs1st.evtx,NORMAL
2026-03-25 05:14:20.224461+00:00,Security,4624,system,Successful Login,seclogs1st.evtx,NORMAL
2026-03-25 05:14:20.224482+00:00,Security,4672,system,,seclogs1st.evtx,NORMAL
2026-03-25 05:14:20.256968+00:00,Security,4624,system,Successful Login,seclogs1st.evtx,NORMAL
2026-03-25 05:14:20.256992+00:00,Security,4672,system,,seclogs1st.evtx,NORMAL
2026-03-25 05:14:21.079130+00:00,Security,4624,system,Successful Login,seclogs1st.evtx,NORMAL
2026-03-25 05:14:21.079168+00:00,Security,4672,system,,seclogs1st.evtx,NORMAL
2026-03-25 05:14:22.408566+00:00,Security,4624,system,Successful Login,seclogs1st.evtx,NORMAL
2026-03-25 05:14:22.408594+00:00,Security,4672,system,,seclogs1st.evtx,NORMAL
2026-03-25 05:14:22.646273+00:00,Security,4624,system,Successful Login,seclogs1st.evtx,NORMAL
2026-03-25 05:14:22.646351+00:00,Security,4672,system,,seclogs1st.evtx,NORMAL
2026-03-25 05:14:23.229437+00:00,Security,4624,system,Successful Login,seclogs1st.evtx,NORMAL
2026-03-25 05:14:23.229462+00:00,Security,4672,system,,seclogs1st.evtx,NORMAL
2026-03-25 05:14:23.750900+00:00,Security,5033,system,,seclogs1st.evtx,NORMAL
2026-03-25 05:14:25.224586+00:00,Security,4624,system,Successful Login,seclogs1st.evtx,NORMAL
2026-03-25 05:14:25.224615+00:00,Security,4672,system,,seclogs1st.evtx,NORMAL
2026-03-25 05:14:25.347445+00:00,Security,4624,system,Successful Login,seclogs1st.evtx,NORMAL
2026-03-25 05:14:25.347462+00:00,Security,4672,system,,seclogs1st.evtx,NORMAL
2026-03-25 05:14:25.474989+00:00,Security,4624,system,Successful Login,seclogs1st.evtx,NORMAL
2026-03-25 05:14:25.475012+00:00,Security,4672,system,,seclogs1st.evtx,NORMAL
2026-03-25 05:14:25.575504+00:00,Security,4624,system,Successful Login,seclogs1st.evtx,NORMAL
2026-03-25 05:14:25.575523+00:00,Security,4672,system,,seclogs1st.evtx,NORMAL
2026-03-25 05:14:25.708191+00:00,Security,4624,system,Successful Login,seclogs1st.evtx,NORMAL
2026-03-25 05:14:25.708208+00:00,Security,4672,system,,seclogs1st.evtx,NORMAL
2026-03-25 05:14:25.890482+00:00,Security,4624,system,Successful Login,seclogs1st.evtx,NORMAL
2026-03-25 05:14:25.890501+00:00,Security,4672,system,,seclogs1st.evtx,NORMAL
2026-03-25 05:14:25.945364+00:00,Security,4624,system,Successful Login,seclogs1st.evtx,NORMAL
2026-03-25 05:14:25.945381+00:00,Security,4672,system,,seclogs1st.evtx,NORMAL
2026-03-25 05:14:26.135740+00:00,Security,4624,system,Successful Login,seclogs1st.evtx,NORMAL
2026-03-25 05:17:28.614317+00:00,Security,1101,system,,seclogs1st.evtx,NORMAL
2026-03-25 05:17:26.410912+00:00,Security,4688,system,,seclogs1st.evtx,NORMAL
2026-03-25 05:17:26.411169+00:00,Security,4696,system,,seclogs1st.evtx,NORMAL
2026-03-25 05:17:26.411173+00:00,Security,4826,system,,seclogs1st.evtx,NORMAL
2026-03-25 05:17:26.414721+00:00,Security,4688,system,,seclogs1st.evtx,NORMAL
2026-03-25 05:17:26.845203+00:00,Security,4688,system,,seclogs1st.evtx,NORMAL
2026-03-25 05:17:27.295454+00:00,Security,4688,system,,seclogs1st.evtx,NORMAL
2026-03-25 05:17:27.340223+00:00,Security,4688,system,,seclogs1st.evtx,NORMAL
2026-03-25 05:17:27.407959+00:00,Security,4688,system,,seclogs1st.evtx,NORMAL
2026-03-25 05:17:27.412308+00:00,Security,4688,system,,seclogs1st.evtx,NORMAL
2026-03-25 05:17:27.414040+00:00,Security,4688,system,,seclogs1st.evtx,NORMAL
2026-03-25 05:17:27.434240+00:00,Security,4688,system,,seclogs1st.evtx,NORMAL
2026-03-25 05:17:27.507950+00:00,Security,4688,system,,seclogs1st.evtx,NORMAL
2026-03-25 05:17:27.555944+00:00,Security,4688,system,,seclogs1st.evtx,NORMAL
2026-03-25 05:17:27.612251+00:00,Security,4608,system,,seclogs1st.evtx,NORMAL
2026-03-25 05:17:27.618046+00:00,Security,4624,system,Successful Login,seclogs1st.evtx,NORMAL
2026-03-25 05:17:27.746941+00:00,Security,4902,system,,seclogs1st.evtx,NORMAL
2026-03-25 05:17:27.765322+00:00,Security,4624,system,Successful Login,seclogs1st.evtx,NORMAL
2026-03-25 05:17:27.765327+00:00,Security,4672,system,,seclogs1st.evtx,NORMAL
2026-03-25 05:17:27.766315+00:00,Security,4648,system,,seclogs1st.evtx,NORMAL
2026-03-25 05:17:27.766325+00:00,Security,4624,system,Successful Login,seclogs1st.evtx,NORMAL
2026-03-25 05:17:27.767118+00:00,Security,4648,system,,seclogs1st.evtx,NORMAL
2026-03-25 05:17:27.767136+00:00,Security,4624,system,Successful Login,seclogs1st.evtx,NORMAL
2026-03-25 05:17:27.830439+00:00,Security,4624,system,Successful Login,seclogs1st.evtx,NORMAL
2026-03-25 05:17:27.830446+00:00,Security,4672,system,,seclogs1st.evtx,NORMAL
2026-03-25 05:17:27.879358+00:00,Security,4624,system,Successful Login,seclogs1st.evtx,NORMAL
2026-03-25 05:17:27.879366+00:00,Security,4672,system,,seclogs1st.evtx,NORMAL
2026-03-25 05:17:27.960302+00:00,Security,4648,system,,seclogs1st.evtx,NORMAL
2026-03-25 05:17:27.960316+00:00,Security,4624,system,Successful Login,seclogs1st.evtx,NORMAL
2026-03-25 05:17:27.960325+00:00,Security,4624,system,Successful Login,seclogs1st.evtx,NORMAL
2026-03-25 05:17:27.960329+00:00,Security,4672,system,,seclogs1st.evtx,NORMAL
2026-03-25 05:17:27.960331+00:00,Security,4672,system,,seclogs1st.evtx,NORMAL
2026-03-25 05:17:28.256649+00:00,Security,4624,system,Successful Login,seclogs1st.evtx,NORMAL
2026-03-25 05:17:28.256657+00:00,Security,4672,system,,seclogs1st.evtx,NORMAL
2026-03-25 05:17:28.256777+00:00,Security,4624,system,Successful Login,seclogs1st.evtx,NORMAL
2026-03-25 05:17:28.256783+00:00,Security,4672,system,,seclogs1st.evtx,NORMAL
2026-03-25 05:17:28.288149+00:00,Security,4624,system,Successful Login,seclogs1st.evtx,NORMAL
2026-03-25 05:17:28.288153+00:00,Security,4672,system,,seclogs1st.evtx,NORMAL
2026-03-25 05:17:28.444239+00:00,Security,4624,system,Successful Login,seclogs1st.evtx,NORMAL
2026-03-25 05:17:28.444246+00:00,Security,4672,system,,seclogs1st.evtx,NORMAL
2026-03-25 05:17:28.582216+00:00,Security,4624,system,Successful Login,seclogs1st.evtx,NORMAL
2026-03-25 05:17:28.582224+00:00,Security,4672,system,,seclogs1st.evtx,NORMAL
2026-03-25 05:17:28.585524+00:00,Security,4624,system,Successful Login,seclogs1st.evtx,NORMAL
2026-03-25 05:17:28.585529+00:00,Security,4672,system,,seclogs1st.evtx,NORMAL
2026-03-25 05:17:28.638029+00:00,Security,4624,system,Successful Login,seclogs1st.evtx,NORMAL
2026-03-25 05:17:28.638035+00:00,Security,4672,system,,seclogs1st.evtx,NORMAL
2026-03-25 05:17:28.669605+00:00,Security,5033,system,,seclogs1st.evtx,NORMAL
2026-03-25 05:17:28.891907+00:00,Security,4624,system,Successful Login,seclogs1st.evtx,NORMAL
2026-03-25 05:17:28.891916+00:00,Security,4672,system,,seclogs1st.evtx,NORMAL
2026-03-25 05:17:28.920057+00:00,Security,4624,system,Successful Login,seclogs1st.evtx,NORMAL
2026-03-25 05:17:28.920065+00:00,Security,4672,system,,seclogs1st.evtx,NORMAL
2026-03-25 05:17:28.940029+00:00,Security,4624,system,Successful Login,seclogs1st.evtx,NORMAL
2026-03-25 05:17:28.940037+00:00,Security,4672,system,,seclogs1st.evtx,NORMAL
2026-03-25 05:17:28.951765+00:00,Security,4624,system,Successful Login,seclogs1st.evtx,NORMAL
2026-03-25 05:17:28.951773+00:00,Security,4672,system,,seclogs1st.evtx,NORMAL
2026-03-25 05:17:28.970362+00:00,Security,4624,system,Successful Login,seclogs1st.evtx,NORMAL
2026-03-25 05:17:28.970371+00:00,Security,4672,system,,seclogs1st.evtx,NORMAL
2026-03-25 05:17:28.978470+00:00,Security,4624,system,Successful Login,seclogs1st.evtx,NORMAL
2026-03-25 05:17:28.978474+00:00,Security,4672,system,,seclogs1st.evtx,NORMAL
2026-03-25 05:17:29.014151+00:00,Security,4624,system,Successful Login,seclogs1st.evtx,NORMAL
2026-03-25 05:17:29.014158+00:00,Security,4672,system,,seclogs1st.evtx,NORMAL
2026-03-25 05:17:29.069174+00:00,Security,4624,system,Successful Login,seclogs1st.evtx,NORMAL
2026-03-25 05:17:29.069180+00:00,Security,4672,system,,seclogs1st.evtx,NORMAL
2026-03-25 05:17:29.113167+00:00,Security,4624,system,Successful Login,seclogs1st.evtx,NORMAL
2026-03-25 05:17:29.113176+00:00,Security,4672,system,,seclogs1st.evtx,NORMAL
2026-03-25 05:17:29.114473+00:00,Security,4624,system,Successful Login,seclogs1st.evtx,NORMAL
2026-03-25 05:17:29.114481+00:00,Security,4672,system,,seclogs1st.evtx,NORMAL
2026-03-25 05:17:29.122637+00:00,Security,4799,system,,seclogs1st.evtx,NORMAL
2026-03-25 05:17:29.123446+00:00,Security,4799,system,,seclogs1st.evtx,NORMAL
2026-03-25 05:17:29.138454+00:00,Security,4799,system,,seclogs1st.evtx,NORMAL
2026-03-25 05:17:29.140251+00:00,Security,4799,system,,seclogs1st.evtx,NORMAL
2026-03-25 05:17:29.176437+00:00,Security,4624,system,Successful Login,seclogs1st.evtx,NORMAL
2026-03-25 05:17:29.176445+00:00,Security,4672,system,,seclogs1st.evtx,NORMAL
2026-03-25 05:17:29.363077+00:00,Security,4624,system,Successful Login,seclogs1st.evtx,NORMAL
2026-03-25 05:17:29.363085+00:00,Security,4672,system,,seclogs1st.evtx,NORMAL
2026-03-25 05:17:30.011793+00:00,Security,5024,system,,seclogs1st.evtx,NORMAL
2026-03-25 05:17:34.516384+00:00,Security,4799,system,,seclogs1st.evtx,NORMAL
2026-03-25 05:17:34.516764+00:00,Security,4799,system,,seclogs1st.evtx,NORMAL
2026-03-25 05:17:35.522783+00:00,Security,4624,system,Successful Login,seclogs1st.evtx,NORMAL
2026-03-25 05:17:35.522789+00:00,Security,4672,system,,seclogs1st.evtx,NORMAL
2026-03-25 05:17:35.566277+00:00,Security,5379,system,,seclogs1st.evtx,NORMAL
2026-03-25 05:17:35.566677+00:00,Security,5379,system,,seclogs1st.evtx,NORMAL
2026-03-25 05:17:35.566717+00:00,Security,5379,system,,seclogs1st.evtx,NORMAL
2026-03-25 05:17:35.572767+00:00,Security,5379,system,,seclogs1st.evtx,NORMAL
2026-03-25 05:17:35.572996+00:00,Security,5379,system,,seclogs1st.evtx,NORMAL
2026-03-25 05:17:35.573032+00:00,Security,5379,system,,seclogs1st.evtx,NORMAL
2026-03-25 05:17:35.574043+00:00,Security,5379,system,,seclogs1st.evtx,NORMAL
2026-03-25 05:17:35.574083+00:00,Security,5379,system,,seclogs1st.evtx,NORMAL
2026-03-25 05:17:35.574232+00:00,Security,5379,system,,seclogs1st.evtx,NORMAL
2026-03-25 05:17:36.265272+00:00,Security,5379,system,,seclogs1st.evtx,NORMAL
2026-03-25 05:17:36.269047+00:00,Security,5379,system,,seclogs1st.evtx,NORMAL
2026-03-25 05:17:36.272509+00:00,Security,5379,system,,seclogs1st.evtx,NORMAL
2026-03-25 05:17:36.272558+00:00,Security,5379,system,,seclogs1st.evtx,NORMAL
2026-03-25 05:17:36.315243+00:00,Security,4624,system,Successful Login,seclogs1st.evtx,NORMAL
2026-03-25 05:17:36.315248+00:00,Security,4672,system,,seclogs1st.evtx,NORMAL
2026-03-25 05:17:36.611677+00:00,Security,4624,system,Successful Login,seclogs1st.evtx,NORMAL
2026-03-25 05:17:36.611685+00:00,Security,4672,system,,seclogs1st.evtx,NORMAL
2026-03-25 05:18:25.409193+00:00,Security,4798,system,,seclogs1st.evtx,NORMAL
2026-03-25 05:18:40.334265+00:00,Security,4776,system,,seclogs1st.evtx,NORMAL
2026-03-25 05:18:40.343140+00:00,Security,4648,system,,seclogs1st.evtx,NORMAL
2026-03-25 05:18:40.343151+00:00,Security,4624,system,Successful Login,seclogs1st.evtx,NORMAL
2026-03-25 05:18:40.343157+00:00,Security,4672,system,,seclogs1st.evtx,NORMAL
2026-03-25 05:18:40.454149+00:00,Security,4799,system,,seclogs1st.evtx,NORMAL
2026-03-25 05:18:40.484264+00:00,Security,5379,system,,seclogs1st.evtx,NORMAL
2026-03-25 05:18:40.484547+00:00,Security,5379,system,,seclogs1st.evtx,NORMAL
2026-03-25 05:18:40.484591+00:00,Security,5379,system,,seclogs1st.evtx,NORMAL
2026-03-25 05:18:40.687538+00:00,Security,4624,system,Successful Login,seclogs1st.evtx,NORMAL
2026-03-25 05:18:40.687546+00:00,Security,4672,system,,seclogs1st.evtx,NORMAL
2026-03-25 05:18:40.827103+00:00,Security,4624,system,Successful Login,seclogs1st.evtx,NORMAL
2026-03-25 05:18:40.827108+00:00,Security,4672,system,,seclogs1st.evtx,NORMAL
2026-03-25 05:18:40.906067+00:00,Security,5058,system,,seclogs1st.evtx,NORMAL
2026-03-25 05:18:40.906458+00:00,Security,5061,system,,seclogs1st.evtx,NORMAL
2026-03-25 05:18:40.922920+00:00,Security,5059,system,,seclogs1st.evtx,NORMAL
2026-03-25 05:18:40.959230+00:00,Security,4624,system,Successful Login,seclogs1st.evtx,NORMAL
2026-03-25 05:18:40.959234+00:00,Security,4672,system,,seclogs1st.evtx,NORMAL
2026-03-25 05:18:40.992626+00:00,Security,5058,system,,seclogs1st.evtx,NORMAL
2026-03-25 05:18:40.992853+00:00,Security,5061,system,,seclogs1st.evtx,NORMAL
2026-03-25 05:18:40.993095+00:00,Security,5059,system,,seclogs1st.evtx,NORMAL
2026-03-25 05:18:42.364029+00:00,Security,4624,system,Successful Login,seclogs1st.evtx,NORMAL
2026-03-25 05:18:42.364035+00:00,Security,4672,system,,seclogs1st.evtx,NORMAL
2026-03-25 05:18:46.839153+00:00,Security,5379,system,,seclogs1st.evtx,NORMAL
2026-03-25 05:18:47.099361+00:00,Security,4624,system,Successful Login,seclogs1st.evtx,NORMAL
2026-03-25 05:18:47.099369+00:00,Security,4672,system,,seclogs1st.evtx,NORMAL
2026-03-25 05:18:47.581430+00:00,Security,5379,system,,seclogs1st.evtx,NORMAL
2026-03-25 05:18:47.581478+00:00,Security,5379,system,,seclogs1st.evtx,NORMAL
2026-03-25 05:18:47.581976+00:00,Security,5379,system,,seclogs1st.evtx,NORMAL
2026-03-25 05:18:48.074278+00:00,Security,5379,system,,seclogs1st.evtx,NORMAL
2026-03-25 05:18:48.076933+00:00,Security,5379,system,,seclogs1st.evtx,NORMAL
2026-03-25 05:18:48.079903+00:00,Security,5379,system,,seclogs1st.evtx,NORMAL
2026-03-25 05:18:48.079954+00:00,Security,5379,system,,seclogs1st.evtx,NORMAL
2026-03-25 05:19:16.110846+00:00,Security,4624,system,Successful Login,seclogs1st.evtx,NORMAL
2026-03-25 05:19:16.110851+00:00,Security,4672,system,,seclogs1st.evtx,NORMAL
2026-03-25 05:19:16.155226+00:00,Security,4624,system,Successful Login,seclogs1st.evtx,NORMAL
2026-03-25 05:19:16.155231+00:00,Security,4672,system,,seclogs1st.evtx,NORMAL
2026-03-25 05:19:16.879171+00:00,Security,5379,system,,seclogs1st.evtx,NORMAL
2026-03-25 05:19:16.879221+00:00,Security,5379,system,,seclogs1st.evtx,NORMAL
2026-03-25 05:19:16.879660+00:00,Security,5379,system,,seclogs1st.evtx,NORMAL
2026-03-25 05:19:17.375216+00:00,Security,5379,system,,seclogs1st.evtx,NORMAL
2026-03-25 05:19:17.375769+00:00,Security,5379,system,,seclogs1st.evtx,NORMAL
2026-03-25 05:19:17.377748+00:00,Security,5379,system,,seclogs1st.evtx,NORMAL
2026-03-25 05:19:17.377789+00:00,Security,5379,system,,seclogs1st.evtx,NORMAL
2026-03-25 05:19:17.992712+00:00,Security,4624,system,Successful Login,seclogs1st.evtx,NORMAL
2026-03-25 05:19:17.992716+00:00,Security,4672,system,,seclogs1st.evtx,NORMAL
2026-03-25 05:19:18.658594+00:00,Security,4624,system,Successful Login,seclogs1st.evtx,NORMAL
2026-03-25 05:19:18.658600+00:00,Security,4672,system,,seclogs1st.evtx,NORMAL
2026-03-25 05:19:18.736712+00:00,Security,4624,system,Successful Login,seclogs1st.evtx,NORMAL
2026-03-25 05:19:18.736719+00:00,Security,4672,system,,seclogs1st.evtx,NORMAL
2026-03-25 05:19:30.263409+00:00,Security,4624,system,Successful Login,seclogs1st.evtx,NORMAL
2026-03-25 05:19:30.263420+00:00,Security,4672,system,,seclogs1st.evtx,NORMAL
2026-03-25 05:20:01.883602+00:00,Security,5379,system,,seclogs1st.evtx,NORMAL
2026-03-25 05:20:01.883652+00:00,Security,5379,system,,seclogs1st.evtx,NORMAL
2026-03-25 05:20:01.883999+00:00,Security,5379,system,,seclogs1st.evtx,NORMAL
2026-03-25 05:20:02.500774+00:00,Security,5379,system,,seclogs1st.evtx,NORMAL
2026-03-25 05:20:02.504368+00:00,Security,5379,system,,seclogs1st.evtx,NORMAL
2026-03-25 05:20:02.507315+00:00,Security,5379,system,,seclogs1st.evtx,NORMAL
2026-03-25 05:20:02.507368+00:00,Security,5379,system,,seclogs1st.evtx,NORMAL
2026-03-25 05:22:38.969435+00:00,Security,4799,system,,seclogs1st.evtx,NORMAL
2026-03-25 05:22:40.447533+00:00,Security,4624,system,Successful Login,seclogs1st.evtx,NORMAL
2026-03-25 05:22:40.447538+00:00,Security,4672,system,,seclogs1st.evtx,NORMAL
2026-03-25 05:22:40.464413+00:00,Security,4624,system,Successful Login,seclogs1st.evtx,NORMAL
2026-03-25 05:22:40.464417+00:00,Security,4672,system,,seclogs1st.evtx,NORMAL
2026-03-25 05:23:31.124296+00:00,Security,5379,system,,seclogs1st.evtx,NORMAL
2026-03-25 05:23:31.124367+00:00,Security,5379,system,,seclogs1st.evtx,NORMAL
2026-03-25 05:23:31.124895+00:00,Security,5379,system,,seclogs1st.evtx,NORMAL
2026-03-25 05:23:31.720034+00:00,Security,5379,system,,seclogs1st.evtx,NORMAL
2026-03-25 05:23:31.720541+00:00,Security,5379,system,,seclogs1st.evtx,NORMAL
2026-03-25 05:23:31.722319+00:00,Security,5379,system,,seclogs1st.evtx,NORMAL
2026-03-25 05:23:31.722387+00:00,Security,5379,system,,seclogs1st.evtx,NORMAL
2026-03-25 05:27:29.939558+00:00,Security,4624,system,Successful Login,seclogs1st.evtx,NORMAL
2026-03-25 05:27:29.939564+00:00,Security,4672,system,,seclogs1st.evtx,NORMAL
2026-03-25 05:27:30.095840+00:00,Security,4624,system,Successful Login,seclogs1st.evtx,NORMAL
2026-03-25 05:27:30.095848+00:00,Security,4672,system,,seclogs1st.evtx,NORMAL
2026-03-25 05:27:30.122391+00:00,Security,5379,system,,seclogs1st.evtx,NORMAL
2026-03-25 05:27:30.122578+00:00,Security,5379,system,,seclogs1st.evtx,NORMAL
2026-03-25 05:27:30.122618+00:00,Security,5379,system,,seclogs1st.evtx,NORMAL
2026-03-25 05:27:30.125763+00:00,Security,5379,system,,seclogs1st.evtx,NORMAL
2026-03-25 05:27:30.126026+00:00,Security,5379,system,,seclogs1st.evtx,NORMAL
2026-03-25 05:27:30.126068+00:00,Security,5379,system,,seclogs1st.evtx,NORMAL
2026-03-25 05:27:30.128128+00:00,Security,5379,system,,seclogs1st.evtx,NORMAL
2026-03-25 05:27:30.128183+00:00,Security,5379,system,,seclogs1st.evtx,NORMAL
2026-03-25 05:27:30.128496+00:00,Security,5379,system,,seclogs1st.evtx,NORMAL
2026-03-25 05:27:30.142397+00:00,Security,5379,system,,seclogs1st.evtx,NORMAL
2026-03-25 05:27:30.142546+00:00,Security,5379,system,,seclogs1st.evtx,NORMAL
2026-03-25 05:27:30.142651+00:00,Security,5379,system,,seclogs1st.evtx,NORMAL
2026-03-25 05:27:30.392187+00:00,Security,4624,system,Successful Login,seclogs1st.evtx,NORMAL
2026-03-25 05:27:30.392193+00:00,Security,4672,system,,seclogs1st.evtx,NORMAL
2026-03-25 05:27:32.223362+00:00,Security,5379,system,,seclogs1st.evtx,NORMAL
2026-03-25 05:27:32.229460+00:00,Security,5379,system,,seclogs1st.evtx,NORMAL
2026-03-25 05:27:32.231895+00:00,Security,5379,system,,seclogs1st.evtx,NORMAL
2026-03-25 05:27:32.231939+00:00,Security,5379,system,,seclogs1st.evtx,NORMAL
2026-03-25 05:27:36.582325+00:00,Security,4624,system,Successful Login,seclogs1st.evtx,NORMAL
2026-03-25 05:27:36.582331+00:00,Security,4672,system,,seclogs1st.evtx,NORMAL
2026-03-25 05:27:43.710775+00:00,Security,4798,system,,seclogs1st.evtx,NORMAL
2026-03-25 05:47:40.120874+00:00,Security,4624,system,Successful Login,seclogs1st.evtx,NORMAL
2026-03-25 05:47:40.120880+00:00,Security,4672,system,,seclogs1st.evtx,NORMAL
2026-03-25 05:47:40.201488+00:00,Security,4624,system,Successful Login,seclogs1st.evtx,NORMAL
2026-03-25 05:47:40.201496+00:00,Security,4672,system,,seclogs1st.evtx,NORMAL
2026-03-25 16:48:47.880327+00:00,Security,1101,system,,seclogs1st.evtx,NORMAL
2026-03-25 16:48:43.996824+00:00,Security,4688,system,,seclogs1st.evtx,NORMAL
2026-03-25 16:48:43.997019+00:00,Security,4696,system,,seclogs1st.evtx,NORMAL
2026-03-25 16:48:43.997023+00:00,Security,4826,system,,seclogs1st.evtx,NORMAL
2026-03-25 16:48:43.999783+00:00,Security,4688,system,,seclogs1st.evtx,NORMAL
2026-03-25 16:48:46.394604+00:00,Security,4688,system,,seclogs1st.evtx,NORMAL
2026-03-25 16:48:46.786484+00:00,Security,4688,system,,seclogs1st.evtx,NORMAL
2026-03-25 16:48:46.826752+00:00,Security,4688,system,,seclogs1st.evtx,NORMAL
2026-03-25 16:48:46.892982+00:00,Security,4688,system,,seclogs1st.evtx,NORMAL
2026-03-25 16:48:46.897158+00:00,Security,4688,system,,seclogs1st.evtx,NORMAL
2026-03-25 16:48:46.899666+00:00,Security,4688,system,,seclogs1st.evtx,NORMAL
2026-03-25 16:48:46.923424+00:00,Security,4688,system,,seclogs1st.evtx,NORMAL
2026-03-25 16:48:47.036768+00:00,Security,4688,system,,seclogs1st.evtx,NORMAL
2026-03-25 16:48:47.098740+00:00,Security,4688,system,,seclogs1st.evtx,NORMAL
2026-03-25 16:48:47.152851+00:00,Security,4608,system,,seclogs1st.evtx,NORMAL
2026-03-25 16:48:47.157970+00:00,Security,4624,system,Successful Login,seclogs1st.evtx,NORMAL
2026-03-25 16:48:47.288313+00:00,Security,4902,system,,seclogs1st.evtx,NORMAL
2026-03-25 16:48:47.305014+00:00,Security,4624,system,Successful Login,seclogs1st.evtx,NORMAL
2026-03-25 16:48:47.305019+00:00,Security,4672,system,,seclogs1st.evtx,NORMAL
2026-03-25 16:48:47.307301+00:00,Security,4648,system,,seclogs1st.evtx,NORMAL
2026-03-25 16:48:47.307312+00:00,Security,4624,system,Successful Login,seclogs1st.evtx,NORMAL
2026-03-25 16:48:47.307896+00:00,Security,4648,system,,seclogs1st.evtx,NORMAL
2026-03-25 16:48:47.307909+00:00,Security,4624,system,Successful Login,seclogs1st.evtx,NORMAL
2026-03-25 16:48:47.395260+00:00,Security,4624,system,Successful Login,seclogs1st.evtx,NORMAL
2026-03-25 16:48:47.395269+00:00,Security,4672,system,,seclogs1st.evtx,NORMAL
2026-03-25 16:48:47.436792+00:00,Security,4624,system,Successful Login,seclogs1st.evtx,NORMAL
2026-03-25 16:48:47.436800+00:00,Security,4672,system,,seclogs1st.evtx,NORMAL
2026-03-25 16:48:47.511904+00:00,Security,4648,system,,seclogs1st.evtx,NORMAL
2026-03-25 16:48:47.511917+00:00,Security,4624,system,Successful Login,seclogs1st.evtx,NORMAL
2026-03-25 16:48:47.511925+00:00,Security,4624,system,Successful Login,seclogs1st.evtx,NORMAL
2026-03-25 16:48:47.511927+00:00,Security,4672,system,,seclogs1st.evtx,NORMAL
2026-03-25 16:48:47.511929+00:00,Security,4672,system,,seclogs1st.evtx,NORMAL
2026-03-25 16:48:47.546434+00:00,Security,4624,system,Successful Login,seclogs1st.evtx,NORMAL
2026-03-25 16:48:47.546440+00:00,Security,4672,system,,seclogs1st.evtx,NORMAL
2026-03-25 16:48:47.553406+00:00,Security,4624,system,Successful Login,seclogs1st.evtx,NORMAL
2026-03-25 16:48:47.553411+00:00,Security,4672,system,,seclogs1st.evtx,NORMAL
2026-03-25 16:48:47.569872+00:00,Security,4624,system,Successful Login,seclogs1st.evtx,NORMAL
2026-03-25 16:48:47.569878+00:00,Security,4672,system,,seclogs1st.evtx,NORMAL
2026-03-25 16:48:47.631723+00:00,Security,4624,system,Successful Login,seclogs1st.evtx,NORMAL
2026-03-25 16:48:47.631731+00:00,Security,4672,system,,seclogs1st.evtx,NORMAL
2026-03-25 16:48:47.775816+00:00,Security,4624,system,Successful Login,seclogs1st.evtx,NORMAL
2026-03-25 16:48:47.775822+00:00,Security,4672,system,,seclogs1st.evtx,NORMAL
2026-03-25 16:48:47.790775+00:00,Security,4624,system,Successful Login,seclogs1st.evtx,NORMAL
2026-03-25 16:48:47.790781+00:00,Security,4672,system,,seclogs1st.evtx,NORMAL
2026-03-25 16:48:47.909130+00:00,Security,4624,system,Successful Login,seclogs1st.evtx,NORMAL
2026-03-25 16:48:47.909138+00:00,Security,4672,system,,seclogs1st.evtx,NORMAL
2026-03-25 16:48:47.992365+00:00,Security,5033,system,,seclogs1st.evtx,NORMAL
2026-03-25 16:48:48.194794+00:00,Security,4624,system,Successful Login,seclogs1st.evtx,NORMAL
2026-03-25 16:48:48.194799+00:00,Security,4672,system,,seclogs1st.evtx,NORMAL
2026-03-25 16:48:48.208490+00:00,Security,4624,system,Successful Login,seclogs1st.evtx,NORMAL
2026-03-25 16:48:48.208496+00:00,Security,4672,system,,seclogs1st.evtx,NORMAL
2026-03-25 16:48:48.220863+00:00,Security,4624,system,Successful Login,seclogs1st.evtx,NORMAL
2026-03-25 16:48:48.220869+00:00,Security,4672,system,,seclogs1st.evtx,NORMAL
2026-03-25 16:48:48.221022+00:00,Security,4624,system,Successful Login,seclogs1st.evtx,NORMAL
2026-03-25 16:48:48.221025+00:00,Security,4672,system,,seclogs1st.evtx,NORMAL
2026-03-25 16:48:48.249863+00:00,Security,4624,system,Successful Login,seclogs1st.evtx,NORMAL
2026-03-25 16:48:48.249868+00:00,Security,4672,system,,seclogs1st.evtx,NORMAL
2026-03-25 16:48:48.269541+00:00,Security,4624,system,Successful Login,seclogs1st.evtx,NORMAL
2026-03-25 16:48:48.269547+00:00,Security,4672,system,,seclogs1st.evtx,NORMAL
2026-03-25 16:48:48.289091+00:00,Security,4624,system,Successful Login,seclogs1st.evtx,NORMAL
2026-03-25 16:48:48.289095+00:00,Security,4672,system,,seclogs1st.evtx,NORMAL
2026-03-25 16:48:48.332394+00:00,Security,4624,system,Successful Login,seclogs1st.evtx,NORMAL
2026-03-25 16:48:48.332399+00:00,Security,4672,system,,seclogs1st.evtx,NORMAL
2026-03-25 16:48:48.337559+00:00,Security,4799,system,,seclogs1st.evtx,NORMAL
2026-03-25 16:48:48.338858+00:00,Security,4799,system,,seclogs1st.evtx,NORMAL
2026-03-25 16:48:48.404480+00:00,Security,4624,system,Successful Login,seclogs1st.evtx,NORMAL
2026-03-25 16:48:48.404482+00:00,Security,4624,system,Successful Login,seclogs1st.evtx,NORMAL
2026-03-25 16:48:48.404490+00:00,Security,4672,system,,seclogs1st.evtx,NORMAL
2026-03-25 16:48:48.404490+00:00,Security,4672,system,,seclogs1st.evtx,NORMAL
2026-03-25 16:48:48.431734+00:00,Security,4799,system,,seclogs1st.evtx,NORMAL
2026-03-25 16:48:48.432131+00:00,Security,4799,system,,seclogs1st.evtx,NORMAL
2026-03-25 16:48:48.442003+00:00,Security,4624,system,Successful Login,seclogs1st.evtx,NORMAL
2026-03-25 16:48:48.442013+00:00,Security,4672,system,,seclogs1st.evtx,NORMAL
2026-03-25 16:48:48.511650+00:00,Security,4624,system,Successful Login,seclogs1st.evtx,NORMAL
2026-03-25 16:48:48.511658+00:00,Security,4672,system,,seclogs1st.evtx,NORMAL
2026-03-25 16:48:49.148106+00:00,Security,5024,system,,seclogs1st.evtx,NORMAL
2026-03-25 16:48:53.762907+00:00,Security,4799,system,,seclogs1st.evtx,NORMAL
2026-03-25 16:48:53.763227+00:00,Security,4799,system,,seclogs1st.evtx,NORMAL
2026-03-25 16:50:48.940535+00:00,Security,4624,system,Successful Login,seclogs1st.evtx,NORMAL
2026-03-25 16:50:48.940540+00:00,Security,4672,system,,seclogs1st.evtx,NORMAL
2026-03-25 16:50:49.424843+00:00,Security,5058,system,,seclogs1st.evtx,NORMAL
2026-03-25 16:50:49.430609+00:00,Security,5061,system,,seclogs1st.evtx,NORMAL
2026-03-25 16:50:49.430895+00:00,Security,5059,system,,seclogs1st.evtx,NORMAL
2026-03-25 16:50:50.222387+00:00,Security,4624,system,Successful Login,seclogs1st.evtx,NORMAL
2026-03-25 16:50:50.222391+00:00,Security,4672,system,,seclogs1st.evtx,NORMAL
2026-03-25 16:50:50.409893+00:00,Security,4624,system,Successful Login,seclogs1st.evtx,NORMAL
2026-03-25 16:50:50.409901+00:00,Security,4672,system,,seclogs1st.evtx,NORMAL
2026-03-25 16:50:50.784773+00:00,Security,4624,system,Successful Login,seclogs1st.evtx,NORMAL
2026-03-25 16:50:50.784777+00:00,Security,4672,system,,seclogs1st.evtx,NORMAL
2026-03-25 16:50:50.815138+00:00,Security,4624,system,Successful Login,seclogs1st.evtx,NORMAL
2026-03-25 16:50:50.815142+00:00,Security,4672,system,,seclogs1st.evtx,NORMAL
2026-03-25 16:50:50.819225+00:00,Security,4624,system,Successful Login,seclogs1st.evtx,NORMAL
2026-03-25 16:50:50.819229+00:00,Security,4672,system,,seclogs1st.evtx,NORMAL
2026-03-25 16:50:53.361721+00:00,Security,4624,system,Successful Login,seclogs1st.evtx,NORMAL
2026-03-25 16:50:53.361725+00:00,Security,4672,system,,seclogs1st.evtx,NORMAL
2026-03-25 16:50:53.402775+00:00,Security,4624,system,Successful Login,seclogs1st.evtx,NORMAL
2026-03-25 16:50:53.402782+00:00,Security,4672,system,,seclogs1st.evtx,NORMAL
2026-03-25 16:50:53.619171+00:00,Security,4624,system,Successful Login,seclogs1st.evtx,NORMAL
2026-03-25 16:50:53.619177+00:00,Security,4672,system,,seclogs1st.evtx,NORMAL
2026-03-25 16:53:26.244486+00:00,Security,4624,system,Successful Login,seclogs1st.evtx,NORMAL
2026-03-25 16:53:26.244492+00:00,Security,4672,system,,seclogs1st.evtx,NORMAL
2026-03-25 16:58:50.825068+00:00,Security,4624,system,Successful Login,seclogs1st.evtx,NORMAL
2026-03-25 16:58:50.825075+00:00,Security,4672,system,,seclogs1st.evtx,NORMAL
2026-03-25 16:59:08.414618+00:00,Security,4624,system,Successful Login,seclogs1st.evtx,NORMAL
2026-03-25 16:59:08.414621+00:00,Security,4672,system,,seclogs1st.evtx,NORMAL
2026-03-25 16:59:08.454548+00:00,Security,5379,system,,seclogs1st.evtx,NORMAL
2026-03-25 16:59:08.454777+00:00,Security,5379,system,,seclogs1st.evtx,NORMAL
2026-03-25 16:59:08.454813+00:00,Security,5379,system,,seclogs1st.evtx,NORMAL
2026-03-25 16:59:08.456783+00:00,Security,5379,system,,seclogs1st.evtx,NORMAL
2026-03-25 16:59:08.456821+00:00,Security,5379,system,,seclogs1st.evtx,NORMAL
2026-03-25 16:59:08.456966+00:00,Security,5379,system,,seclogs1st.evtx,NORMAL
2026-03-25 16:59:09.653151+00:00,Security,5379,system,,seclogs1st.evtx,NORMAL
2026-03-25 16:59:09.653748+00:00,Security,5379,system,,seclogs1st.evtx,NORMAL
2026-03-25 16:59:09.657522+00:00,Security,5379,system,,seclogs1st.evtx,NORMAL
2026-03-25 16:59:09.657564+00:00,Security,5379,system,,seclogs1st.evtx,NORMAL
2026-03-25 16:59:13.824509+00:00,Security,4624,system,Successful Login,seclogs1st.evtx,NORMAL
2026-03-25 16:59:13.824512+00:00,Security,4672,system,,seclogs1st.evtx,NORMAL
2026-03-26 04:28:44.550268+00:00,Security,1101,system,,seclogs1st.evtx,NORMAL
2026-03-26 04:28:40.945469+00:00,Security,4688,system,,seclogs1st.evtx,NORMAL
2026-03-26 04:28:40.945728+00:00,Security,4696,system,,seclogs1st.evtx,NORMAL
2026-03-26 04:28:40.945732+00:00,Security,4826,system,,seclogs1st.evtx,NORMAL
2026-03-26 04:28:40.948835+00:00,Security,4688,system,,seclogs1st.evtx,NORMAL
2026-03-26 04:28:42.985630+00:00,Security,4688,system,,seclogs1st.evtx,NORMAL
2026-03-26 04:28:43.430849+00:00,Security,4688,system,,seclogs1st.evtx,NORMAL
2026-03-26 04:28:43.472185+00:00,Security,4688,system,,seclogs1st.evtx,NORMAL
2026-03-26 04:28:43.537540+00:00,Security,4688,system,,seclogs1st.evtx,NORMAL
2026-03-26 04:28:43.540897+00:00,Security,4688,system,,seclogs1st.evtx,NORMAL
2026-03-26 04:28:43.544754+00:00,Security,4688,system,,seclogs1st.evtx,NORMAL
2026-03-26 04:28:43.561657+00:00,Security,4688,system,,seclogs1st.evtx,NORMAL
2026-03-26 04:28:43.626669+00:00,Security,4688,system,,seclogs1st.evtx,NORMAL
2026-03-26 04:28:43.672007+00:00,Security,4688,system,,seclogs1st.evtx,NORMAL
2026-03-26 04:28:43.721184+00:00,Security,4608,system,,seclogs1st.evtx,NORMAL
2026-03-26 04:28:43.724993+00:00,Security,4624,system,Successful Login,seclogs1st.evtx,NORMAL
2026-03-26 04:28:43.856041+00:00,Security,4902,system,,seclogs1st.evtx,NORMAL
2026-03-26 04:28:43.874048+00:00,Security,4624,system,Successful Login,seclogs1st.evtx,NORMAL
2026-03-26 04:28:43.874058+00:00,Security,4672,system,,seclogs1st.evtx,NORMAL
2026-03-26 04:28:43.875502+00:00,Security,4648,system,,seclogs1st.evtx,NORMAL
2026-03-26 04:28:43.875513+00:00,Security,4624,system,Successful Login,seclogs1st.evtx,NORMAL
2026-03-26 04:28:43.876020+00:00,Security,4648,system,,seclogs1st.evtx,NORMAL
2026-03-26 04:28:43.876032+00:00,Security,4624,system,Successful Login,seclogs1st.evtx,NORMAL
2026-03-26 04:28:43.927607+00:00,Security,4624,system,Successful Login,seclogs1st.evtx,NORMAL
2026-03-26 04:28:43.927620+00:00,Security,4672,system,,seclogs1st.evtx,NORMAL
2026-03-26 04:28:44.023222+00:00,Security,4624,system,Successful Login,seclogs1st.evtx,NORMAL
2026-03-26 04:28:44.023792+00:00,Security,4672,system,,seclogs1st.evtx,NORMAL
2026-03-26 04:28:44.123363+00:00,Security,4648,system,,seclogs1st.evtx,NORMAL
2026-03-26 04:28:44.123375+00:00,Security,4624,system,Successful Login,seclogs1st.evtx,NORMAL
2026-03-26 04:28:44.123383+00:00,Security,4624,system,Successful Login,seclogs1st.evtx,NORMAL
2026-03-26 04:28:44.123386+00:00,Security,4672,system,,seclogs1st.evtx,NORMAL
2026-03-26 04:28:44.123388+00:00,Security,4672,system,,seclogs1st.evtx,NORMAL
2026-03-26 04:28:44.141087+00:00,Security,4624,system,Successful Login,seclogs1st.evtx,NORMAL
2026-03-26 04:28:44.141092+00:00,Security,4672,system,,seclogs1st.evtx,NORMAL
2026-03-26 04:28:44.161207+00:00,Security,4624,system,Successful Login,seclogs1st.evtx,NORMAL
2026-03-26 04:28:44.161213+00:00,Security,4672,system,,seclogs1st.evtx,NORMAL
2026-03-26 04:28:44.224068+00:00,Security,4624,system,Successful Login,seclogs1st.evtx,NORMAL
2026-03-26 04:28:44.224075+00:00,Security,4672,system,,seclogs1st.evtx,NORMAL
2026-03-26 04:28:44.422771+00:00,Security,4624,system,Successful Login,seclogs1st.evtx,NORMAL
2026-03-26 04:28:44.422781+00:00,Security,4672,system,,seclogs1st.evtx,NORMAL
2026-03-26 04:28:44.473763+00:00,Security,4624,system,Successful Login,seclogs1st.evtx,NORMAL
2026-03-26 04:28:44.473831+00:00,Security,4672,system,,seclogs1st.evtx,NORMAL
2026-03-26 04:28:44.602522+00:00,Security,4624,system,Successful Login,seclogs1st.evtx,NORMAL
2026-03-26 04:28:44.602528+00:00,Security,4672,system,,seclogs1st.evtx,NORMAL
2026-03-26 04:28:44.650776+00:00,Security,4624,system,Successful Login,seclogs1st.evtx,NORMAL
2026-03-26 04:28:44.650782+00:00,Security,4672,system,,seclogs1st.evtx,NORMAL
2026-03-26 04:28:44.722397+00:00,Security,5033,system,,seclogs1st.evtx,NORMAL
2026-03-26 04:28:44.867321+00:00,Security,4624,system,Successful Login,seclogs1st.evtx,NORMAL
2026-03-26 04:28:44.867327+00:00,Security,4672,system,,seclogs1st.evtx,NORMAL
2026-03-26 04:28:44.886002+00:00,Security,4624,system,Successful Login,seclogs1st.evtx,NORMAL
2026-03-26 04:28:44.886005+00:00,Security,4672,system,,seclogs1st.evtx,NORMAL
2026-03-26 04:28:44.890354+00:00,Security,4624,system,Successful Login,seclogs1st.evtx,NORMAL
2026-03-26 04:28:44.890360+00:00,Security,4672,system,,seclogs1st.evtx,NORMAL
2026-03-26 04:28:44.893726+00:00,Security,4624,system,Successful Login,seclogs1st.evtx,NORMAL
2026-03-26 04:28:44.893730+00:00,Security,4672,system,,seclogs1st.evtx,NORMAL
2026-03-26 04:28:44.922781+00:00,Security,4624,system,Successful Login,seclogs1st.evtx,NORMAL
2026-03-26 04:28:44.922787+00:00,Security,4672,system,,seclogs1st.evtx,NORMAL
2026-03-26 04:28:44.955091+00:00,Security,4624,system,Successful Login,seclogs1st.evtx,NORMAL
2026-03-26 04:28:44.955097+00:00,Security,4672,system,,seclogs1st.evtx,NORMAL
2026-03-26 04:28:44.956614+00:00,Security,4624,system,Successful Login,seclogs1st.evtx,NORMAL
2026-03-26 04:28:44.956619+00:00,Security,4672,system,,seclogs1st.evtx,NORMAL
2026-03-26 04:28:44.986588+00:00,Security,4624,system,Successful Login,seclogs1st.evtx,NORMAL
2026-03-26 04:28:44.986593+00:00,Security,4672,system,,seclogs1st.evtx,NORMAL
2026-03-26 04:28:45.012812+00:00,Security,4799,system,,seclogs1st.evtx,NORMAL
2026-03-26 04:28:45.013512+00:00,Security,4799,system,,seclogs1st.evtx,NORMAL
2026-03-26 04:28:45.020876+00:00,Security,4799,system,,seclogs1st.evtx,NORMAL
2026-03-26 04:28:45.021338+00:00,Security,4799,system,,seclogs1st.evtx,NORMAL
2026-03-26 04:28:45.029387+00:00,Security,4624,system,Successful Login,seclogs1st.evtx,NORMAL
2026-03-26 04:28:45.029402+00:00,Security,4672,system,,seclogs1st.evtx,NORMAL
2026-03-26 04:28:45.031080+00:00,Security,4624,system,Successful Login,seclogs1st.evtx,NORMAL
2026-03-26 04:28:45.031086+00:00,Security,4672,system,,seclogs1st.evtx,NORMAL
2026-03-26 04:28:45.042658+00:00,Security,4624,system,Successful Login,seclogs1st.evtx,NORMAL
2026-03-26 04:28:45.042664+00:00,Security,4672,system,,seclogs1st.evtx,NORMAL
2026-03-26 04:28:45.186598+00:00,Security,4624,system,Successful Login,seclogs1st.evtx,NORMAL
2026-03-26 04:28:45.186604+00:00,Security,4672,system,,seclogs1st.evtx,NORMAL
2026-03-26 04:28:45.936079+00:00,Security,5024,system,,seclogs1st.evtx,NORMAL
2026-03-26 04:28:50.466291+00:00,Security,4799,system,,seclogs1st.evtx,NORMAL
2026-03-26 04:28:50.466660+00:00,Security,4799,system,,seclogs1st.evtx,NORMAL
2026-03-26 04:28:54.346661+00:00,Security,4798,system,,seclogs1st.evtx,NORMAL
2026-03-26 04:29:13.691954+00:00,Security,4625,system,Failed Login,seclogs1st.evtx,HIGH
2026-03-26 04:29:22.880190+00:00,Security,4776,system,,seclogs1st.evtx,NORMAL
2026-03-26 04:29:22.890697+00:00,Security,4648,system,,seclogs1st.evtx,NORMAL
2026-03-26 04:29:22.890711+00:00,Security,4624,system,Successful Login,seclogs1st.evtx,NORMAL
2026-03-26 04:29:22.890715+00:00,Security,4672,system,,seclogs1st.evtx,NORMAL
2026-03-26 04:29:23.002909+00:00,Security,4799,system,,seclogs1st.evtx,NORMAL
2026-03-26 04:29:23.196192+00:00,Security,4624,system,Successful Login,seclogs1st.evtx,NORMAL
2026-03-26 04:29:23.196196+00:00,Security,4672,system,,seclogs1st.evtx,NORMAL
2026-03-26 04:29:23.464127+00:00,Security,4624,system,Successful Login,seclogs1st.evtx,NORMAL
2026-03-26 04:29:23.464132+00:00,Security,4672,system,,seclogs1st.evtx,NORMAL
2026-03-26 04:29:23.512274+00:00,Security,4624,system,Successful Login,seclogs1st.evtx,NORMAL
2026-03-26 04:29:23.512280+00:00,Security,4672,system,,seclogs1st.evtx,NORMAL
2026-03-26 04:29:23.623634+00:00,Security,5058,system,,seclogs1st.evtx,NORMAL
2026-03-26 04:29:23.629824+00:00,Security,5061,system,,seclogs1st.evtx,NORMAL
2026-03-26 04:29:23.630198+00:00,Security,5059,system,,seclogs1st.evtx,NORMAL
2026-03-26 04:29:23.667429+00:00,Security,5058,system,,seclogs1st.evtx,NORMAL
2026-03-26 04:29:23.672852+00:00,Security,5061,system,,seclogs1st.evtx,NORMAL
2026-03-26 04:29:23.673180+00:00,Security,5059,system,,seclogs1st.evtx,NORMAL
2026-03-26 04:29:27.643103+00:00,Security,5379,system,,seclogs1st.evtx,NORMAL
2026-03-26 04:29:27.944103+00:00,Security,4624,system,Successful Login,seclogs1st.evtx,NORMAL
2026-03-26 04:29:27.944109+00:00,Security,4672,system,,seclogs1st.evtx,NORMAL
2026-03-26 04:29:31.945164+00:00,Security,4624,system,Successful Login,seclogs1st.evtx,NORMAL
2026-03-26 04:29:31.945171+00:00,Security,4672,system,,seclogs1st.evtx,NORMAL
2026-03-26 04:29:58.658070+00:00,Security,4624,system,Successful Login,seclogs1st.evtx,NORMAL
2026-03-26 04:29:58.658075+00:00,Security,4672,system,,seclogs1st.evtx,NORMAL
2026-03-26 04:29:58.704412+00:00,Security,4624,system,Successful Login,seclogs1st.evtx,NORMAL
2026-03-26 04:29:58.704418+00:00,Security,4672,system,,seclogs1st.evtx,NORMAL
2026-03-26 04:30:00.993916+00:00,Security,4624,system,Successful Login,seclogs1st.evtx,NORMAL
2026-03-26 04:30:00.993921+00:00,Security,4672,system,,seclogs1st.evtx,NORMAL
2026-03-26 04:30:46.704031+00:00,Security,4624,system,Successful Login,seclogs1st.evtx,NORMAL
2026-03-26 04:30:46.704039+00:00,Security,4672,system,,seclogs1st.evtx,NORMAL
2026-03-26 04:30:46.780230+00:00,Security,4624,system,Successful Login,seclogs1st.evtx,NORMAL
2026-03-26 04:30:46.780235+00:00,Security,4672,system,,seclogs1st.evtx,NORMAL
2026-03-26 04:30:46.860369+00:00,Security,4624,system,Successful Login,seclogs1st.evtx,NORMAL
2026-03-26 04:30:46.860374+00:00,Security,4672,system,,seclogs1st.evtx,NORMAL
2026-03-26 04:32:43.676336+00:00,Security,4798,system,,seclogs1st.evtx,NORMAL
2026-03-26 04:33:42.234510+00:00,Security,4798,system,,seclogs1st.evtx,NORMAL
2026-02-10 20:54:25.328430+00:00,System,6009,system,System Activity,systemlogs1st.evtx,NORMAL
2026-02-10 20:54:25.328430+00:00,System,6005,system,System Activity,systemlogs1st.evtx,NORMAL
2026-02-10 20:54:06.561954+00:00,System,12,system,System Activity,systemlogs1st.evtx,NORMAL
2026-02-10 20:54:06.562065+00:00,System,153,system,System Activity,systemlogs1st.evtx,NORMAL
2026-02-10 20:54:06.562147+00:00,System,238,system,System Activity,systemlogs1st.evtx,NORMAL
2026-02-10 20:54:06.562147+00:00,System,25,system,System Activity,systemlogs1st.evtx,NORMAL
2026-02-10 20:54:06.562149+00:00,System,27,system,System Activity,systemlogs1st.evtx,NORMAL
2026-02-10 20:54:06.562178+00:00,System,18,system,System Activity,systemlogs1st.evtx,NORMAL
2026-02-10 20:54:06.562189+00:00,System,32,system,System Activity,systemlogs1st.evtx,NORMAL
2026-02-10 20:54:06.566515+00:00,System,20,system,System Activity,systemlogs1st.evtx,NORMAL
2026-02-10 20:54:06.628555+00:00,System,16,system,System Activity,systemlogs1st.evtx,NORMAL
2026-02-10 20:54:11.507792+00:00,System,6,system,System Activity,systemlogs1st.evtx,NORMAL
2026-02-10 20:54:11.508430+00:00,System,6,system,System Activity,systemlogs1st.evtx,NORMAL
2026-02-10 20:54:11.790430+00:00,System,98,system,System Activity,systemlogs1st.evtx,NORMAL
2026-02-10 20:54:14.716276+00:00,System,6,system,System Activity,systemlogs1st.evtx,NORMAL
2026-02-10 20:54:14.880869+00:00,System,55,system,System Activity,systemlogs1st.evtx,NORMAL
2026-02-10 20:54:14.883587+00:00,System,55,system,System Activity,systemlogs1st.evtx,NORMAL
2026-02-10 20:54:15.078588+00:00,System,6,system,System Activity,systemlogs1st.evtx,NORMAL
2026-02-10 20:54:15.135443+00:00,System,172,system,System Activity,systemlogs1st.evtx,NORMAL
2026-02-10 20:54:16.867146+00:00,System,24,system,System Activity,systemlogs1st.evtx,NORMAL
2026-02-10 20:54:17.268261+00:00,System,14,system,System Activity,systemlogs1st.evtx,NORMAL
2026-02-10 20:54:17.617783+00:00,System,16962,system,System Activity,systemlogs1st.evtx,NORMAL
2026-02-10 20:54:17.637197+00:00,System,16977,system,System Activity,systemlogs1st.evtx,NORMAL
2026-02-10 20:54:17.637201+00:00,System,16983,system,System Activity,systemlogs1st.evtx,NORMAL
2026-02-10 20:54:17.766911+00:00,System,7036,system,System Activity,systemlogs1st.evtx,NORMAL
2026-02-10 20:54:17.862112+00:00,System,7036,system,System Activity,systemlogs1st.evtx,NORMAL
2026-02-10 20:54:17.938843+00:00,System,7036,system,System Activity,systemlogs1st.evtx,NORMAL
2026-02-10 20:54:18.095093+00:00,System,7036,system,System Activity,systemlogs1st.evtx,NORMAL
2026-02-10 20:54:18.126570+00:00,System,7036,system,System Activity,systemlogs1st.evtx,NORMAL
2026-02-10 20:54:18.235708+00:00,System,7036,system,System Activity,systemlogs1st.evtx,NORMAL
2026-02-10 20:54:18.454506+00:00,System,7036,system,System Activity,systemlogs1st.evtx,NORMAL
2026-02-10 20:54:18.502146+00:00,System,7036,system,System Activity,systemlogs1st.evtx,NORMAL
2026-02-10 20:54:18.548195+00:00,System,7036,system,System Activity,systemlogs1st.evtx,NORMAL
2026-02-10 20:54:18.736385+00:00,System,7036,system,System Activity,systemlogs1st.evtx,NORMAL
2026-02-10 20:54:18.860659+00:00,System,7036,system,System Activity,systemlogs1st.evtx,NORMAL
2026-02-10 20:54:19.734800+00:00,System,7036,system,System Activity,systemlogs1st.evtx,NORMAL
2026-02-10 20:54:24.479305+00:00,System,16977,system,System Activity,systemlogs1st.evtx,NORMAL
2026-02-10 20:54:25.109703+00:00,System,7036,system,System Activity,systemlogs1st.evtx,NORMAL
2026-02-10 20:54:25.178905+00:00,System,16,system,System Activity,systemlogs1st.evtx,NORMAL
2026-02-10 20:54:25.187876+00:00,System,7036,system,System Activity,systemlogs1st.evtx,NORMAL
2026-02-10 20:54:25.293421+00:00,System,6,system,System Activity,systemlogs1st.evtx,NORMAL
2026-02-10 20:54:25.301426+00:00,System,6,system,System Activity,systemlogs1st.evtx,NORMAL
2026-02-10 20:54:25.312275+00:00,System,6,system,System Activity,systemlogs1st.evtx,NORMAL
2026-02-10 20:54:25.312304+00:00,System,1,system,System Activity,systemlogs1st.evtx,NORMAL
2026-02-10 20:54:25.312357+00:00,System,6,system,System Activity,systemlogs1st.evtx,NORMAL
2026-02-10 20:54:25.317026+00:00,System,6,system,System Activity,systemlogs1st.evtx,NORMAL
2026-02-10 20:54:25.312824+00:00,System,7036,system,System Activity,systemlogs1st.evtx,NORMAL
2026-02-10 20:54:25.323223+00:00,System,6,system,System Activity,systemlogs1st.evtx,NORMAL
2026-02-10 20:54:25.328430+00:00,System,7036,system,System Activity,systemlogs1st.evtx,NORMAL
2026-02-10 20:54:25.359615+00:00,System,7036,system,System Activity,systemlogs1st.evtx,NORMAL
2026-02-10 20:54:25.375269+00:00,System,7036,system,System Activity,systemlogs1st.evtx,NORMAL
2026-02-10 20:54:25.375269+00:00,System,7036,system,System Activity,systemlogs1st.evtx,NORMAL
2026-02-10 20:54:25.375269+00:00,System,7036,system,System Activity,systemlogs1st.evtx,NORMAL
2026-02-10 20:54:25.375269+00:00,System,7036,system,System Activity,systemlogs1st.evtx,NORMAL
2026-02-10 20:54:25.404438+00:00,System,50036,system,System Activity,systemlogs1st.evtx,NORMAL
2026-02-10 20:54:25.404482+00:00,System,50103,system,System Activity,systemlogs1st.evtx,NORMAL
2026-02-10 20:54:25.406130+00:00,System,50036,system,System Activity,systemlogs1st.evtx,NORMAL
2026-02-10 20:54:25.406601+00:00,System,7036,system,System Activity,systemlogs1st.evtx,NORMAL
2026-02-10 20:54:25.440058+00:00,System,51046,system,System Activity,systemlogs1st.evtx,NORMAL
2026-02-10 20:54:25.437952+00:00,System,7036,system,System Activity,systemlogs1st.evtx,NORMAL
2026-02-10 20:54:25.531782+00:00,System,7036,system,System Activity,systemlogs1st.evtx,NORMAL
2026-02-10 20:54:25.547195+00:00,System,7036,system,System Activity,systemlogs1st.evtx,NORMAL
2026-02-10 20:54:25.547195+00:00,System,7036,system,System Activity,systemlogs1st.evtx,NORMAL
2026-02-10 20:54:25.578426+00:00,System,7036,system,System Activity,systemlogs1st.evtx,NORMAL
2026-02-10 20:54:25.625324+00:00,System,7036,system,System Activity,systemlogs1st.evtx,NORMAL
2026-02-10 20:54:25.672262+00:00,System,7036,system,System Activity,systemlogs1st.evtx,NORMAL
2026-02-10 20:54:25.672262+00:00,System,7023,system,System Activity,systemlogs1st.evtx,NORMAL
2026-02-10 20:54:25.687788+00:00,System,7036,system,System Activity,systemlogs1st.evtx,NORMAL
2026-02-10 20:54:25.703634+00:00,System,7036,system,System Activity,systemlogs1st.evtx,NORMAL
2026-02-10 20:54:25.734690+00:00,System,7036,system,System Activity,systemlogs1st.evtx,NORMAL
2026-02-10 20:54:25.734690+00:00,System,7036,system,System Activity,systemlogs1st.evtx,NORMAL
2026-02-10 20:54:25.750772+00:00,System,7036,system,System Activity,systemlogs1st.evtx,NORMAL
2026-02-10 20:54:25.750772+00:00,System,7036,system,System Activity,systemlogs1st.evtx,NORMAL
2026-02-10 20:54:25.875244+00:00,System,7036,system,System Activity,systemlogs1st.evtx,NORMAL
2026-02-10 20:54:25.969112+00:00,System,7036,system,System Activity,systemlogs1st.evtx,NORMAL
2026-02-10 20:54:25.984686+00:00,System,7036,system,System Activity,systemlogs1st.evtx,NORMAL
2026-02-10 20:54:26.016598+00:00,System,7036,system,System Activity,systemlogs1st.evtx,NORMAL
2026-02-10 20:54:26.062744+00:00,System,7036,system,System Activity,systemlogs1st.evtx,NORMAL
2026-02-10 20:54:26.078381+00:00,System,7036,system,System Activity,systemlogs1st.evtx,NORMAL
2026-02-10 20:54:26.094036+00:00,System,7036,system,System Activity,systemlogs1st.evtx,NORMAL
2026-02-10 20:54:26.109625+00:00,System,7036,system,System Activity,systemlogs1st.evtx,NORMAL
2026-02-10 20:54:26.109625+00:00,System,7036,system,System Activity,systemlogs1st.evtx,NORMAL
2026-02-10 20:54:26.281805+00:00,System,3261,system,System Activity,systemlogs1st.evtx,NORMAL
2026-02-10 20:54:26.703526+00:00,System,10148,system,System Activity,systemlogs1st.evtx,NORMAL
2026-02-10 20:54:26.172234+00:00,System,7036,system,System Activity,systemlogs1st.evtx,NORMAL
2026-02-10 20:54:26.172234+00:00,System,7026,system,System Activity,systemlogs1st.evtx,NORMAL
2026-02-10 20:54:26.203362+00:00,System,7036,system,System Activity,systemlogs1st.evtx,NORMAL
2026-02-10 20:54:26.203362+00:00,System,7036,system,System Activity,systemlogs1st.evtx,NORMAL
2026-02-10 20:54:26.215261+00:00,System,134,system,System Activity,systemlogs1st.evtx,NORMAL
2026-02-10 20:54:26.218990+00:00,System,7036,system,System Activity,systemlogs1st.evtx,NORMAL
2026-02-10 20:54:26.250385+00:00,System,7036,system,System Activity,systemlogs1st.evtx,NORMAL
2026-02-10 20:54:26.328535+00:00,System,7036,system,System Activity,systemlogs1st.evtx,NORMAL
2026-02-10 20:54:26.437759+00:00,System,7045,system,System Activity,systemlogs1st.evtx,NORMAL
2026-02-10 20:54:26.453421+00:00,System,7036,system,System Activity,systemlogs1st.evtx,NORMAL
2026-02-10 20:54:26.703526+00:00,System,7036,system,System Activity,systemlogs1st.evtx,NORMAL
2026-02-10 20:54:26.844141+00:00,System,32,system,System Activity,systemlogs1st.evtx,NORMAL
2026-02-10 20:54:26.922159+00:00,System,7036,system,System Activity,systemlogs1st.evtx,NORMAL
2026-02-10 20:54:26.937746+00:00,System,7036,system,System Activity,systemlogs1st.evtx,NORMAL
2026-02-10 20:54:27.390888+00:00,System,7036,system,System Activity,systemlogs1st.evtx,NORMAL
2026-02-10 20:54:27.728828+00:00,System,134,system,System Activity,systemlogs1st.evtx,NORMAL
2026-02-10 20:54:27.798923+00:00,System,16,system,System Activity,systemlogs1st.evtx,NORMAL
2026-02-10 20:54:28.006157+00:00,System,16,system,System Activity,systemlogs1st.evtx,NORMAL
2026-02-10 20:54:28.385862+00:00,System,16,system,System Activity,systemlogs1st.evtx,NORMAL
2026-02-10 20:54:28.375368+00:00,System,7036,system,System Activity,systemlogs1st.evtx,NORMAL
2026-02-10 20:54:28.531755+00:00,System,7036,system,System Activity,systemlogs1st.evtx,NORMAL
2026-02-10 20:54:28.586433+00:00,System,16,system,System Activity,systemlogs1st.evtx,NORMAL
2026-02-10 20:54:28.787121+00:00,System,16,system,System Activity,systemlogs1st.evtx,NORMAL
2026-02-10 20:54:28.982567+00:00,System,16,system,System Activity,systemlogs1st.evtx,NORMAL
2026-02-10 20:54:29.177437+00:00,System,16,system,System Activity,systemlogs1st.evtx,NORMAL
2026-02-10 20:54:29.416704+00:00,System,16,system,System Activity,systemlogs1st.evtx,NORMAL
2026-02-10 20:54:29.608416+00:00,System,16,system,System Activity,systemlogs1st.evtx,NORMAL
2026-02-10 20:54:29.815174+00:00,System,16,system,System Activity,systemlogs1st.evtx,NORMAL
2026-02-10 20:54:30.026331+00:00,System,16,system,System Activity,systemlogs1st.evtx,NORMAL
2026-02-10 20:54:30.256746+00:00,System,16,system,System Activity,systemlogs1st.evtx,NORMAL
2026-02-10 20:54:30.455036+00:00,System,16,system,System Activity,systemlogs1st.evtx,NORMAL
2026-02-10 20:54:30.645857+00:00,System,16,system,System Activity,systemlogs1st.evtx,NORMAL
2026-02-10 20:54:30.905287+00:00,System,16,system,System Activity,systemlogs1st.evtx,NORMAL
2026-02-10 20:54:31.154055+00:00,System,16,system,System Activity,systemlogs1st.evtx,NORMAL
2026-02-10 20:54:31.367487+00:00,System,16,system,System Activity,systemlogs1st.evtx,NORMAL
2026-02-10 20:54:31.559755+00:00,System,16,system,System Activity,systemlogs1st.evtx,NORMAL
2026-02-10 20:54:31.843470+00:00,System,16,system,System Activity,systemlogs1st.evtx,NORMAL
2026-02-10 20:54:32.102335+00:00,System,16,system,System Activity,systemlogs1st.evtx,NORMAL
2026-02-10 20:54:32.366489+00:00,System,16,system,System Activity,systemlogs1st.evtx,NORMAL
2026-02-10 20:54:32.626848+00:00,System,16,system,System Activity,systemlogs1st.evtx,NORMAL
2026-02-10 20:54:32.891489+00:00,System,16,system,System Activity,systemlogs1st.evtx,NORMAL
2026-02-10 20:54:33.244997+00:00,System,16,system,System Activity,systemlogs1st.evtx,NORMAL
2026-02-10 20:54:33.471083+00:00,System,16,system,System Activity,systemlogs1st.evtx,NORMAL
2026-02-10 20:54:33.803087+00:00,System,16,system,System Activity,systemlogs1st.evtx,NORMAL
2026-02-10 20:54:34.251083+00:00,System,16,system,System Activity,systemlogs1st.evtx,NORMAL
2026-02-10 20:54:34.483915+00:00,System,16,system,System Activity,systemlogs1st.evtx,NORMAL
2026-02-10 20:54:34.733990+00:00,System,16,system,System Activity,systemlogs1st.evtx,NORMAL
2026-02-10 20:54:35.082718+00:00,System,16,system,System Activity,systemlogs1st.evtx,NORMAL
2026-02-10 20:54:36.219597+00:00,System,3,system,System Activity,systemlogs1st.evtx,NORMAL
2026-02-10 20:54:35.402378+00:00,System,16,system,System Activity,systemlogs1st.evtx,NORMAL
2026-02-10 20:54:36.219597+00:00,System,7036,system,System Activity,systemlogs1st.evtx,NORMAL
2026-02-10 20:54:37.437738+00:00,System,7036,system,System Activity,systemlogs1st.evtx,NORMAL
2026-02-10 20:54:39.120804+00:00,System,98,system,System Activity,systemlogs1st.evtx,NORMAL
2026-02-10 20:54:41.258520+00:00,System,2003,system,System Activity,systemlogs1st.evtx,NORMAL
2026-02-10 20:54:41.258633+00:00,System,2004,system,System Activity,systemlogs1st.evtx,NORMAL
2026-02-10 20:54:41.704844+00:00,System,1074,system,System Activity,systemlogs1st.evtx,NORMAL
2026-02-10 20:54:41.704844+00:00,System,7036,system,System Activity,systemlogs1st.evtx,NORMAL
2026-02-10 20:54:41.766434+00:00,System,7036,system,System Activity,systemlogs1st.evtx,NORMAL
2026-02-10 20:54:41.781561+00:00,System,7036,system,System Activity,systemlogs1st.evtx,NORMAL
2026-02-10 20:54:41.844467+00:00,System,7036,system,System Activity,systemlogs1st.evtx,NORMAL
2026-02-10 20:54:42.017427+00:00,System,10149,system,System Activity,systemlogs1st.evtx,NORMAL
2026-02-10 20:54:42.078829+00:00,System,6006,system,System Activity,systemlogs1st.evtx,NORMAL
2026-02-10 20:54:42.017427+00:00,System,7036,system,System Activity,systemlogs1st.evtx,NORMAL
2026-02-10 20:54:42.017427+00:00,System,7036,system,System Activity,systemlogs1st.evtx,NORMAL
2026-02-10 20:54:42.017427+00:00,System,7036,system,System Activity,systemlogs1st.evtx,NORMAL
2026-02-10 20:54:42.031527+00:00,System,7036,system,System Activity,systemlogs1st.evtx,NORMAL
2026-02-10 20:54:42.044336+00:00,System,50104,system,System Activity,systemlogs1st.evtx,NORMAL
2026-02-10 20:54:42.044415+00:00,System,50105,system,System Activity,systemlogs1st.evtx,NORMAL
2026-02-10 20:54:42.046103+00:00,System,50106,system,System Activity,systemlogs1st.evtx,NORMAL
2026-02-10 20:54:42.046764+00:00,System,51047,system,System Activity,systemlogs1st.evtx,NORMAL
2026-02-10 20:54:42.047144+00:00,System,7036,system,System Activity,systemlogs1st.evtx,NORMAL
2026-02-10 20:54:42.047144+00:00,System,7036,system,System Activity,systemlogs1st.evtx,NORMAL
2026-02-10 20:54:42.047144+00:00,System,7036,system,System Activity,systemlogs1st.evtx,NORMAL
2026-02-10 20:54:42.047144+00:00,System,7036,system,System Activity,systemlogs1st.evtx,NORMAL
2026-02-10 20:54:42.047144+00:00,System,7036,system,System Activity,systemlogs1st.evtx,NORMAL
2026-02-10 20:54:42.062744+00:00,System,7036,system,System Activity,systemlogs1st.evtx,NORMAL
2026-02-10 20:54:42.109730+00:00,System,7036,system,System Activity,systemlogs1st.evtx,NORMAL
2026-02-10 20:54:42.109730+00:00,System,7036,system,System Activity,systemlogs1st.evtx,NORMAL
2026-02-10 20:54:42.141495+00:00,System,7036,system,System Activity,systemlogs1st.evtx,NORMAL
2026-02-10 20:55:07.918640+00:00,System,6009,system,System Activity,systemlogs1st.evtx,NORMAL
2026-02-10 20:55:07.918640+00:00,System,6005,system,System Activity,systemlogs1st.evtx,NORMAL
2026-02-10 20:55:07.918640+00:00,System,6013,system,System Activity,systemlogs1st.evtx,NORMAL
2026-02-10 20:54:42.178543+00:00,System,51057,system,System Activity,systemlogs1st.evtx,NORMAL
2026-02-10 20:54:42.188240+00:00,System,7036,system,System Activity,systemlogs1st.evtx,NORMAL
2026-02-10 20:54:42.197172+00:00,System,50037,system,System Activity,systemlogs1st.evtx,NORMAL
2026-02-10 20:54:42.203951+00:00,System,7036,system,System Activity,systemlogs1st.evtx,NORMAL
2026-02-10 20:54:42.220690+00:00,System,7036,system,System Activity,systemlogs1st.evtx,NORMAL
2026-02-10 20:54:42.234739+00:00,System,7036,system,System Activity,systemlogs1st.evtx,NORMAL
2026-02-10 20:54:42.531506+00:00,System,7036,system,System Activity,systemlogs1st.evtx,NORMAL
2026-02-10 20:54:45.016886+00:00,System,7036,system,System Activity,systemlogs1st.evtx,NORMAL
2026-02-10 20:54:47.021078+00:00,System,109,system,System Activity,systemlogs1st.evtx,NORMAL
2026-02-10 20:54:47.480431+00:00,System,13,system,System Activity,systemlogs1st.evtx,NORMAL
2026-02-10 20:54:53.667311+00:00,System,12,system,System Activity,systemlogs1st.evtx,NORMAL
2026-02-10 20:54:53.667433+00:00,System,153,system,System Activity,systemlogs1st.evtx,NORMAL
2026-02-10 20:54:53.667496+00:00,System,238,system,System Activity,systemlogs1st.evtx,NORMAL
2026-02-10 20:54:53.667496+00:00,System,25,system,System Activity,systemlogs1st.evtx,NORMAL
2026-02-10 20:54:53.667496+00:00,System,27,system,System Activity,systemlogs1st.evtx,NORMAL
2026-02-10 20:54:53.667526+00:00,System,18,system,System Activity,systemlogs1st.evtx,NORMAL
2026-02-10 20:54:53.667542+00:00,System,32,system,System Activity,systemlogs1st.evtx,NORMAL
2026-02-10 20:54:53.669617+00:00,System,20,system,System Activity,systemlogs1st.evtx,NORMAL
2026-02-10 20:54:53.718674+00:00,System,16,system,System Activity,systemlogs1st.evtx,NORMAL
2026-02-10 20:54:58.323492+00:00,System,6,system,System Activity,systemlogs1st.evtx,NORMAL
2026-02-10 20:54:58.324228+00:00,System,6,system,System Activity,systemlogs1st.evtx,NORMAL
2026-02-10 20:54:58.420813+00:00,System,98,system,System Activity,systemlogs1st.evtx,NORMAL
2026-02-10 20:55:01.436508+00:00,System,6,system,System Activity,systemlogs1st.evtx,NORMAL
2026-02-10 20:55:01.533890+00:00,System,6,system,System Activity,systemlogs1st.evtx,NORMAL
2026-02-10 20:55:01.565252+00:00,System,172,system,System Activity,systemlogs1st.evtx,NORMAL
2026-02-10 20:55:01.749653+00:00,System,55,system,System Activity,systemlogs1st.evtx,NORMAL
2026-02-10 20:55:01.750465+00:00,System,55,system,System Activity,systemlogs1st.evtx,NORMAL
2026-02-10 20:55:02.107250+00:00,System,32,system,System Activity,systemlogs1st.evtx,NORMAL
2026-02-10 20:55:02.138126+00:00,System,98,system,System Activity,systemlogs1st.evtx,NORMAL
2026-02-10 20:55:02.475279+00:00,System,24,system,System Activity,systemlogs1st.evtx,NORMAL
2026-02-10 20:55:02.744974+00:00,System,14,system,System Activity,systemlogs1st.evtx,NORMAL
2026-02-10 20:55:02.888681+00:00,System,16962,system,System Activity,systemlogs1st.evtx,NORMAL
2026-02-10 20:55:02.897560+00:00,System,16977,system,System Activity,systemlogs1st.evtx,NORMAL
2026-02-10 20:55:02.897564+00:00,System,16983,system,System Activity,systemlogs1st.evtx,NORMAL
2026-02-10 20:55:02.927971+00:00,System,7036,system,System Activity,systemlogs1st.evtx,NORMAL
2026-02-10 20:55:02.958794+00:00,System,7036,system,System Activity,systemlogs1st.evtx,NORMAL
2026-02-10 20:55:02.974428+00:00,System,7036,system,System Activity,systemlogs1st.evtx,NORMAL
2026-02-10 20:55:02.990171+00:00,System,7036,system,System Activity,systemlogs1st.evtx,NORMAL
2026-02-10 20:55:03.021276+00:00,System,7036,system,System Activity,systemlogs1st.evtx,NORMAL
2026-02-10 20:55:03.052670+00:00,System,7036,system,System Activity,systemlogs1st.evtx,NORMAL
2026-02-10 20:55:03.146290+00:00,System,7036,system,System Activity,systemlogs1st.evtx,NORMAL
2026-02-10 20:55:03.161917+00:00,System,7036,system,System Activity,systemlogs1st.evtx,NORMAL
2026-02-10 20:55:03.161917+00:00,System,7036,system,System Activity,systemlogs1st.evtx,NORMAL
2026-02-10 20:55:03.193195+00:00,System,7036,system,System Activity,systemlogs1st.evtx,NORMAL
2026-02-10 20:55:03.209087+00:00,System,7036,system,System Activity,systemlogs1st.evtx,NORMAL
2026-02-10 20:55:03.318525+00:00,System,7036,system,System Activity,systemlogs1st.evtx,NORMAL
2026-02-10 20:55:07.918640+00:00,System,7036,system,System Activity,systemlogs1st.evtx,NORMAL
2026-02-10 20:55:07.918640+00:00,System,7036,system,System Activity,systemlogs1st.evtx,NORMAL
2026-02-10 20:55:07.965626+00:00,System,7036,system,System Activity,systemlogs1st.evtx,NORMAL
2026-02-10 20:55:08.043730+00:00,System,7036,system,System Activity,systemlogs1st.evtx,NORMAL
2026-02-10 20:55:08.070745+00:00,System,50036,system,System Activity,systemlogs1st.evtx,NORMAL
2026-02-10 20:55:08.070784+00:00,System,50103,system,System Activity,systemlogs1st.evtx,NORMAL
2026-02-10 20:55:08.071259+00:00,System,50036,system,System Activity,systemlogs1st.evtx,NORMAL
2026-02-10 20:55:08.163351+00:00,System,51046,system,System Activity,systemlogs1st.evtx,NORMAL
2026-02-10 20:55:08.168760+00:00,System,7036,system,System Activity,systemlogs1st.evtx,NORMAL
2026-02-10 20:55:08.231129+00:00,System,7036,system,System Activity,systemlogs1st.evtx,NORMAL
2026-02-10 20:55:08.309378+00:00,System,7036,system,System Activity,systemlogs1st.evtx,NORMAL
2026-02-10 20:55:08.325920+00:00,System,7036,system,System Activity,systemlogs1st.evtx,NORMAL
2026-02-10 20:55:08.341784+00:00,System,7036,system,System Activity,systemlogs1st.evtx,NORMAL
2026-02-10 20:55:08.356691+00:00,System,7036,system,System Activity,systemlogs1st.evtx,NORMAL
2026-02-10 20:55:08.444893+00:00,System,6,system,System Activity,systemlogs1st.evtx,NORMAL
2026-02-10 20:55:08.447163+00:00,System,6,system,System Activity,systemlogs1st.evtx,NORMAL
2026-02-10 20:55:08.475260+00:00,System,6,system,System Activity,systemlogs1st.evtx,NORMAL
2026-02-10 20:55:08.475273+00:00,System,1,system,System Activity,systemlogs1st.evtx,NORMAL
2026-02-10 20:55:08.475327+00:00,System,6,system,System Activity,systemlogs1st.evtx,NORMAL
2026-02-10 20:55:08.480066+00:00,System,6,system,System Activity,systemlogs1st.evtx,NORMAL
2026-02-10 20:55:08.486580+00:00,System,6,system,System Activity,systemlogs1st.evtx,NORMAL
2026-02-10 20:55:08.481224+00:00,System,7036,system,System Activity,systemlogs1st.evtx,NORMAL
2026-02-10 20:55:08.528587+00:00,System,7036,system,System Activity,systemlogs1st.evtx,NORMAL
2026-02-10 20:55:08.544182+00:00,System,7036,system,System Activity,systemlogs1st.evtx,NORMAL
2026-02-10 20:55:08.559359+00:00,System,7036,system,System Activity,systemlogs1st.evtx,NORMAL
2026-02-10 20:55:08.575928+00:00,System,7036,system,System Activity,systemlogs1st.evtx,NORMAL
2026-02-10 20:55:08.590557+00:00,System,7036,system,System Activity,systemlogs1st.evtx,NORMAL
2026-02-10 20:55:08.606344+00:00,System,7036,system,System Activity,systemlogs1st.evtx,NORMAL
2026-02-10 20:55:08.630165+00:00,System,37,system,System Activity,systemlogs1st.evtx,NORMAL
2026-02-10 20:55:08.637543+00:00,System,7036,system,System Activity,systemlogs1st.evtx,NORMAL
2026-02-10 20:55:08.637543+00:00,System,7036,system,System Activity,systemlogs1st.evtx,NORMAL
2026-02-10 20:55:09.450146+00:00,System,10148,system,System Activity,systemlogs1st.evtx,NORMAL
2026-02-10 20:55:08.669044+00:00,System,7036,system,System Activity,systemlogs1st.evtx,NORMAL
2026-02-10 20:55:08.684315+00:00,System,7036,system,System Activity,systemlogs1st.evtx,NORMAL
2026-02-10 20:55:08.715542+00:00,System,7036,system,System Activity,systemlogs1st.evtx,NORMAL
2026-02-10 20:55:08.731171+00:00,System,7036,system,System Activity,systemlogs1st.evtx,NORMAL
2026-02-10 20:55:08.746847+00:00,System,7036,system,System Activity,systemlogs1st.evtx,NORMAL
2026-02-10 20:55:08.778032+00:00,System,7036,system,System Activity,systemlogs1st.evtx,NORMAL
2026-02-10 20:55:08.778032+00:00,System,7036,system,System Activity,systemlogs1st.evtx,NORMAL
2026-02-10 20:55:08.904612+00:00,System,7036,system,System Activity,systemlogs1st.evtx,NORMAL
2026-02-10 20:55:08.918896+00:00,System,7036,system,System Activity,systemlogs1st.evtx,NORMAL
2026-02-10 20:55:08.965868+00:00,System,7036,system,System Activity,systemlogs1st.evtx,NORMAL
2026-02-10 20:55:08.996874+00:00,System,7036,system,System Activity,systemlogs1st.evtx,NORMAL
2026-02-10 20:55:08.996874+00:00,System,7036,system,System Activity,systemlogs1st.evtx,NORMAL
2026-02-10 20:55:09.043873+00:00,System,7036,system,System Activity,systemlogs1st.evtx,NORMAL
2026-02-10 20:55:09.059288+00:00,System,7036,system,System Activity,systemlogs1st.evtx,NORMAL
2026-02-10 20:55:09.059288+00:00,System,7036,system,System Activity,systemlogs1st.evtx,NORMAL
2026-02-10 20:55:09.091022+00:00,System,7036,system,System Activity,systemlogs1st.evtx,NORMAL
2026-02-10 20:55:09.091022+00:00,System,7036,system,System Activity,systemlogs1st.evtx,NORMAL
2026-02-10 20:55:09.200125+00:00,System,7036,system,System Activity,systemlogs1st.evtx,NORMAL
2026-02-10 20:55:09.200125+00:00,System,7026,system,System Activity,systemlogs1st.evtx,NORMAL
2026-02-10 20:55:09.231192+00:00,System,7036,system,System Activity,systemlogs1st.evtx,NORMAL
2026-02-10 20:55:09.278339+00:00,System,7036,system,System Activity,systemlogs1st.evtx,NORMAL
2026-02-10 20:55:09.325127+00:00,System,7036,system,System Activity,systemlogs1st.evtx,NORMAL
2026-02-10 20:55:09.387396+00:00,System,7036,system,System Activity,systemlogs1st.evtx,NORMAL
2026-02-10 20:55:09.403046+00:00,System,7036,system,System Activity,systemlogs1st.evtx,NORMAL
2026-02-10 20:55:09.497789+00:00,System,7036,system,System Activity,systemlogs1st.evtx,NORMAL
2026-02-10 20:55:09.762407+00:00,System,7036,system,System Activity,systemlogs1st.evtx,NORMAL
2026-02-10 20:55:10.483622+00:00,System,37,system,System Activity,systemlogs1st.evtx,NORMAL
2026-02-10 20:55:10.544149+00:00,System,7036,system,System Activity,systemlogs1st.evtx,NORMAL
2026-02-10 20:55:10.824968+00:00,System,7036,system,System Activity,systemlogs1st.evtx,NORMAL
2026-02-10 07:25:10.568649+00:00,System,24,system,System Activity,systemlogs1st.evtx,NORMAL
2026-02-10 07:25:10.568888+00:00,System,1,system,System Activity,systemlogs1st.evtx,NORMAL
2026-02-10 07:25:10.568981+00:00,System,52,system,System Activity,systemlogs1st.evtx,NORMAL
2026-02-10 07:25:10.569448+00:00,System,35,system,System Activity,systemlogs1st.evtx,NORMAL
2026-02-10 07:25:10.569706+00:00,System,24,system,System Activity,systemlogs1st.evtx,NORMAL
2026-02-10 07:25:10.569956+00:00,System,1,system,System Activity,systemlogs1st.evtx,NORMAL
2026-02-10 07:25:10.598503+00:00,System,7036,system,System Activity,systemlogs1st.evtx,NORMAL
2026-02-10 07:25:14.108028+00:00,System,16,system,System Activity,systemlogs1st.evtx,NORMAL
2026-02-10 07:25:14.109528+00:00,System,16,system,System Activity,systemlogs1st.evtx,NORMAL
2026-02-10 07:25:14.504873+00:00,System,7036,system,System Activity,systemlogs1st.evtx,NORMAL
2026-02-10 07:25:14.636814+00:00,System,1014,system,System Activity,systemlogs1st.evtx,NORMAL
2026-02-10 07:25:31.313696+00:00,System,16,system,System Activity,systemlogs1st.evtx,NORMAL
2026-02-10 07:25:31.643225+00:00,System,7036,system,System Activity,systemlogs1st.evtx,NORMAL
2026-02-10 07:25:31.893419+00:00,System,7036,system,System Activity,systemlogs1st.evtx,NORMAL
2026-02-10 07:25:31.987051+00:00,System,7036,system,System Activity,systemlogs1st.evtx,NORMAL
2026-02-10 07:25:32.064859+00:00,System,7036,system,System Activity,systemlogs1st.evtx,NORMAL
2026-02-10 07:25:32.591221+00:00,System,24,system,System Activity,systemlogs1st.evtx,NORMAL
2026-02-10 07:25:32.591347+00:00,System,1,system,System Activity,systemlogs1st.evtx,NORMAL
2026-02-10 07:25:33.455362+00:00,System,7040,system,System Activity,systemlogs1st.evtx,NORMAL
2026-02-10 07:25:33.739347+00:00,System,1500,system,System Activity,systemlogs1st.evtx,NORMAL
2026-02-10 07:25:33.845972+00:00,System,7036,system,System Activity,systemlogs1st.evtx,NORMAL
2026-02-10 07:25:33.877151+00:00,System,7036,system,System Activity,systemlogs1st.evtx,NORMAL
2026-02-10 07:25:33.939781+00:00,System,7036,system,System Activity,systemlogs1st.evtx,NORMAL
2026-02-10 07:25:33.955256+00:00,System,7036,system,System Activity,systemlogs1st.evtx,NORMAL
2026-02-10 07:25:34.256329+00:00,System,16,system,System Activity,systemlogs1st.evtx,NORMAL
2026-02-10 07:25:34.564754+00:00,System,7036,system,System Activity,systemlogs1st.evtx,NORMAL
2026-02-10 07:25:34.845821+00:00,System,7036,system,System Activity,systemlogs1st.evtx,NORMAL
2026-02-10 07:25:35.521757+00:00,System,7036,system,System Activity,systemlogs1st.evtx,NORMAL
2026-02-10 07:25:36.049547+00:00,System,7040,system,System Activity,systemlogs1st.evtx,NORMAL
2026-02-10 07:25:36.049547+00:00,System,7040,system,System Activity,systemlogs1st.evtx,NORMAL
2026-02-10 07:25:36.049547+00:00,System,7040,system,System Activity,systemlogs1st.evtx,NORMAL
2026-02-10 07:25:36.049547+00:00,System,7040,system,System Activity,systemlogs1st.evtx,NORMAL
2026-02-10 07:25:36.065153+00:00,System,7040,system,System Activity,systemlogs1st.evtx,NORMAL
2026-02-10 07:25:36.065153+00:00,System,7040,system,System Activity,systemlogs1st.evtx,NORMAL
2026-02-10 07:25:36.065153+00:00,System,7040,system,System Activity,systemlogs1st.evtx,NORMAL
2026-02-10 07:25:36.065153+00:00,System,7040,system,System Activity,systemlogs1st.evtx,NORMAL
2026-02-10 07:25:36.065153+00:00,System,7040,system,System Activity,systemlogs1st.evtx,NORMAL
2026-02-10 07:25:36.065153+00:00,System,7040,system,System Activity,systemlogs1st.evtx,NORMAL
2026-02-10 07:25:36.065153+00:00,System,7040,system,System Activity,systemlogs1st.evtx,NORMAL
2026-02-10 07:25:36.065153+00:00,System,7040,system,System Activity,systemlogs1st.evtx,NORMAL
2026-02-10 07:25:36.065153+00:00,System,7040,system,System Activity,systemlogs1st.evtx,NORMAL
2026-02-10 07:25:36.065153+00:00,System,7040,system,System Activity,systemlogs1st.evtx,NORMAL
2026-02-10 07:25:36.065153+00:00,System,7040,system,System Activity,systemlogs1st.evtx,NORMAL
2026-02-10 07:25:38.191803+00:00,System,1281,system,System Activity,systemlogs1st.evtx,NORMAL
2026-02-10 07:25:38.205290+00:00,System,7036,system,System Activity,systemlogs1st.evtx,NORMAL
2026-02-10 07:25:38.220676+00:00,System,7036,system,System Activity,systemlogs1st.evtx,NORMAL
2026-02-10 07:25:44.604387+00:00,System,7036,system,System Activity,systemlogs1st.evtx,NORMAL
2026-02-10 07:25:49.323511+00:00,System,7036,system,System Activity,systemlogs1st.evtx,NORMAL
2026-02-10 07:25:49.353891+00:00,System,7036,system,System Activity,systemlogs1st.evtx,NORMAL
2026-02-10 07:26:14.585800+00:00,System,7036,system,System Activity,systemlogs1st.evtx,NORMAL
2026-02-10 07:26:33.952513+00:00,System,7036,system,System Activity,systemlogs1st.evtx,NORMAL
2026-02-10 07:26:35.027700+00:00,System,7001,system,System Activity,systemlogs1st.evtx,NORMAL
2026-02-10 07:26:35.307009+00:00,System,16,system,System Activity,systemlogs1st.evtx,NORMAL
2026-02-10 07:26:37.819361+00:00,System,1501,system,System Activity,systemlogs1st.evtx,NORMAL
2026-02-10 07:26:38.046089+00:00,System,7036,system,System Activity,systemlogs1st.evtx,NORMAL
2026-02-10 07:26:38.093258+00:00,System,7036,system,System Activity,systemlogs1st.evtx,NORMAL
2026-02-10 07:26:38.202450+00:00,System,7036,system,System Activity,systemlogs1st.evtx,NORMAL
2026-02-10 07:26:38.249235+00:00,System,7036,system,System Activity,systemlogs1st.evtx,NORMAL
2026-02-10 07:26:38.515339+00:00,System,10016,system,System Activity,systemlogs1st.evtx,NORMAL
2026-02-10 07:26:38.593151+00:00,System,7036,system,System Activity,systemlogs1st.evtx,NORMAL
2026-02-10 07:26:39.764866+00:00,System,7036,system,System Activity,systemlogs1st.evtx,NORMAL
2026-02-10 07:26:39.842993+00:00,System,7036,system,System Activity,systemlogs1st.evtx,NORMAL
2026-02-10 07:26:42.905483+00:00,System,7045,system,System Activity,systemlogs1st.evtx,NORMAL
2026-02-10 07:26:42.905483+00:00,System,7030,system,System Activity,systemlogs1st.evtx,NORMAL
2026-02-10 07:26:48.688152+00:00,System,16,system,System Activity,systemlogs1st.evtx,NORMAL
2026-02-10 07:26:49.684040+00:00,System,16,system,System Activity,systemlogs1st.evtx,NORMAL
2026-02-10 07:26:51.250874+00:00,System,16,system,System Activity,systemlogs1st.evtx,NORMAL
2026-02-10 07:27:08.224810+00:00,System,7036,system,System Activity,systemlogs1st.evtx,NORMAL
2026-02-10 07:27:08.256504+00:00,System,7036,system,System Activity,systemlogs1st.evtx,NORMAL
2026-02-10 07:27:08.318775+00:00,System,7036,system,System Activity,systemlogs1st.evtx,NORMAL
2026-02-10 07:27:08.459181+00:00,System,7036,system,System Activity,systemlogs1st.evtx,NORMAL
2026-02-10 07:27:11.162306+00:00,System,7036,system,System Activity,systemlogs1st.evtx,NORMAL
2026-02-10 07:27:11.320904+00:00,System,7036,system,System Activity,systemlogs1st.evtx,NORMAL
2026-02-10 07:27:11.382795+00:00,System,7036,system,System Activity,systemlogs1st.evtx,NORMAL
2026-02-10 07:27:11.460691+00:00,System,7036,system,System Activity,systemlogs1st.evtx,NORMAL
2026-02-10 07:27:13.616957+00:00,System,7036,system,System Activity,systemlogs1st.evtx,NORMAL
2026-02-10 07:27:13.757765+00:00,System,7036,system,System Activity,systemlogs1st.evtx,NORMAL
2026-02-10 07:27:14.023672+00:00,System,7036,system,System Activity,systemlogs1st.evtx,NORMAL
2026-02-10 07:27:31.718313+00:00,System,7036,system,System Activity,systemlogs1st.evtx,NORMAL
2026-02-10 07:27:35.187794+00:00,System,7036,system,System Activity,systemlogs1st.evtx,NORMAL
2026-02-10 07:28:11.338024+00:00,System,7036,system,System Activity,systemlogs1st.evtx,NORMAL
2026-02-10 07:28:37.846663+00:00,System,7036,system,System Activity,systemlogs1st.evtx,NORMAL
2026-02-10 07:28:38.060917+00:00,System,7036,system,System Activity,systemlogs1st.evtx,NORMAL
2026-02-10 07:28:40.089699+00:00,System,7036,system,System Activity,systemlogs1st.evtx,NORMAL
2026-02-10 07:28:40.089699+00:00,System,7036,system,System Activity,systemlogs1st.evtx,NORMAL
2026-02-11 06:37:34.812853+00:00,System,6008,system,System Activity,systemlogs1st.evtx,NORMAL
2026-02-11 06:37:34.812853+00:00,System,6009,system,System Activity,systemlogs1st.evtx,NORMAL
2026-02-11 06:37:34.812853+00:00,System,6005,system,System Activity,systemlogs1st.evtx,NORMAL
2026-02-11 06:37:34.812853+00:00,System,6013,system,System Activity,systemlogs1st.evtx,NORMAL
2026-02-11 06:37:26.708181+00:00,System,12,system,System Activity,systemlogs1st.evtx,NORMAL
2026-02-11 06:37:26.708273+00:00,System,153,system,System Activity,systemlogs1st.evtx,NORMAL
2026-02-11 06:37:26.708445+00:00,System,20,system,System Activity,systemlogs1st.evtx,NORMAL
2026-02-11 06:37:26.708471+00:00,System,238,system,System Activity,systemlogs1st.evtx,NORMAL
2026-02-11 06:37:26.708471+00:00,System,25,system,System Activity,systemlogs1st.evtx,NORMAL
2026-02-11 06:37:26.708471+00:00,System,27,system,System Activity,systemlogs1st.evtx,NORMAL
2026-02-11 06:37:26.708496+00:00,System,18,system,System Activity,systemlogs1st.evtx,NORMAL
2026-02-11 06:37:26.708509+00:00,System,32,system,System Activity,systemlogs1st.evtx,NORMAL
2026-02-11 06:37:26.711445+00:00,System,20,system,System Activity,systemlogs1st.evtx,NORMAL
2026-02-11 06:37:26.765245+00:00,System,16,system,System Activity,systemlogs1st.evtx,NORMAL
2026-02-11 06:37:30.859463+00:00,System,6,system,System Activity,systemlogs1st.evtx,NORMAL
2026-02-11 06:37:30.860518+00:00,System,6,system,System Activity,systemlogs1st.evtx,NORMAL
2026-02-11 06:37:31.273863+00:00,System,98,system,System Activity,systemlogs1st.evtx,NORMAL
2026-02-11 06:37:31.337139+00:00,System,6,system,System Activity,systemlogs1st.evtx,NORMAL
2026-02-11 06:37:33.221495+00:00,System,6,system,System Activity,systemlogs1st.evtx,NORMAL
2026-02-11 06:37:33.249878+00:00,System,172,system,System Activity,systemlogs1st.evtx,NORMAL
2026-02-11 06:37:33.407526+00:00,System,55,system,System Activity,systemlogs1st.evtx,NORMAL
2026-02-11 06:37:33.408066+00:00,System,55,system,System Activity,systemlogs1st.evtx,NORMAL
2026-02-11 06:37:33.639658+00:00,System,32,system,System Activity,systemlogs1st.evtx,NORMAL
2026-02-11 06:37:33.668116+00:00,System,98,system,System Activity,systemlogs1st.evtx,NORMAL
2026-02-11 06:37:34.036934+00:00,System,24,system,System Activity,systemlogs1st.evtx,NORMAL
2026-02-11 06:37:34.292952+00:00,System,14,system,System Activity,systemlogs1st.evtx,NORMAL
2026-02-11 06:37:34.477827+00:00,System,16962,system,System Activity,systemlogs1st.evtx,NORMAL
2026-02-11 06:37:34.486807+00:00,System,16977,system,System Activity,systemlogs1st.evtx,NORMAL
2026-02-11 06:37:34.486809+00:00,System,16983,system,System Activity,systemlogs1st.evtx,NORMAL
2026-02-11 06:37:34.500399+00:00,System,7036,system,System Activity,systemlogs1st.evtx,NORMAL
2026-02-11 06:37:34.531776+00:00,System,7036,system,System Activity,systemlogs1st.evtx,NORMAL
2026-02-11 06:37:34.578444+00:00,System,7036,system,System Activity,systemlogs1st.evtx,NORMAL
2026-02-11 06:37:34.578444+00:00,System,7036,system,System Activity,systemlogs1st.evtx,NORMAL
2026-02-11 06:37:34.594067+00:00,System,7036,system,System Activity,systemlogs1st.evtx,NORMAL
2026-02-11 06:37:34.641003+00:00,System,7036,system,System Activity,systemlogs1st.evtx,NORMAL
2026-02-11 06:37:34.656712+00:00,System,7036,system,System Activity,systemlogs1st.evtx,NORMAL
2026-02-11 06:37:34.656712+00:00,System,7036,system,System Activity,systemlogs1st.evtx,NORMAL
2026-02-11 06:37:34.750389+00:00,System,7036,system,System Activity,systemlogs1st.evtx,NORMAL
2026-02-11 06:37:34.765957+00:00,System,7036,system,System Activity,systemlogs1st.evtx,NORMAL
2026-02-11 06:37:34.809557+00:00,System,6,system,System Activity,systemlogs1st.evtx,NORMAL
2026-02-11 06:37:34.823441+00:00,System,6,system,System Activity,systemlogs1st.evtx,NORMAL
2026-02-11 06:37:34.812853+00:00,System,7036,system,System Activity,systemlogs1st.evtx,NORMAL
2026-02-11 06:37:34.833069+00:00,System,6,system,System Activity,systemlogs1st.evtx,NORMAL
2026-02-11 06:37:34.833080+00:00,System,1,system,System Activity,systemlogs1st.evtx,NORMAL
2026-02-11 06:37:34.833120+00:00,System,6,system,System Activity,systemlogs1st.evtx,NORMAL
2026-02-11 06:37:34.841587+00:00,System,6,system,System Activity,systemlogs1st.evtx,NORMAL
2026-02-11 06:37:34.846031+00:00,System,6,system,System Activity,systemlogs1st.evtx,NORMAL
2026-02-11 06:37:34.844160+00:00,System,7036,system,System Activity,systemlogs1st.evtx,NORMAL
2026-02-11 06:37:34.875521+00:00,System,7036,system,System Activity,systemlogs1st.evtx,NORMAL
2026-02-11 06:37:34.875521+00:00,System,7036,system,System Activity,systemlogs1st.evtx,NORMAL
2026-02-11 06:37:34.890984+00:00,System,7036,system,System Activity,systemlogs1st.evtx,NORMAL
2026-02-11 06:37:34.890984+00:00,System,7036,system,System Activity,systemlogs1st.evtx,NORMAL
2026-02-11 06:37:34.890984+00:00,System,7036,system,System Activity,systemlogs1st.evtx,NORMAL
2026-02-11 06:37:34.906645+00:00,System,7036,system,System Activity,systemlogs1st.evtx,NORMAL
2026-02-11 06:37:34.926689+00:00,System,50036,system,System Activity,systemlogs1st.evtx,NORMAL
2026-02-11 06:37:34.926723+00:00,System,50103,system,System Activity,systemlogs1st.evtx,NORMAL
2026-02-11 06:37:34.927261+00:00,System,50036,system,System Activity,systemlogs1st.evtx,NORMAL
2026-02-11 06:37:35.000437+00:00,System,7036,system,System Activity,systemlogs1st.evtx,NORMAL
2026-02-11 06:37:35.004944+00:00,System,51046,system,System Activity,systemlogs1st.evtx,NORMAL
2026-02-11 06:37:35.031565+00:00,System,7036,system,System Activity,systemlogs1st.evtx,NORMAL
2026-02-11 06:37:35.078445+00:00,System,7036,system,System Activity,systemlogs1st.evtx,NORMAL
2026-02-11 06:37:35.219070+00:00,System,7036,system,System Activity,systemlogs1st.evtx,NORMAL
2026-02-11 06:37:35.281658+00:00,System,7036,system,System Activity,systemlogs1st.evtx,NORMAL
2026-02-11 06:37:35.281658+00:00,System,7036,system,System Activity,systemlogs1st.evtx,NORMAL
2026-02-11 06:37:35.297235+00:00,System,7036,system,System Activity,systemlogs1st.evtx,NORMAL
2026-02-11 06:37:35.344160+00:00,System,7036,system,System Activity,systemlogs1st.evtx,NORMAL
2026-02-11 06:37:35.344160+00:00,System,7036,system,System Activity,systemlogs1st.evtx,NORMAL
2026-02-11 06:37:35.359711+00:00,System,7036,system,System Activity,systemlogs1st.evtx,NORMAL
2026-02-11 06:37:35.375563+00:00,System,7036,system,System Activity,systemlogs1st.evtx,NORMAL
2026-02-11 06:37:35.375563+00:00,System,7036,system,System Activity,systemlogs1st.evtx,NORMAL
2026-02-11 06:37:35.407383+00:00,System,7036,system,System Activity,systemlogs1st.evtx,NORMAL
2026-02-11 06:37:35.407383+00:00,System,7036,system,System Activity,systemlogs1st.evtx,NORMAL
2026-02-11 06:37:35.407383+00:00,System,7036,system,System Activity,systemlogs1st.evtx,NORMAL
2026-02-11 06:37:35.422235+00:00,System,7036,system,System Activity,systemlogs1st.evtx,NORMAL
2026-02-11 06:37:35.594082+00:00,System,7036,system,System Activity,systemlogs1st.evtx,NORMAL
2026-02-11 06:37:35.594082+00:00,System,7036,system,System Activity,systemlogs1st.evtx,NORMAL
2026-02-11 06:37:35.609850+00:00,System,7036,system,System Activity,systemlogs1st.evtx,NORMAL
2026-02-11 06:37:35.625376+00:00,System,7036,system,System Activity,systemlogs1st.evtx,NORMAL
2026-02-11 06:37:35.656580+00:00,System,7036,system,System Activity,systemlogs1st.evtx,NORMAL
2026-02-11 06:37:35.656580+00:00,System,7036,system,System Activity,systemlogs1st.evtx,NORMAL
2026-02-11 06:37:35.656580+00:00,System,7036,system,System Activity,systemlogs1st.evtx,NORMAL
2026-02-11 06:37:35.719070+00:00,System,7036,system,System Activity,systemlogs1st.evtx,NORMAL
2026-02-11 06:37:35.766216+00:00,System,7036,system,System Activity,systemlogs1st.evtx,NORMAL
2026-02-11 06:37:35.781839+00:00,System,7036,system,System Activity,systemlogs1st.evtx,NORMAL
2026-02-11 06:37:35.859753+00:00,System,7036,system,System Activity,systemlogs1st.evtx,NORMAL
2026-02-11 06:37:35.890322+00:00,System,134,system,System Activity,systemlogs1st.evtx,NORMAL
2026-02-11 06:37:35.906580+00:00,System,7026,system,System Activity,systemlogs1st.evtx,NORMAL
2026-02-11 06:37:35.906580+00:00,System,7036,system,System Activity,systemlogs1st.evtx,NORMAL
2026-02-11 06:37:35.922192+00:00,System,7036,system,System Activity,systemlogs1st.evtx,NORMAL
2026-02-11 06:37:35.937902+00:00,System,7036,system,System Activity,systemlogs1st.evtx,NORMAL
2026-02-11 06:37:36.000355+00:00,System,7045,system,System Activity,systemlogs1st.evtx,NORMAL
2026-02-11 06:37:36.031731+00:00,System,7036,system,System Activity,systemlogs1st.evtx,NORMAL
2026-02-11 06:37:36.047211+00:00,System,3,system,System Activity,systemlogs1st.evtx,NORMAL
2026-02-11 06:37:36.187948+00:00,System,10148,system,System Activity,systemlogs1st.evtx,NORMAL
2026-02-11 06:37:36.062860+00:00,System,7036,system,System Activity,systemlogs1st.evtx,NORMAL
2026-02-11 06:37:36.078859+00:00,System,7036,system,System Activity,systemlogs1st.evtx,NORMAL
2026-02-11 06:37:36.391037+00:00,System,7036,system,System Activity,systemlogs1st.evtx,NORMAL
2026-02-11 06:37:36.484966+00:00,System,7036,system,System Activity,systemlogs1st.evtx,NORMAL
2026-02-11 06:37:36.578470+00:00,System,7036,system,System Activity,systemlogs1st.evtx,NORMAL
2026-02-11 06:37:36.610039+00:00,System,7036,system,System Activity,systemlogs1st.evtx,NORMAL
2026-02-11 06:37:37.391830+00:00,System,7036,system,System Activity,systemlogs1st.evtx,NORMAL
2026-02-11 06:37:37.507700+00:00,System,37,system,System Activity,systemlogs1st.evtx,NORMAL
2026-02-11 06:37:37.626064+00:00,System,7036,system,System Activity,systemlogs1st.evtx,NORMAL
2026-02-11 06:37:38.125984+00:00,System,7036,system,System Activity,systemlogs1st.evtx,NORMAL
2026-02-11 06:37:38.188818+00:00,System,7036,system,System Activity,systemlogs1st.evtx,NORMAL
2026-02-11 06:37:40.001038+00:00,System,7036,system,System Activity,systemlogs1st.evtx,NORMAL
2026-02-11 06:37:44.252722+00:00,System,1014,system,System Activity,systemlogs1st.evtx,NORMAL
2026-02-11 06:37:44.945360+00:00,System,7036,system,System Activity,systemlogs1st.evtx,NORMAL
2026-02-11 06:37:45.507706+00:00,System,7036,system,System Activity,systemlogs1st.evtx,NORMAL
2026-02-11 06:37:53.125376+00:00,System,24,system,System Activity,systemlogs1st.evtx,NORMAL
2026-02-11 06:37:53.125561+00:00,System,1,system,System Activity,systemlogs1st.evtx,NORMAL
2026-02-11 06:37:53.125751+00:00,System,35,system,System Activity,systemlogs1st.evtx,NORMAL
2026-02-11 06:37:53.126097+00:00,System,24,system,System Activity,systemlogs1st.evtx,NORMAL
2026-02-11 06:37:53.126265+00:00,System,1,system,System Activity,systemlogs1st.evtx,NORMAL
2026-02-11 06:38:08.838318+00:00,System,7036,system,System Activity,systemlogs1st.evtx,NORMAL
2026-02-11 06:38:10.142300+00:00,System,7001,system,System Activity,systemlogs1st.evtx,NORMAL
2026-02-11 06:38:10.448151+00:00,System,7036,system,System Activity,systemlogs1st.evtx,NORMAL
2026-02-11 06:38:10.495052+00:00,System,7036,system,System Activity,systemlogs1st.evtx,NORMAL
2026-02-11 06:38:10.588812+00:00,System,7036,system,System Activity,systemlogs1st.evtx,NORMAL
2026-02-11 06:38:10.620434+00:00,System,7036,system,System Activity,systemlogs1st.evtx,NORMAL
2026-02-11 06:38:10.792149+00:00,System,7036,system,System Activity,systemlogs1st.evtx,NORMAL
2026-02-11 06:38:10.886017+00:00,System,7036,system,System Activity,systemlogs1st.evtx,NORMAL
2026-02-11 06:38:11.027035+00:00,System,10016,system,System Activity,systemlogs1st.evtx,NORMAL
2026-02-11 06:38:11.042473+00:00,System,7036,system,System Activity,systemlogs1st.evtx,NORMAL
2026-02-11 06:38:11.215450+00:00,System,7036,system,System Activity,systemlogs1st.evtx,NORMAL
2026-02-11 06:38:13.114370+00:00,System,7036,system,System Activity,systemlogs1st.evtx,NORMAL
2026-02-11 06:38:21.722824+00:00,System,7036,system,System Activity,systemlogs1st.evtx,NORMAL
2026-02-11 06:38:32.469259+00:00,System,7036,system,System Activity,systemlogs1st.evtx,NORMAL
2026-02-11 06:38:32.469259+00:00,System,7036,system,System Activity,systemlogs1st.evtx,NORMAL
2026-02-11 06:38:58.310459+00:00,System,37,system,System Activity,systemlogs1st.evtx,NORMAL
2026-02-11 06:39:13.514072+00:00,System,1076,system,System Activity,systemlogs1st.evtx,NORMAL
2026-02-11 06:39:21.597956+00:00,System,7036,system,System Activity,systemlogs1st.evtx,NORMAL
2026-02-11 06:39:24.142231+00:00,System,7036,system,System Activity,systemlogs1st.evtx,NORMAL
2026-02-11 06:39:24.142231+00:00,System,7036,system,System Activity,systemlogs1st.evtx,NORMAL
2026-02-11 06:39:24.283056+00:00,System,7036,system,System Activity,systemlogs1st.evtx,NORMAL
2026-02-11 06:39:37.156601+00:00,System,7036,system,System Activity,systemlogs1st.evtx,NORMAL
2026-02-11 06:39:37.172354+00:00,System,7036,system,System Activity,systemlogs1st.evtx,NORMAL
2026-02-11 06:39:37.203421+00:00,System,7036,system,System Activity,systemlogs1st.evtx,NORMAL
2026-02-11 06:39:37.359642+00:00,System,7036,system,System Activity,systemlogs1st.evtx,NORMAL
2026-02-11 06:39:37.468966+00:00,System,7036,system,System Activity,systemlogs1st.evtx,NORMAL
2026-02-11 06:39:39.968418+00:00,System,7036,system,System Activity,systemlogs1st.evtx,NORMAL
2026-02-11 06:39:40.172096+00:00,System,7036,system,System Activity,systemlogs1st.evtx,NORMAL
2026-02-11 06:39:40.405930+00:00,System,7036,system,System Activity,systemlogs1st.evtx,NORMAL
2026-02-11 06:39:43.880032+00:00,System,7036,system,System Activity,systemlogs1st.evtx,NORMAL
2026-02-11 06:40:06.593126+00:00,System,7036,system,System Activity,systemlogs1st.evtx,NORMAL
2026-02-11 06:40:07.553202+00:00,System,7036,system,System Activity,systemlogs1st.evtx,NORMAL
2026-02-11 06:40:10.285196+00:00,System,7036,system,System Activity,systemlogs1st.evtx,NORMAL
2026-02-11 06:40:24.149202+00:00,System,7036,system,System Activity,systemlogs1st.evtx,NORMAL
2026-02-11 06:40:40.332167+00:00,System,7036,system,System Activity,systemlogs1st.evtx,NORMAL
2026-02-11 06:40:55.789516+00:00,System,7036,system,System Activity,systemlogs1st.evtx,NORMAL
2026-02-11 06:42:40.161879+00:00,System,7036,system,System Activity,systemlogs1st.evtx,NORMAL
2026-02-11 06:43:50.848692+00:00,System,7036,system,System Activity,systemlogs1st.evtx,NORMAL
2026-02-11 06:43:52.643261+00:00,System,7036,system,System Activity,systemlogs1st.evtx,NORMAL
2026-02-11 06:43:52.924290+00:00,System,7036,system,System Activity,systemlogs1st.evtx,NORMAL
2026-02-11 06:43:52.924290+00:00,System,7036,system,System Activity,systemlogs1st.evtx,NORMAL
2026-02-11 06:43:52.986753+00:00,System,7036,system,System Activity,systemlogs1st.evtx,NORMAL
2026-02-11 06:43:53.033785+00:00,System,7036,system,System Activity,systemlogs1st.evtx,NORMAL
2026-02-11 06:44:22.608988+00:00,System,7045,system,System Activity,systemlogs1st.evtx,NORMAL
2026-02-11 06:44:28.108955+00:00,System,7040,system,System Activity,systemlogs1st.evtx,NORMAL
2026-02-11 06:44:28.280832+00:00,System,7036,system,System Activity,systemlogs1st.evtx,NORMAL
2026-02-11 06:44:35.452692+00:00,System,7045,system,System Activity,systemlogs1st.evtx,NORMAL
2026-02-11 06:44:35.999792+00:00,System,7036,system,System Activity,systemlogs1st.evtx,NORMAL
2026-02-11 06:44:53.988071+00:00,System,7036,system,System Activity,systemlogs1st.evtx,NORMAL
2026-02-11 06:46:28.309143+00:00,System,7040,system,System Activity,systemlogs1st.evtx,NORMAL
2026-02-11 06:46:28.329660+00:00,System,7036,system,System Activity,systemlogs1st.evtx,NORMAL
2026-02-11 06:46:39.484037+00:00,System,7036,system,System Activity,systemlogs1st.evtx,NORMAL
2026-02-11 06:46:40.971760+00:00,System,7036,system,System Activity,systemlogs1st.evtx,NORMAL
2026-02-11 06:46:45.284893+00:00,System,7036,system,System Activity,systemlogs1st.evtx,NORMAL
2026-02-11 06:46:46.550489+00:00,System,7036,system,System Activity,systemlogs1st.evtx,NORMAL
2026-02-11 06:47:05.204386+00:00,System,44,system,System Activity,systemlogs1st.evtx,NORMAL
2026-02-11 06:47:05.204386+00:00,System,44,system,System Activity,systemlogs1st.evtx,NORMAL
2026-02-11 06:47:05.204880+00:00,System,44,system,System Activity,systemlogs1st.evtx,NORMAL
2026-02-11 06:47:05.204882+00:00,System,44,system,System Activity,systemlogs1st.evtx,NORMAL
2026-02-11 06:47:11.079458+00:00,System,7036,system,System Activity,systemlogs1st.evtx,NORMAL
2026-02-11 06:47:36.906481+00:00,System,7036,system,System Activity,systemlogs1st.evtx,NORMAL
2026-02-11 06:47:45.297604+00:00,System,7036,system,System Activity,systemlogs1st.evtx,NORMAL
2026-02-11 06:47:53.209011+00:00,System,44,system,System Activity,systemlogs1st.evtx,NORMAL
2026-02-11 06:47:59.423223+00:00,System,7036,system,System Activity,systemlogs1st.evtx,NORMAL
2026-02-11 06:48:11.241125+00:00,System,7036,system,System Activity,systemlogs1st.evtx,NORMAL
2026-02-11 06:48:18.361753+00:00,System,7036,system,System Activity,systemlogs1st.evtx,NORMAL
2026-02-11 06:48:21.870277+00:00,System,27,system,System Activity,systemlogs1st.evtx,NORMAL
2026-02-11 06:48:21.908457+00:00,System,7042,system,System Activity,systemlogs1st.evtx,NORMAL
2026-02-11 06:48:21.908457+00:00,System,7036,system,System Activity,systemlogs1st.evtx,NORMAL
2026-02-11 06:48:26.393408+00:00,System,1014,system,System Activity,systemlogs1st.evtx,NORMAL
2026-02-11 06:48:27.221205+00:00,System,32,system,System Activity,systemlogs1st.evtx,NORMAL
2026-02-11 06:48:28.471384+00:00,System,7036,system,System Activity,systemlogs1st.evtx,NORMAL
2026-02-11 06:48:28.783787+00:00,System,27,system,System Activity,systemlogs1st.evtx,NORMAL
2026-02-11 06:48:28.881502+00:00,System,7042,system,System Activity,systemlogs1st.evtx,NORMAL
2026-02-11 06:48:28.908556+00:00,System,7036,system,System Activity,systemlogs1st.evtx,NORMAL
2026-02-11 06:48:34.300020+00:00,System,32,system,System Activity,systemlogs1st.evtx,NORMAL
2026-02-11 06:48:34.909002+00:00,System,1014,system,System Activity,systemlogs1st.evtx,NORMAL
2026-02-11 06:48:35.471001+00:00,System,7036,system,System Activity,systemlogs1st.evtx,NORMAL
2026-02-11 06:48:42.002203+00:00,System,1014,system,System Activity,systemlogs1st.evtx,NORMAL
2026-02-11 06:48:46.953913+00:00,System,27,system,System Activity,systemlogs1st.evtx,NORMAL
2026-02-11 06:48:47.000795+00:00,System,7042,system,System Activity,systemlogs1st.evtx,NORMAL
2026-02-11 06:48:47.016447+00:00,System,7036,system,System Activity,systemlogs1st.evtx,NORMAL
2026-02-11 06:48:52.265892+00:00,System,32,system,System Activity,systemlogs1st.evtx,NORMAL
2026-02-11 06:48:53.484671+00:00,System,7036,system,System Activity,systemlogs1st.evtx,NORMAL
2026-02-11 06:48:53.736736+00:00,System,27,system,System Activity,systemlogs1st.evtx,NORMAL
2026-02-11 06:48:53.797106+00:00,System,7042,system,System Activity,systemlogs1st.evtx,NORMAL
2026-02-11 06:48:53.797106+00:00,System,7036,system,System Activity,systemlogs1st.evtx,NORMAL
2026-02-11 06:48:57.203362+00:00,System,1014,system,System Activity,systemlogs1st.evtx,NORMAL
2026-02-11 06:48:59.093834+00:00,System,32,system,System Activity,systemlogs1st.evtx,NORMAL
2026-02-11 06:48:59.938452+00:00,System,1014,system,System Activity,systemlogs1st.evtx,NORMAL
2026-02-11 06:49:00.468531+00:00,System,7036,system,System Activity,systemlogs1st.evtx,NORMAL
2026-02-11 06:49:06.761084+00:00,System,1014,system,System Activity,systemlogs1st.evtx,NORMAL
2026-02-11 06:49:36.019077+00:00,System,7036,system,System Activity,systemlogs1st.evtx,NORMAL
2026-02-11 06:49:38.582335+00:00,System,37,system,System Activity,systemlogs1st.evtx,NORMAL
2026-02-11 06:49:42.784859+00:00,System,7036,system,System Activity,systemlogs1st.evtx,NORMAL
2026-02-11 06:50:26.708809+00:00,System,7036,system,System Activity,systemlogs1st.evtx,NORMAL
2026-02-11 06:50:27.107601+00:00,System,43,system,System Activity,systemlogs1st.evtx,NORMAL
2026-02-11 06:50:38.452480+00:00,System,19,system,System Activity,systemlogs1st.evtx,NORMAL
2026-02-11 06:50:56.994827+00:00,System,7036,system,System Activity,systemlogs1st.evtx,NORMAL
2026-02-11 06:51:48.723665+00:00,System,7036,system,System Activity,systemlogs1st.evtx,NORMAL
2026-02-11 06:51:54.986885+00:00,System,7036,system,System Activity,systemlogs1st.evtx,NORMAL
2026-02-11 06:52:59.431507+00:00,System,7036,system,System Activity,systemlogs1st.evtx,NORMAL
2026-02-11 06:57:31.551594+00:00,System,27,system,System Activity,systemlogs1st.evtx,NORMAL
2026-02-11 06:57:31.598688+00:00,System,7042,system,System Activity,systemlogs1st.evtx,NORMAL
2026-02-11 06:57:31.614199+00:00,System,7036,system,System Activity,systemlogs1st.evtx,NORMAL
2026-02-11 06:57:36.807447+00:00,System,32,system,System Activity,systemlogs1st.evtx,NORMAL
2026-02-11 06:57:38.042648+00:00,System,7036,system,System Activity,systemlogs1st.evtx,NORMAL
2026-02-11 06:57:39.890364+00:00,System,27,system,System Activity,systemlogs1st.evtx,NORMAL
2026-02-11 06:57:39.937706+00:00,System,7042,system,System Activity,systemlogs1st.evtx,NORMAL
2026-02-11 06:57:39.937706+00:00,System,7036,system,System Activity,systemlogs1st.evtx,NORMAL
2026-02-11 06:57:44.463747+00:00,System,1014,system,System Activity,systemlogs1st.evtx,NORMAL
2026-02-11 06:57:45.097637+00:00,System,32,system,System Activity,systemlogs1st.evtx,NORMAL
2026-02-11 06:57:46.495981+00:00,System,7036,system,System Activity,systemlogs1st.evtx,NORMAL
2026-02-11 06:57:53.743286+00:00,System,1014,system,System Activity,systemlogs1st.evtx,NORMAL
2026-02-11 07:20:26.735018+00:00,System,6008,system,System Activity,systemlogs1st.evtx,NORMAL
2026-02-11 07:20:26.735018+00:00,System,6009,system,System Activity,systemlogs1st.evtx,NORMAL
2026-02-11 07:20:26.735018+00:00,System,6005,system,System Activity,systemlogs1st.evtx,NORMAL
2026-02-11 07:20:26.735018+00:00,System,6013,system,System Activity,systemlogs1st.evtx,NORMAL
2026-02-11 07:20:16.863901+00:00,System,12,system,System Activity,systemlogs1st.evtx,NORMAL
2026-02-11 07:20:16.864031+00:00,System,153,system,System Activity,systemlogs1st.evtx,NORMAL
2026-02-11 07:20:16.864208+00:00,System,20,system,System Activity,systemlogs1st.evtx,NORMAL
2026-02-11 07:20:16.864233+00:00,System,238,system,System Activity,systemlogs1st.evtx,NORMAL
2026-02-11 07:20:16.864235+00:00,System,25,system,System Activity,systemlogs1st.evtx,NORMAL
2026-02-11 07:20:16.864235+00:00,System,27,system,System Activity,systemlogs1st.evtx,NORMAL
2026-02-11 07:20:16.864262+00:00,System,18,system,System Activity,systemlogs1st.evtx,NORMAL
2026-02-11 07:20:16.864294+00:00,System,32,system,System Activity,systemlogs1st.evtx,NORMAL
2026-02-11 07:20:16.868950+00:00,System,20,system,System Activity,systemlogs1st.evtx,NORMAL
2026-02-11 07:20:16.924072+00:00,System,16,system,System Activity,systemlogs1st.evtx,NORMAL
2026-02-11 07:20:19.386986+00:00,System,3,system,System Activity,systemlogs1st.evtx,NORMAL
2026-02-11 07:20:21.412355+00:00,System,6,system,System Activity,systemlogs1st.evtx,NORMAL
2026-02-11 07:20:21.413713+00:00,System,6,system,System Activity,systemlogs1st.evtx,NORMAL
2026-02-11 07:20:21.573938+00:00,System,98,system,System Activity,systemlogs1st.evtx,NORMAL
2026-02-11 07:20:21.650381+00:00,System,6,system,System Activity,systemlogs1st.evtx,NORMAL
2026-02-11 07:20:24.133350+00:00,System,6,system,System Activity,systemlogs1st.evtx,NORMAL
2026-02-11 07:20:24.189026+00:00,System,41,system,System Activity,systemlogs1st.evtx,NORMAL
2026-02-11 07:20:24.191071+00:00,System,172,system,System Activity,systemlogs1st.evtx,NORMAL
2026-02-11 07:20:24.427248+00:00,System,55,system,System Activity,systemlogs1st.evtx,NORMAL
2026-02-11 07:20:24.428288+00:00,System,55,system,System Activity,systemlogs1st.evtx,NORMAL
2026-02-11 07:20:24.685677+00:00,System,32,system,System Activity,systemlogs1st.evtx,NORMAL
2026-02-11 07:20:24.709087+00:00,System,98,system,System Activity,systemlogs1st.evtx,NORMAL
2026-02-11 07:20:25.347353+00:00,System,24,system,System Activity,systemlogs1st.evtx,NORMAL
2026-02-11 07:20:25.785847+00:00,System,14,system,System Activity,systemlogs1st.evtx,NORMAL
2026-02-11 07:20:26.159012+00:00,System,16962,system,System Activity,systemlogs1st.evtx,NORMAL
2026-02-11 07:20:26.176680+00:00,System,16977,system,System Activity,systemlogs1st.evtx,NORMAL
2026-02-11 07:20:26.176683+00:00,System,16983,system,System Activity,systemlogs1st.evtx,NORMAL
2026-02-11 07:20:26.203781+00:00,System,7036,system,System Activity,systemlogs1st.evtx,NORMAL
2026-02-11 07:20:26.250673+00:00,System,7036,system,System Activity,systemlogs1st.evtx,NORMAL
2026-02-11 07:20:26.281870+00:00,System,7036,system,System Activity,systemlogs1st.evtx,NORMAL
2026-02-11 07:20:26.297470+00:00,System,7036,system,System Activity,systemlogs1st.evtx,NORMAL
2026-02-11 07:20:26.328728+00:00,System,7036,system,System Activity,systemlogs1st.evtx,NORMAL
2026-02-11 07:20:26.406988+00:00,System,7036,system,System Activity,systemlogs1st.evtx,NORMAL
2026-02-11 07:20:26.469397+00:00,System,7036,system,System Activity,systemlogs1st.evtx,NORMAL
2026-02-11 07:20:26.500771+00:00,System,7036,system,System Activity,systemlogs1st.evtx,NORMAL
2026-02-11 07:20:26.656864+00:00,System,7036,system,System Activity,systemlogs1st.evtx,NORMAL
2026-02-11 07:20:26.688307+00:00,System,7036,system,System Activity,systemlogs1st.evtx,NORMAL
2026-02-11 07:20:26.703770+00:00,System,7036,system,System Activity,systemlogs1st.evtx,NORMAL
2026-02-11 07:20:26.735018+00:00,System,7036,system,System Activity,systemlogs1st.evtx,NORMAL
2026-02-11 07:20:26.797331+00:00,System,6,system,System Activity,systemlogs1st.evtx,NORMAL
2026-02-11 07:20:26.804087+00:00,System,6,system,System Activity,systemlogs1st.evtx,NORMAL
2026-02-11 07:20:26.832630+00:00,System,6,system,System Activity,systemlogs1st.evtx,NORMAL
2026-02-11 07:20:26.832651+00:00,System,1,system,System Activity,systemlogs1st.evtx,NORMAL
2026-02-11 07:20:26.833031+00:00,System,6,system,System Activity,systemlogs1st.evtx,NORMAL
2026-02-11 07:20:26.828760+00:00,System,7036,system,System Activity,systemlogs1st.evtx,NORMAL
2026-02-11 07:20:26.876953+00:00,System,6,system,System Activity,systemlogs1st.evtx,NORMAL
2026-02-11 07:20:26.888519+00:00,System,6,system,System Activity,systemlogs1st.evtx,NORMAL
2026-02-11 07:20:27.000696+00:00,System,7036,system,System Activity,systemlogs1st.evtx,NORMAL
2026-02-11 07:20:27.024967+00:00,System,50036,system,System Activity,systemlogs1st.evtx,NORMAL
2026-02-11 07:20:27.025047+00:00,System,50103,system,System Activity,systemlogs1st.evtx,NORMAL
2026-02-11 07:20:27.028975+00:00,System,50036,system,System Activity,systemlogs1st.evtx,NORMAL
2026-02-11 07:20:27.032072+00:00,System,7036,system,System Activity,systemlogs1st.evtx,NORMAL
2026-02-11 07:20:27.047472+00:00,System,7036,system,System Activity,systemlogs1st.evtx,NORMAL
2026-02-11 07:20:27.063221+00:00,System,7036,system,System Activity,systemlogs1st.evtx,NORMAL
2026-02-11 07:20:27.063221+00:00,System,7036,system,System Activity,systemlogs1st.evtx,NORMAL
2026-02-11 07:20:27.094454+00:00,System,7036,system,System Activity,systemlogs1st.evtx,NORMAL
2026-02-11 07:20:27.101196+00:00,System,51046,system,System Activity,systemlogs1st.evtx,NORMAL
2026-02-11 07:20:27.188173+00:00,System,7036,system,System Activity,systemlogs1st.evtx,NORMAL
2026-02-11 07:20:27.250891+00:00,System,7036,system,System Activity,systemlogs1st.evtx,NORMAL
2026-02-11 07:20:27.250891+00:00,System,7036,system,System Activity,systemlogs1st.evtx,NORMAL
2026-02-11 07:20:27.344355+00:00,System,7036,system,System Activity,systemlogs1st.evtx,NORMAL
2026-02-11 07:20:27.376019+00:00,System,7036,system,System Activity,systemlogs1st.evtx,NORMAL
2026-02-11 07:20:27.422548+00:00,System,7036,system,System Activity,systemlogs1st.evtx,NORMAL
2026-02-11 07:20:27.422548+00:00,System,7036,system,System Activity,systemlogs1st.evtx,NORMAL
2026-02-11 07:20:27.547558+00:00,System,7036,system,System Activity,systemlogs1st.evtx,NORMAL
2026-02-11 07:20:27.563437+00:00,System,7036,system,System Activity,systemlogs1st.evtx,NORMAL
2026-02-11 07:20:27.625605+00:00,System,7036,system,System Activity,systemlogs1st.evtx,NORMAL
2026-02-11 07:20:27.641220+00:00,System,7036,system,System Activity,systemlogs1st.evtx,NORMAL
2026-02-11 07:20:27.656849+00:00,System,7036,system,System Activity,systemlogs1st.evtx,NORMAL
2026-02-11 07:20:27.656849+00:00,System,7036,system,System Activity,systemlogs1st.evtx,NORMAL
2026-02-11 07:20:27.672779+00:00,System,7036,system,System Activity,systemlogs1st.evtx,NORMAL
2026-02-11 07:20:28.031923+00:00,System,7036,system,System Activity,systemlogs1st.evtx,NORMAL
2026-02-11 07:20:28.094349+00:00,System,7036,system,System Activity,systemlogs1st.evtx,NORMAL
2026-02-11 07:20:28.094349+00:00,System,7036,system,System Activity,systemlogs1st.evtx,NORMAL
2026-02-11 07:20:28.109983+00:00,System,7036,system,System Activity,systemlogs1st.evtx,NORMAL
2026-02-11 07:20:28.157351+00:00,System,7036,system,System Activity,systemlogs1st.evtx,NORMAL
2026-02-11 07:20:28.157351+00:00,System,7036,system,System Activity,systemlogs1st.evtx,NORMAL
2026-02-11 07:20:28.157351+00:00,System,7036,system,System Activity,systemlogs1st.evtx,NORMAL
2026-02-11 07:20:28.157351+00:00,System,7036,system,System Activity,systemlogs1st.evtx,NORMAL
2026-02-11 07:20:28.266253+00:00,System,7036,system,System Activity,systemlogs1st.evtx,NORMAL
2026-02-11 07:20:28.281866+00:00,System,7036,system,System Activity,systemlogs1st.evtx,NORMAL
2026-02-11 07:20:28.313097+00:00,System,7036,system,System Activity,systemlogs1st.evtx,NORMAL
2026-02-11 07:20:28.313097+00:00,System,7026,system,System Activity,systemlogs1st.evtx,NORMAL
2026-02-11 07:20:28.766592+00:00,System,10148,system,System Activity,systemlogs1st.evtx,NORMAL
2026-02-11 07:20:28.516939+00:00,System,7036,system,System Activity,systemlogs1st.evtx,NORMAL
2026-02-11 07:20:28.563480+00:00,System,7036,system,System Activity,systemlogs1st.evtx,NORMAL
2026-02-11 07:20:28.579185+00:00,System,7036,system,System Activity,systemlogs1st.evtx,NORMAL
2026-02-11 07:20:28.641603+00:00,System,7036,system,System Activity,systemlogs1st.evtx,NORMAL
2026-02-11 07:20:28.688751+00:00,System,7036,system,System Activity,systemlogs1st.evtx,NORMAL
2026-02-11 07:20:28.719746+00:00,System,7036,system,System Activity,systemlogs1st.evtx,NORMAL
2026-02-11 07:20:28.844761+00:00,System,7036,system,System Activity,systemlogs1st.evtx,NORMAL
2026-02-11 07:20:28.860472+00:00,System,7036,system,System Activity,systemlogs1st.evtx,NORMAL
2026-02-11 07:20:29.016930+00:00,System,7036,system,System Activity,systemlogs1st.evtx,NORMAL
2026-02-11 07:20:29.129833+00:00,System,37,system,System Activity,systemlogs1st.evtx,NORMAL
2026-02-11 07:20:29.141661+00:00,System,7036,system,System Activity,systemlogs1st.evtx,NORMAL
2026-02-11 07:20:30.866278+00:00,System,37,system,System Activity,systemlogs1st.evtx,NORMAL
2026-02-11 07:20:34.641851+00:00,System,1014,system,System Activity,systemlogs1st.evtx,NORMAL
2026-02-11 07:20:41.532211+00:00,System,7036,system,System Activity,systemlogs1st.evtx,NORMAL
2026-02-11 07:20:43.087112+00:00,System,7001,system,System Activity,systemlogs1st.evtx,NORMAL
2026-02-11 07:20:43.642012+00:00,System,7036,system,System Activity,systemlogs1st.evtx,NORMAL
2026-02-11 07:20:43.797831+00:00,System,7036,system,System Activity,systemlogs1st.evtx,NORMAL
2026-02-11 07:20:43.969711+00:00,System,7036,system,System Activity,systemlogs1st.evtx,NORMAL
2026-02-11 07:20:44.032293+00:00,System,7036,system,System Activity,systemlogs1st.evtx,NORMAL
2026-02-11 07:20:44.310564+00:00,System,35,system,System Activity,systemlogs1st.evtx,NORMAL
2026-02-11 07:20:44.313540+00:00,System,7036,system,System Activity,systemlogs1st.evtx,NORMAL
2026-02-11 07:20:44.532503+00:00,System,7036,system,System Activity,systemlogs1st.evtx,NORMAL
2026-02-11 07:20:44.563519+00:00,System,7036,system,System Activity,systemlogs1st.evtx,NORMAL
2026-02-11 07:20:44.579100+00:00,System,10016,system,System Activity,systemlogs1st.evtx,NORMAL
2026-02-11 07:20:44.876154+00:00,System,7036,system,System Activity,systemlogs1st.evtx,NORMAL
2026-02-11 07:20:51.910267+00:00,System,27,system,System Activity,systemlogs1st.evtx,NORMAL
2026-02-11 07:20:52.016237+00:00,System,7042,system,System Activity,systemlogs1st.evtx,NORMAL
2026-02-11 07:20:52.095911+00:00,System,7036,system,System Activity,systemlogs1st.evtx,NORMAL
2026-02-11 07:20:55.398277+00:00,System,1076,system,System Activity,systemlogs1st.evtx,NORMAL
2026-02-11 07:20:56.315746+00:00,System,1014,system,System Activity,systemlogs1st.evtx,NORMAL
2026-02-11 07:20:57.361471+00:00,System,7036,system,System Activity,systemlogs1st.evtx,NORMAL
2026-02-11 07:20:58.754498+00:00,System,32,system,System Activity,systemlogs1st.evtx,NORMAL
2026-02-11 07:21:00.233559+00:00,System,7036,system,System Activity,systemlogs1st.evtx,NORMAL
2026-02-11 07:21:06.456459+00:00,System,1014,system,System Activity,systemlogs1st.evtx,NORMAL
2026-02-11 07:21:14.886835+00:00,System,7036,system,System Activity,systemlogs1st.evtx,NORMAL
2026-02-11 07:21:36.725479+00:00,System,37,system,System Activity,systemlogs1st.evtx,NORMAL
2026-02-11 07:21:44.093531+00:00,System,7036,system,System Activity,systemlogs1st.evtx,NORMAL
2026-02-11 07:22:27.647274+00:00,System,7036,system,System Activity,systemlogs1st.evtx,NORMAL
2026-02-11 07:22:27.798395+00:00,System,7036,system,System Activity,systemlogs1st.evtx,NORMAL
2026-02-11 07:22:27.798395+00:00,System,7036,system,System Activity,systemlogs1st.evtx,NORMAL
2026-02-11 07:22:28.062002+00:00,System,7036,system,System Activity,systemlogs1st.evtx,NORMAL
2026-02-11 07:22:28.186819+00:00,System,7036,system,System Activity,systemlogs1st.evtx,NORMAL
2026-02-11 07:22:28.374411+00:00,System,7036,system,System Activity,systemlogs1st.evtx,NORMAL
2026-02-11 07:22:28.483603+00:00,System,7036,system,System Activity,systemlogs1st.evtx,NORMAL
2026-02-11 07:22:31.010395+00:00,System,7036,system,System Activity,systemlogs1st.evtx,NORMAL
2026-02-11 07:22:31.245758+00:00,System,7036,system,System Activity,systemlogs1st.evtx,NORMAL
2026-02-11 07:22:31.276165+00:00,System,7036,system,System Activity,systemlogs1st.evtx,NORMAL
2026-02-11 07:22:31.495028+00:00,System,7036,system,System Activity,systemlogs1st.evtx,NORMAL
2026-02-11 07:22:32.417206+00:00,System,7036,system,System Activity,systemlogs1st.evtx,NORMAL
2026-02-11 07:22:32.980379+00:00,System,7036,system,System Activity,systemlogs1st.evtx,NORMAL
2026-02-11 07:22:42.637220+00:00,System,7036,system,System Activity,systemlogs1st.evtx,NORMAL
2026-02-11 07:22:58.329979+00:00,System,7036,system,System Activity,systemlogs1st.evtx,NORMAL
2026-02-11 07:23:14.680044+00:00,System,7036,system,System Activity,systemlogs1st.evtx,NORMAL
2026-02-11 07:23:31.255827+00:00,System,7036,system,System Activity,systemlogs1st.evtx,NORMAL
2026-02-11 07:25:30.677347+00:00,System,7036,system,System Activity,systemlogs1st.evtx,NORMAL
2026-02-11 07:27:28.510914+00:00,System,7036,system,System Activity,systemlogs1st.evtx,NORMAL
2026-02-11 07:29:27.922066+00:00,System,7036,system,System Activity,systemlogs1st.evtx,NORMAL
2026-02-11 07:29:32.141388+00:00,System,7036,system,System Activity,systemlogs1st.evtx,NORMAL
2026-02-11 07:30:19.182793+00:00,System,7036,system,System Activity,systemlogs1st.evtx,NORMAL
2026-02-11 07:30:27.493771+00:00,System,7036,system,System Activity,systemlogs1st.evtx,NORMAL
2026-02-11 07:30:39.764553+00:00,System,7036,system,System Activity,systemlogs1st.evtx,NORMAL
2026-02-11 07:30:47.441299+00:00,System,7036,system,System Activity,systemlogs1st.evtx,NORMAL
2026-02-11 07:30:56.859442+00:00,System,7036,system,System Activity,systemlogs1st.evtx,NORMAL
2026-02-11 07:30:56.899660+00:00,System,44,system,System Activity,systemlogs1st.evtx,NORMAL
2026-02-11 07:31:12.062826+00:00,System,7036,system,System Activity,systemlogs1st.evtx,NORMAL
2026-02-11 07:31:12.125015+00:00,System,7036,system,System Activity,systemlogs1st.evtx,NORMAL
2026-02-11 07:31:12.781338+00:00,System,7036,system,System Activity,systemlogs1st.evtx,NORMAL
2026-02-11 07:31:13.109324+00:00,System,7036,system,System Activity,systemlogs1st.evtx,NORMAL
2026-02-11 07:31:14.344175+00:00,System,7036,system,System Activity,systemlogs1st.evtx,NORMAL
2026-02-11 07:31:18.843431+00:00,System,7036,system,System Activity,systemlogs1st.evtx,NORMAL
2026-02-11 07:31:25.265160+00:00,System,7036,system,System Activity,systemlogs1st.evtx,NORMAL
2026-02-11 07:31:29.030584+00:00,System,7036,system,System Activity,systemlogs1st.evtx,NORMAL
2026-02-11 07:31:36.983953+00:00,System,7036,system,System Activity,systemlogs1st.evtx,NORMAL
2026-02-11 07:31:59.983725+00:00,System,7036,system,System Activity,systemlogs1st.evtx,NORMAL
2026-02-11 07:32:07.389442+00:00,System,7036,system,System Activity,systemlogs1st.evtx,NORMAL
2026-02-11 07:32:07.452358+00:00,System,7036,system,System Activity,systemlogs1st.evtx,NORMAL
2026-02-11 07:32:32.499109+00:00,System,7036,system,System Activity,systemlogs1st.evtx,NORMAL
2026-02-11 07:33:30.394899+00:00,System,7036,system,System Activity,systemlogs1st.evtx,NORMAL
2026-02-11 07:34:18.130228+00:00,System,7036,system,System Activity,systemlogs1st.evtx,NORMAL
2026-02-11 07:34:55.004612+00:00,System,7036,system,System Activity,systemlogs1st.evtx,NORMAL
2026-02-11 07:35:09.801275+00:00,System,7036,system,System Activity,systemlogs1st.evtx,NORMAL
2026-02-11 07:35:10.196531+00:00,System,43,system,System Activity,systemlogs1st.evtx,NORMAL
2026-02-11 07:35:16.113825+00:00,System,7036,system,System Activity,systemlogs1st.evtx,NORMAL
2026-02-11 07:35:16.832624+00:00,System,7036,system,System Activity,systemlogs1st.evtx,NORMAL
2026-02-11 07:35:19.530317+00:00,System,1,system,System Activity,systemlogs1st.evtx,NORMAL
2026-02-11 07:35:19.614386+00:00,System,7036,system,System Activity,systemlogs1st.evtx,NORMAL
2026-02-11 07:35:22.238966+00:00,System,7036,system,System Activity,systemlogs1st.evtx,NORMAL
2026-02-11 07:35:25.332783+00:00,System,7036,system,System Activity,systemlogs1st.evtx,NORMAL
2026-02-11 07:35:26.536417+00:00,System,6,system,System Activity,systemlogs1st.evtx,NORMAL
2026-02-11 07:35:35.348566+00:00,System,7045,system,System Activity,systemlogs1st.evtx,NORMAL
2026-02-11 07:35:35.442223+00:00,System,7036,system,System Activity,systemlogs1st.evtx,NORMAL
2026-02-11 07:35:35.565714+00:00,System,19,system,System Activity,systemlogs1st.evtx,NORMAL
2026-02-11 07:35:35.582821+00:00,System,7036,system,System Activity,systemlogs1st.evtx,NORMAL
2026-02-11 07:35:35.848787+00:00,System,7045,system,System Activity,systemlogs1st.evtx,NORMAL
2026-02-11 07:35:40.208155+00:00,System,7036,system,System Activity,systemlogs1st.evtx,NORMAL
2026-02-11 07:35:52.164261+00:00,System,7036,system,System Activity,systemlogs1st.evtx,NORMAL
2026-02-11 07:36:13.618448+00:00,System,7036,system,System Activity,systemlogs1st.evtx,NORMAL
2026-02-11 07:37:02.421577+00:00,System,7036,system,System Activity,systemlogs1st.evtx,NORMAL
2026-02-11 07:37:11.486732+00:00,System,566,system,System Activity,systemlogs1st.evtx,NORMAL
2026-02-11 07:40:11.526583+00:00,System,27,system,System Activity,systemlogs1st.evtx,NORMAL
2026-02-11 07:40:11.802666+00:00,System,7042,system,System Activity,systemlogs1st.evtx,NORMAL
2026-02-11 07:40:11.819139+00:00,System,7036,system,System Activity,systemlogs1st.evtx,NORMAL
2026-02-11 07:40:20.606527+00:00,System,32,system,System Activity,systemlogs1st.evtx,NORMAL
2026-02-11 07:40:23.342562+00:00,System,7036,system,System Activity,systemlogs1st.evtx,NORMAL
2026-02-11 07:40:50.252520+00:00,System,1014,system,System Activity,systemlogs1st.evtx,NORMAL
2026-02-11 07:40:50.398245+00:00,System,27,system,System Activity,systemlogs1st.evtx,NORMAL
2026-02-11 07:40:50.585575+00:00,System,7042,system,System Activity,systemlogs1st.evtx,NORMAL
2026-02-11 07:40:50.710972+00:00,System,7036,system,System Activity,systemlogs1st.evtx,NORMAL
2026-02-11 07:40:56.615612+00:00,System,32,system,System Activity,systemlogs1st.evtx,NORMAL
2026-02-11 07:40:57.166458+00:00,System,7036,system,System Activity,systemlogs1st.evtx,NORMAL
2026-02-11 07:40:58.042681+00:00,System,7036,system,System Activity,systemlogs1st.evtx,NORMAL
2026-02-11 07:41:04.477161+00:00,System,1014,system,System Activity,systemlogs1st.evtx,NORMAL
2026-02-11 07:41:08.145016+00:00,System,7036,system,System Activity,systemlogs1st.evtx,NORMAL
2026-03-04 07:13:13.875837+00:00,System,6008,system,System Activity,systemlogs1st.evtx,NORMAL
2026-03-04 07:13:13.891506+00:00,System,6009,system,System Activity,systemlogs1st.evtx,NORMAL
2026-03-04 07:13:13.891506+00:00,System,6005,system,System Activity,systemlogs1st.evtx,NORMAL
2026-03-04 07:13:13.907114+00:00,System,6013,system,System Activity,systemlogs1st.evtx,NORMAL
2026-03-04 07:12:53.202646+00:00,System,12,system,System Activity,systemlogs1st.evtx,NORMAL
2026-03-04 07:12:53.202827+00:00,System,153,system,System Activity,systemlogs1st.evtx,NORMAL
2026-03-04 07:12:53.202909+00:00,System,20,system,System Activity,systemlogs1st.evtx,NORMAL
2026-03-04 07:12:53.202938+00:00,System,238,system,System Activity,systemlogs1st.evtx,NORMAL
2026-03-04 07:12:53.202938+00:00,System,25,system,System Activity,systemlogs1st.evtx,NORMAL
2026-03-04 07:12:53.202938+00:00,System,27,system,System Activity,systemlogs1st.evtx,NORMAL
2026-03-04 07:12:53.202997+00:00,System,18,system,System Activity,systemlogs1st.evtx,NORMAL
2026-03-04 07:12:53.203030+00:00,System,32,system,System Activity,systemlogs1st.evtx,NORMAL
2026-03-04 07:12:53.208612+00:00,System,20,system,System Activity,systemlogs1st.evtx,NORMAL
2026-03-04 07:12:53.267944+00:00,System,16,system,System Activity,systemlogs1st.evtx,NORMAL
2026-03-04 07:12:56.307440+00:00,System,3,system,System Activity,systemlogs1st.evtx,NORMAL
2026-03-04 07:12:58.551180+00:00,System,6,system,System Activity,systemlogs1st.evtx,NORMAL
2026-03-04 07:12:58.554056+00:00,System,6,system,System Activity,systemlogs1st.evtx,NORMAL
2026-03-04 07:12:59.518103+00:00,System,98,system,System Activity,systemlogs1st.evtx,NORMAL
2026-03-04 07:12:59.680977+00:00,System,6,system,System Activity,systemlogs1st.evtx,NORMAL
2026-03-04 07:13:05.787386+00:00,System,6,system,System Activity,systemlogs1st.evtx,NORMAL
2026-03-04 07:13:05.944078+00:00,System,41,system,System Activity,systemlogs1st.evtx,NORMAL
2026-03-04 07:13:05.947569+00:00,System,172,system,System Activity,systemlogs1st.evtx,NORMAL
2026-03-04 07:13:06.539803+00:00,System,55,system,System Activity,systemlogs1st.evtx,NORMAL
2026-03-04 07:13:06.544628+00:00,System,55,system,System Activity,systemlogs1st.evtx,NORMAL
2026-03-04 07:13:06.888979+00:00,System,32,system,System Activity,systemlogs1st.evtx,NORMAL
2026-03-04 07:13:06.960115+00:00,System,98,system,System Activity,systemlogs1st.evtx,NORMAL
2026-03-04 07:13:07.069374+00:00,System,16,system,System Activity,systemlogs1st.evtx,NORMAL
2026-03-04 07:13:07.075611+00:00,System,16,system,System Activity,systemlogs1st.evtx,NORMAL
2026-03-04 07:13:07.097683+00:00,System,16,system,System Activity,systemlogs1st.evtx,NORMAL
2026-03-04 07:13:09.561495+00:00,System,16,system,System Activity,systemlogs1st.evtx,NORMAL
2026-03-04 07:13:09.616016+00:00,System,24,system,System Activity,systemlogs1st.evtx,NORMAL
2026-03-04 07:13:11.293156+00:00,System,14,system,System Activity,systemlogs1st.evtx,NORMAL
2026-03-04 07:13:12.213654+00:00,System,16962,system,System Activity,systemlogs1st.evtx,NORMAL
2026-03-04 07:13:12.245134+00:00,System,16977,system,System Activity,systemlogs1st.evtx,NORMAL
2026-03-04 07:13:12.245142+00:00,System,16983,system,System Activity,systemlogs1st.evtx,NORMAL
2026-03-04 07:13:12.360113+00:00,System,7036,system,System Activity,systemlogs1st.evtx,NORMAL
2026-03-04 07:13:12.485086+00:00,System,7036,system,System Activity,systemlogs1st.evtx,NORMAL
2026-03-04 07:13:12.519762+00:00,System,16,system,System Activity,systemlogs1st.evtx,NORMAL
2026-03-04 07:13:12.547590+00:00,System,7036,system,System Activity,systemlogs1st.evtx,NORMAL
2026-03-04 07:13:12.625790+00:00,System,7036,system,System Activity,systemlogs1st.evtx,NORMAL
2026-03-04 07:13:12.672642+00:00,System,7036,system,System Activity,systemlogs1st.evtx,NORMAL
2026-03-04 07:13:12.844847+00:00,System,7036,system,System Activity,systemlogs1st.evtx,NORMAL
2026-03-04 07:13:12.907665+00:00,System,7036,system,System Activity,systemlogs1st.evtx,NORMAL
2026-03-04 07:13:12.938400+00:00,System,7036,system,System Activity,systemlogs1st.evtx,NORMAL
2026-03-04 07:13:13.134142+00:00,System,16,system,System Activity,systemlogs1st.evtx,NORMAL
2026-03-04 07:13:13.137476+00:00,System,16,system,System Activity,systemlogs1st.evtx,NORMAL
2026-03-04 07:13:13.281960+00:00,System,7036,system,System Activity,systemlogs1st.evtx,NORMAL
2026-03-04 07:13:13.328995+00:00,System,7036,system,System Activity,systemlogs1st.evtx,NORMAL
2026-03-04 07:13:13.469559+00:00,System,7036,system,System Activity,systemlogs1st.evtx,NORMAL
2026-03-04 07:13:13.685413+00:00,System,6,system,System Activity,systemlogs1st.evtx,NORMAL
2026-03-04 07:13:13.687754+00:00,System,6,system,System Activity,systemlogs1st.evtx,NORMAL
2026-03-04 07:13:13.859198+00:00,System,6,system,System Activity,systemlogs1st.evtx,NORMAL
2026-03-04 07:13:13.859232+00:00,System,1,system,System Activity,systemlogs1st.evtx,NORMAL
2026-03-04 07:13:13.859402+00:00,System,6,system,System Activity,systemlogs1st.evtx,NORMAL
2026-03-04 07:13:13.902620+00:00,System,6,system,System Activity,systemlogs1st.evtx,NORMAL
2026-03-04 07:13:13.907114+00:00,System,7036,system,System Activity,systemlogs1st.evtx,NORMAL
2026-03-04 07:13:13.990490+00:00,System,6,system,System Activity,systemlogs1st.evtx,NORMAL
2026-03-04 07:13:14.110413+00:00,System,7036,system,System Activity,systemlogs1st.evtx,NORMAL
2026-03-04 07:13:14.156954+00:00,System,7036,system,System Activity,systemlogs1st.evtx,NORMAL
2026-03-04 07:13:14.266342+00:00,System,7036,system,System Activity,systemlogs1st.evtx,NORMAL
2026-03-04 07:13:14.266342+00:00,System,7036,system,System Activity,systemlogs1st.evtx,NORMAL
2026-03-04 07:13:14.282082+00:00,System,7036,system,System Activity,systemlogs1st.evtx,NORMAL
2026-03-04 07:13:14.282082+00:00,System,7036,system,System Activity,systemlogs1st.evtx,NORMAL
2026-03-04 07:13:14.345266+00:00,System,50036,system,System Activity,systemlogs1st.evtx,NORMAL
2026-03-04 07:13:14.345499+00:00,System,50103,system,System Activity,systemlogs1st.evtx,NORMAL
2026-03-04 07:13:14.347481+00:00,System,50036,system,System Activity,systemlogs1st.evtx,NORMAL
2026-03-04 07:13:14.344608+00:00,System,7036,system,System Activity,systemlogs1st.evtx,NORMAL
2026-03-04 07:13:14.360495+00:00,System,7036,system,System Activity,systemlogs1st.evtx,NORMAL
2026-03-04 07:13:14.565672+00:00,System,51046,system,System Activity,systemlogs1st.evtx,NORMAL
2026-03-04 07:13:14.610979+00:00,System,7036,system,System Activity,systemlogs1st.evtx,NORMAL
2026-03-04 07:13:14.625767+00:00,System,7036,system,System Activity,systemlogs1st.evtx,NORMAL
2026-03-04 07:13:15.094469+00:00,System,7036,system,System Activity,systemlogs1st.evtx,NORMAL
2026-03-04 07:13:15.203871+00:00,System,7036,system,System Activity,systemlogs1st.evtx,NORMAL
2026-03-04 07:13:15.376045+00:00,System,7036,system,System Activity,systemlogs1st.evtx,NORMAL
2026-03-04 07:13:15.391396+00:00,System,7036,system,System Activity,systemlogs1st.evtx,NORMAL
2026-03-04 07:13:15.500935+00:00,System,7036,system,System Activity,systemlogs1st.evtx,NORMAL
2026-03-04 07:13:15.516550+00:00,System,7036,system,System Activity,systemlogs1st.evtx,NORMAL
2026-03-04 07:13:15.610674+00:00,System,7036,system,System Activity,systemlogs1st.evtx,NORMAL
2026-03-04 07:13:15.610674+00:00,System,7036,system,System Activity,systemlogs1st.evtx,NORMAL
2026-03-04 07:13:15.625826+00:00,System,7036,system,System Activity,systemlogs1st.evtx,NORMAL
2026-03-04 07:13:15.844847+00:00,System,7036,system,System Activity,systemlogs1st.evtx,NORMAL
2026-03-04 07:13:15.970318+00:00,System,7036,system,System Activity,systemlogs1st.evtx,NORMAL
2026-03-04 07:13:16.016548+00:00,System,7036,system,System Activity,systemlogs1st.evtx,NORMAL
2026-03-04 07:13:16.469660+00:00,System,7036,system,System Activity,systemlogs1st.evtx,NORMAL
2026-03-04 07:13:16.922586+00:00,System,7036,system,System Activity,systemlogs1st.evtx,NORMAL
2026-03-04 07:13:17.079296+00:00,System,7036,system,System Activity,systemlogs1st.evtx,NORMAL
2026-03-04 07:13:17.750975+00:00,System,7036,system,System Activity,systemlogs1st.evtx,NORMAL
2026-03-04 07:13:17.750975+00:00,System,7036,system,System Activity,systemlogs1st.evtx,NORMAL
2026-03-04 07:13:17.750975+00:00,System,7036,system,System Activity,systemlogs1st.evtx,NORMAL
2026-03-04 07:13:17.907005+00:00,System,7036,system,System Activity,systemlogs1st.evtx,NORMAL
2026-03-04 07:13:17.922720+00:00,System,7036,system,System Activity,systemlogs1st.evtx,NORMAL
2026-03-04 07:13:18.047745+00:00,System,7036,system,System Activity,systemlogs1st.evtx,NORMAL
2026-03-04 07:13:18.141392+00:00,System,7036,system,System Activity,systemlogs1st.evtx,NORMAL
2026-03-04 07:13:18.157049+00:00,System,7036,system,System Activity,systemlogs1st.evtx,NORMAL
2026-03-04 07:13:18.157049+00:00,System,7036,system,System Activity,systemlogs1st.evtx,NORMAL
2026-03-04 07:13:18.313688+00:00,System,7026,system,System Activity,systemlogs1st.evtx,NORMAL
2026-03-04 07:13:18.688265+00:00,System,7036,system,System Activity,systemlogs1st.evtx,NORMAL
2026-03-04 07:13:19.000883+00:00,System,7036,system,System Activity,systemlogs1st.evtx,NORMAL
2026-03-04 07:13:19.036779+00:00,System,37,system,System Activity,systemlogs1st.evtx,NORMAL
2026-03-04 07:13:20.000845+00:00,System,10148,system,System Activity,systemlogs1st.evtx,NORMAL
2026-03-04 07:13:19.079456+00:00,System,7036,system,System Activity,systemlogs1st.evtx,NORMAL
2026-03-04 07:13:19.516365+00:00,System,7036,system,System Activity,systemlogs1st.evtx,NORMAL
2026-03-04 07:13:19.547907+00:00,System,7036,system,System Activity,systemlogs1st.evtx,NORMAL
2026-03-04 07:13:19.641832+00:00,System,7036,system,System Activity,systemlogs1st.evtx,NORMAL
2026-03-04 07:13:19.844788+00:00,System,7036,system,System Activity,systemlogs1st.evtx,NORMAL
2026-03-04 07:13:20.313568+00:00,System,7036,system,System Activity,systemlogs1st.evtx,NORMAL
2026-03-04 07:13:20.938276+00:00,System,7036,system,System Activity,systemlogs1st.evtx,NORMAL
2026-03-04 07:13:20.963316+00:00,System,37,system,System Activity,systemlogs1st.evtx,NORMAL
2026-03-04 07:13:22.304602+00:00,System,16,system,System Activity,systemlogs1st.evtx,NORMAL
2026-03-04 07:13:24.298019+00:00,System,1014,system,System Activity,systemlogs1st.evtx,NORMAL
2026-03-04 07:13:27.828907+00:00,System,7036,system,System Activity,systemlogs1st.evtx,NORMAL
2026-03-04 07:13:29.344728+00:00,System,7036,system,System Activity,systemlogs1st.evtx,NORMAL
2026-03-04 07:13:29.438240+00:00,System,7036,system,System Activity,systemlogs1st.evtx,NORMAL
2026-03-04 07:13:29.531963+00:00,System,7036,system,System Activity,systemlogs1st.evtx,NORMAL
2026-03-04 07:13:30.095150+00:00,System,7036,system,System Activity,systemlogs1st.evtx,NORMAL
2026-03-04 07:13:30.110220+00:00,System,7036,system,System Activity,systemlogs1st.evtx,NORMAL
2026-03-04 07:13:30.135717+00:00,System,16,system,System Activity,systemlogs1st.evtx,NORMAL
2026-03-04 07:13:30.219454+00:00,System,7036,system,System Activity,systemlogs1st.evtx,NORMAL
2026-03-04 07:13:30.375990+00:00,System,7036,system,System Activity,systemlogs1st.evtx,NORMAL
2026-03-04 07:13:30.406954+00:00,System,7036,system,System Activity,systemlogs1st.evtx,NORMAL
2026-03-04 07:13:31.031954+00:00,System,7036,system,System Activity,systemlogs1st.evtx,NORMAL
2026-03-04 07:13:32.429243+00:00,System,24,system,System Activity,systemlogs1st.evtx,NORMAL
2026-03-04 07:13:32.430109+00:00,System,1,system,System Activity,systemlogs1st.evtx,NORMAL
2026-03-04 07:13:32.431244+00:00,System,35,system,System Activity,systemlogs1st.evtx,NORMAL
2026-03-04 07:13:32.431496+00:00,System,24,system,System Activity,systemlogs1st.evtx,NORMAL
2026-03-04 07:13:32.431648+00:00,System,1,system,System Activity,systemlogs1st.evtx,NORMAL
2026-03-04 07:14:03.727024+00:00,System,7036,system,System Activity,systemlogs1st.evtx,NORMAL
2026-03-04 07:14:07.837225+00:00,System,7036,system,System Activity,systemlogs1st.evtx,NORMAL
2026-03-04 07:14:28.527098+00:00,System,7036,system,System Activity,systemlogs1st.evtx,NORMAL
2026-03-04 07:14:28.948921+00:00,System,7036,system,System Activity,systemlogs1st.evtx,NORMAL
2026-03-04 07:14:29.558081+00:00,System,7036,system,System Activity,systemlogs1st.evtx,NORMAL
2026-03-04 07:14:36.576357+00:00,System,7036,system,System Activity,systemlogs1st.evtx,NORMAL
2026-03-04 07:14:37.448750+00:00,System,7036,system,System Activity,systemlogs1st.evtx,NORMAL
2026-03-04 07:14:37.464363+00:00,System,7036,system,System Activity,systemlogs1st.evtx,NORMAL
2026-03-04 07:14:37.698767+00:00,System,7036,system,System Activity,systemlogs1st.evtx,NORMAL
2026-03-04 07:14:41.948862+00:00,System,7036,system,System Activity,systemlogs1st.evtx,NORMAL
2026-03-04 07:14:45.750591+00:00,System,44,system,System Activity,systemlogs1st.evtx,NORMAL
2026-03-04 07:15:10.319353+00:00,System,7036,system,System Activity,systemlogs1st.evtx,NORMAL
2026-03-04 07:15:12.560028+00:00,System,7036,system,System Activity,systemlogs1st.evtx,NORMAL
2026-03-04 07:15:16.005003+00:00,System,16,system,System Activity,systemlogs1st.evtx,NORMAL
2026-03-04 07:15:16.467642+00:00,System,7036,system,System Activity,systemlogs1st.evtx,NORMAL
2026-03-04 07:15:17.451475+00:00,System,7036,system,System Activity,systemlogs1st.evtx,NORMAL
2026-03-04 07:15:17.841311+00:00,System,7036,system,System Activity,systemlogs1st.evtx,NORMAL
2026-03-04 07:15:18.310387+00:00,System,7036,system,System Activity,systemlogs1st.evtx,NORMAL
2026-03-04 07:15:18.466866+00:00,System,7036,system,System Activity,systemlogs1st.evtx,NORMAL
2026-03-04 07:15:20.482002+00:00,System,7036,system,System Activity,systemlogs1st.evtx,NORMAL
2026-03-04 07:15:22.528761+00:00,System,7036,system,System Activity,systemlogs1st.evtx,NORMAL
2026-03-04 07:15:22.653538+00:00,System,7036,system,System Activity,systemlogs1st.evtx,NORMAL
2026-03-04 07:15:22.684870+00:00,System,7036,system,System Activity,systemlogs1st.evtx,NORMAL
2026-03-04 07:15:40.217228+00:00,System,15,system,System Activity,systemlogs1st.evtx,NORMAL
2026-03-04 07:16:03.565271+00:00,System,7036,system,System Activity,systemlogs1st.evtx,NORMAL
2026-03-04 07:16:10.236288+00:00,System,43,system,System Activity,systemlogs1st.evtx,NORMAL
2026-03-04 07:16:22.663162+00:00,System,7036,system,System Activity,systemlogs1st.evtx,NORMAL
2026-03-11 07:31:02.014265+00:00,System,6008,system,System Activity,systemlogs1st.evtx,NORMAL
2026-03-11 07:31:02.014265+00:00,System,6009,system,System Activity,systemlogs1st.evtx,NORMAL
2026-03-11 07:31:02.014265+00:00,System,6005,system,System Activity,systemlogs1st.evtx,NORMAL
2026-03-11 07:31:02.014265+00:00,System,6013,system,System Activity,systemlogs1st.evtx,NORMAL
2026-03-11 07:30:48.861040+00:00,System,12,system,System Activity,systemlogs1st.evtx,NORMAL
2026-03-11 07:30:48.861271+00:00,System,153,system,System Activity,systemlogs1st.evtx,NORMAL
2026-03-11 07:30:48.861746+00:00,System,20,system,System Activity,systemlogs1st.evtx,NORMAL
2026-03-11 07:30:48.861795+00:00,System,238,system,System Activity,systemlogs1st.evtx,NORMAL
2026-03-11 07:30:48.861795+00:00,System,25,system,System Activity,systemlogs1st.evtx,NORMAL
2026-03-11 07:30:48.861797+00:00,System,27,system,System Activity,systemlogs1st.evtx,NORMAL
2026-03-11 07:30:48.861855+00:00,System,18,system,System Activity,systemlogs1st.evtx,NORMAL
2026-03-11 07:30:48.861891+00:00,System,32,system,System Activity,systemlogs1st.evtx,NORMAL
2026-03-11 07:30:48.868105+00:00,System,20,system,System Activity,systemlogs1st.evtx,NORMAL
2026-03-11 07:30:48.954273+00:00,System,16,system,System Activity,systemlogs1st.evtx,NORMAL
2026-03-11 07:30:51.398724+00:00,System,3,system,System Activity,systemlogs1st.evtx,NORMAL
2026-03-11 07:30:53.520292+00:00,System,6,system,System Activity,systemlogs1st.evtx,NORMAL
2026-03-11 07:30:53.521729+00:00,System,6,system,System Activity,systemlogs1st.evtx,NORMAL
2026-03-11 07:30:53.740477+00:00,System,98,system,System Activity,systemlogs1st.evtx,NORMAL
2026-03-11 07:30:53.833057+00:00,System,6,system,System Activity,systemlogs1st.evtx,NORMAL
2026-03-11 07:30:56.460712+00:00,System,6,system,System Activity,systemlogs1st.evtx,NORMAL
2026-03-11 07:30:56.501945+00:00,System,41,system,System Activity,systemlogs1st.evtx,NORMAL
2026-03-11 07:30:56.504341+00:00,System,172,system,System Activity,systemlogs1st.evtx,NORMAL
2026-03-11 07:30:56.728699+00:00,System,55,system,System Activity,systemlogs1st.evtx,NORMAL
2026-03-11 07:30:56.729958+00:00,System,55,system,System Activity,systemlogs1st.evtx,NORMAL
2026-03-11 07:30:56.978258+00:00,System,32,system,System Activity,systemlogs1st.evtx,NORMAL
2026-03-11 07:30:57.004269+00:00,System,98,system,System Activity,systemlogs1st.evtx,NORMAL
2026-03-11 07:30:57.026964+00:00,System,16,system,System Activity,systemlogs1st.evtx,NORMAL
2026-03-11 07:30:57.127142+00:00,System,16,system,System Activity,systemlogs1st.evtx,NORMAL
2026-03-11 07:30:57.213326+00:00,System,16,system,System Activity,systemlogs1st.evtx,NORMAL
2026-03-11 07:31:00.074100+00:00,System,15,system,System Activity,systemlogs1st.evtx,NORMAL
2026-03-11 07:31:00.101110+00:00,System,24,system,System Activity,systemlogs1st.evtx,NORMAL
2026-03-11 07:31:00.892904+00:00,System,14,system,System Activity,systemlogs1st.evtx,NORMAL
2026-03-11 07:31:01.245983+00:00,System,16962,system,System Activity,systemlogs1st.evtx,NORMAL
2026-03-11 07:31:01.261887+00:00,System,16977,system,System Activity,systemlogs1st.evtx,NORMAL
2026-03-11 07:31:01.261889+00:00,System,16983,system,System Activity,systemlogs1st.evtx,NORMAL
2026-03-11 07:31:01.295471+00:00,System,7036,system,System Activity,systemlogs1st.evtx,NORMAL
2026-03-11 07:31:01.357697+00:00,System,7036,system,System Activity,systemlogs1st.evtx,NORMAL
2026-03-11 07:31:01.381380+00:00,System,16,system,System Activity,systemlogs1st.evtx,NORMAL
2026-03-11 07:31:01.420353+00:00,System,7036,system,System Activity,systemlogs1st.evtx,NORMAL
2026-03-11 07:31:01.420353+00:00,System,7036,system,System Activity,systemlogs1st.evtx,NORMAL
2026-03-11 07:31:01.435884+00:00,System,7036,system,System Activity,systemlogs1st.evtx,NORMAL
2026-03-11 07:31:01.529799+00:00,System,7036,system,System Activity,systemlogs1st.evtx,NORMAL
2026-03-11 07:31:01.592899+00:00,System,7036,system,System Activity,systemlogs1st.evtx,NORMAL
2026-03-11 07:31:01.607964+00:00,System,7036,system,System Activity,systemlogs1st.evtx,NORMAL
2026-03-11 07:31:01.726238+00:00,System,16,system,System Activity,systemlogs1st.evtx,NORMAL
2026-03-11 07:31:01.726929+00:00,System,16,system,System Activity,systemlogs1st.evtx,NORMAL
2026-03-11 07:31:01.795212+00:00,System,7036,system,System Activity,systemlogs1st.evtx,NORMAL
2026-03-11 07:31:01.810966+00:00,System,7036,system,System Activity,systemlogs1st.evtx,NORMAL
2026-03-11 07:31:01.842075+00:00,System,7036,system,System Activity,systemlogs1st.evtx,NORMAL
2026-03-11 07:31:01.902809+00:00,System,6,system,System Activity,systemlogs1st.evtx,NORMAL
2026-03-11 07:31:01.922865+00:00,System,6,system,System Activity,systemlogs1st.evtx,NORMAL
2026-03-11 07:31:01.953205+00:00,System,6,system,System Activity,systemlogs1st.evtx,NORMAL
2026-03-11 07:31:01.953218+00:00,System,1,system,System Activity,systemlogs1st.evtx,NORMAL
2026-03-11 07:31:01.953571+00:00,System,6,system,System Activity,systemlogs1st.evtx,NORMAL
2026-03-11 07:31:01.966887+00:00,System,6,system,System Activity,systemlogs1st.evtx,NORMAL
2026-03-11 07:31:01.983641+00:00,System,6,system,System Activity,systemlogs1st.evtx,NORMAL
2026-03-11 07:31:02.014265+00:00,System,7036,system,System Activity,systemlogs1st.evtx,NORMAL
2026-03-11 07:31:02.029636+00:00,System,7036,system,System Activity,systemlogs1st.evtx,NORMAL
2026-03-11 07:31:02.107746+00:00,System,7036,system,System Activity,systemlogs1st.evtx,NORMAL
2026-03-11 07:31:02.107746+00:00,System,7036,system,System Activity,systemlogs1st.evtx,NORMAL
2026-03-11 07:31:02.154564+00:00,System,7036,system,System Activity,systemlogs1st.evtx,NORMAL
2026-03-11 07:31:02.154564+00:00,System,7036,system,System Activity,systemlogs1st.evtx,NORMAL
2026-03-11 07:31:02.154564+00:00,System,7036,system,System Activity,systemlogs1st.evtx,NORMAL
2026-03-11 07:31:02.191942+00:00,System,50036,system,System Activity,systemlogs1st.evtx,NORMAL
2026-03-11 07:31:02.192041+00:00,System,50103,system,System Activity,systemlogs1st.evtx,NORMAL
2026-03-11 07:31:02.193378+00:00,System,50036,system,System Activity,systemlogs1st.evtx,NORMAL
2026-03-11 07:31:02.185955+00:00,System,7036,system,System Activity,systemlogs1st.evtx,NORMAL
2026-03-11 07:31:02.217085+00:00,System,7036,system,System Activity,systemlogs1st.evtx,NORMAL
2026-03-11 07:31:02.232754+00:00,System,7036,system,System Activity,systemlogs1st.evtx,NORMAL
2026-03-11 07:31:02.268253+00:00,System,51046,system,System Activity,systemlogs1st.evtx,NORMAL
2026-03-11 07:31:02.326439+00:00,System,7036,system,System Activity,systemlogs1st.evtx,NORMAL
2026-03-11 07:31:02.467167+00:00,System,7036,system,System Activity,systemlogs1st.evtx,NORMAL
2026-03-11 07:31:02.514044+00:00,System,7036,system,System Activity,systemlogs1st.evtx,NORMAL
2026-03-11 07:31:02.545225+00:00,System,7036,system,System Activity,systemlogs1st.evtx,NORMAL
2026-03-11 07:31:02.576509+00:00,System,7036,system,System Activity,systemlogs1st.evtx,NORMAL
2026-03-11 07:31:02.576509+00:00,System,7036,system,System Activity,systemlogs1st.evtx,NORMAL
2026-03-11 07:31:02.576509+00:00,System,7036,system,System Activity,systemlogs1st.evtx,NORMAL
2026-03-11 07:31:02.638941+00:00,System,7036,system,System Activity,systemlogs1st.evtx,NORMAL
2026-03-11 07:31:02.717110+00:00,System,7036,system,System Activity,systemlogs1st.evtx,NORMAL
2026-03-11 07:31:02.732773+00:00,System,7036,system,System Activity,systemlogs1st.evtx,NORMAL
2026-03-11 07:31:02.732773+00:00,System,7036,system,System Activity,systemlogs1st.evtx,NORMAL
2026-03-11 07:31:02.748384+00:00,System,7036,system,System Activity,systemlogs1st.evtx,NORMAL
2026-03-11 07:31:02.936365+00:00,System,7036,system,System Activity,systemlogs1st.evtx,NORMAL
2026-03-11 07:31:03.154577+00:00,System,7036,system,System Activity,systemlogs1st.evtx,NORMAL
2026-03-11 07:31:03.170298+00:00,System,7036,system,System Activity,systemlogs1st.evtx,NORMAL
2026-03-11 07:31:03.295210+00:00,System,7036,system,System Activity,systemlogs1st.evtx,NORMAL
2026-03-11 07:31:03.295210+00:00,System,7036,system,System Activity,systemlogs1st.evtx,NORMAL
2026-03-11 07:31:03.295210+00:00,System,7036,system,System Activity,systemlogs1st.evtx,NORMAL
2026-03-11 07:31:03.295210+00:00,System,7036,system,System Activity,systemlogs1st.evtx,NORMAL
2026-03-11 07:31:03.311020+00:00,System,7036,system,System Activity,systemlogs1st.evtx,NORMAL
2026-03-11 07:31:03.373484+00:00,System,7026,system,System Activity,systemlogs1st.evtx,NORMAL
2026-03-11 07:31:03.373484+00:00,System,7036,system,System Activity,systemlogs1st.evtx,NORMAL
2026-03-11 07:31:03.373484+00:00,System,7036,system,System Activity,systemlogs1st.evtx,NORMAL
2026-03-11 07:31:03.467308+00:00,System,7036,system,System Activity,systemlogs1st.evtx,NORMAL
2026-03-11 07:31:03.545229+00:00,System,7036,system,System Activity,systemlogs1st.evtx,NORMAL
2026-03-11 07:31:03.654646+00:00,System,7036,system,System Activity,systemlogs1st.evtx,NORMAL
2026-03-11 07:31:03.717455+00:00,System,7036,system,System Activity,systemlogs1st.evtx,NORMAL
2026-03-11 07:31:03.764992+00:00,System,7036,system,System Activity,systemlogs1st.evtx,NORMAL
2026-03-11 07:31:03.782536+00:00,System,134,system,System Activity,systemlogs1st.evtx,NORMAL
2026-03-11 07:31:03.935917+00:00,System,7036,system,System Activity,systemlogs1st.evtx,NORMAL
2026-03-11 07:31:04.185944+00:00,System,10148,system,System Activity,systemlogs1st.evtx,NORMAL
2026-03-11 07:31:03.967646+00:00,System,7036,system,System Activity,systemlogs1st.evtx,NORMAL
2026-03-11 07:31:04.076923+00:00,System,7036,system,System Activity,systemlogs1st.evtx,NORMAL
2026-03-11 07:31:04.201437+00:00,System,7036,system,System Activity,systemlogs1st.evtx,NORMAL
2026-03-11 07:31:04.435947+00:00,System,7036,system,System Activity,systemlogs1st.evtx,NORMAL
2026-03-11 07:31:04.935898+00:00,System,7036,system,System Activity,systemlogs1st.evtx,NORMAL
2026-03-11 07:31:05.086782+00:00,System,16,system,System Activity,systemlogs1st.evtx,NORMAL
2026-03-11 07:31:05.357990+00:00,System,37,system,System Activity,systemlogs1st.evtx,NORMAL
2026-03-11 07:31:05.357779+00:00,System,7036,system,System Activity,systemlogs1st.evtx,NORMAL
2026-03-11 07:31:15.650379+00:00,System,1014,system,System Activity,systemlogs1st.evtx,NORMAL
2026-03-11 07:31:19.508375+00:00,System,35,system,System Activity,systemlogs1st.evtx,NORMAL
2026-03-11 07:31:34.126698+00:00,System,7036,system,System Activity,systemlogs1st.evtx,NORMAL
2026-03-11 07:31:34.282690+00:00,System,7036,system,System Activity,systemlogs1st.evtx,NORMAL
2026-03-11 07:31:36.000540+00:00,System,7036,system,System Activity,systemlogs1st.evtx,NORMAL
2026-03-11 07:31:43.450686+00:00,System,7036,system,System Activity,systemlogs1st.evtx,NORMAL
2026-03-11 07:31:50.276997+00:00,System,7036,system,System Activity,systemlogs1st.evtx,NORMAL
2026-03-11 07:31:51.886177+00:00,System,7036,system,System Activity,systemlogs1st.evtx,NORMAL
2026-03-11 07:31:51.901810+00:00,System,7036,system,System Activity,systemlogs1st.evtx,NORMAL
2026-03-11 07:31:51.984144+00:00,System,16,system,System Activity,systemlogs1st.evtx,NORMAL
2026-03-11 07:31:52.198517+00:00,System,7036,system,System Activity,systemlogs1st.evtx,NORMAL
2026-03-11 07:31:52.526585+00:00,System,7036,system,System Activity,systemlogs1st.evtx,NORMAL
2026-03-11 07:31:52.635902+00:00,System,7036,system,System Activity,systemlogs1st.evtx,NORMAL
2026-03-11 07:31:53.933151+00:00,System,7036,system,System Activity,systemlogs1st.evtx,NORMAL
2026-03-11 07:31:59.562119+00:00,System,7036,system,System Activity,systemlogs1st.evtx,NORMAL
2026-03-11 07:32:09.406780+00:00,System,37,system,System Activity,systemlogs1st.evtx,NORMAL
2026-03-11 07:32:33.308229+00:00,System,7001,system,System Activity,systemlogs1st.evtx,NORMAL
2026-03-11 07:32:33.353739+00:00,System,16,system,System Activity,systemlogs1st.evtx,NORMAL
2026-03-11 07:32:33.414995+00:00,System,16,system,System Activity,systemlogs1st.evtx,NORMAL
2026-03-11 07:32:34.026337+00:00,System,7036,system,System Activity,systemlogs1st.evtx,NORMAL
2026-03-11 07:32:34.026337+00:00,System,7036,system,System Activity,systemlogs1st.evtx,NORMAL
2026-03-11 07:32:34.307447+00:00,System,7036,system,System Activity,systemlogs1st.evtx,NORMAL
2026-03-11 07:32:34.448011+00:00,System,7036,system,System Activity,systemlogs1st.evtx,NORMAL
2026-03-11 07:32:34.948259+00:00,System,7036,system,System Activity,systemlogs1st.evtx,NORMAL
2026-03-11 07:32:34.948259+00:00,System,10016,system,System Activity,systemlogs1st.evtx,NORMAL
2026-03-11 07:32:35.104744+00:00,System,7036,system,System Activity,systemlogs1st.evtx,NORMAL
2026-03-11 07:32:36.583784+00:00,System,15,system,System Activity,systemlogs1st.evtx,NORMAL
2026-03-11 07:32:36.767067+00:00,System,16,system,System Activity,systemlogs1st.evtx,NORMAL
2026-03-11 07:32:36.933516+00:00,System,7036,system,System Activity,systemlogs1st.evtx,NORMAL
2026-03-11 07:32:38.752457+00:00,System,16,system,System Activity,systemlogs1st.evtx,NORMAL
2026-03-11 07:32:41.956009+00:00,System,16,system,System Activity,systemlogs1st.evtx,NORMAL
2026-03-11 07:32:45.643198+00:00,System,7036,system,System Activity,systemlogs1st.evtx,NORMAL
2026-03-11 07:32:47.270428+00:00,System,1076,system,System Activity,systemlogs1st.evtx,NORMAL
2026-03-11 07:32:51.911440+00:00,System,7036,system,System Activity,systemlogs1st.evtx,NORMAL
2026-03-11 07:33:03.398195+00:00,System,7036,system,System Activity,systemlogs1st.evtx,NORMAL
2026-03-11 07:33:03.538795+00:00,System,7036,system,System Activity,systemlogs1st.evtx,NORMAL
2026-03-11 07:33:03.554731+00:00,System,7036,system,System Activity,systemlogs1st.evtx,NORMAL
2026-03-11 07:33:03.930109+00:00,System,7036,system,System Activity,systemlogs1st.evtx,NORMAL
2026-03-11 07:33:05.757940+00:00,System,7036,system,System Activity,systemlogs1st.evtx,NORMAL
2026-03-11 07:33:06.523094+00:00,System,7036,system,System Activity,systemlogs1st.evtx,NORMAL
2026-03-11 07:33:06.788776+00:00,System,7036,system,System Activity,systemlogs1st.evtx,NORMAL
2026-03-11 07:33:06.820210+00:00,System,7036,system,System Activity,systemlogs1st.evtx,NORMAL
2026-03-11 07:33:06.992048+00:00,System,7036,system,System Activity,systemlogs1st.evtx,NORMAL
2026-03-11 07:33:13.429825+00:00,System,7036,system,System Activity,systemlogs1st.evtx,NORMAL
2026-03-11 07:33:14.867525+00:00,System,44,system,System Activity,systemlogs1st.evtx,NORMAL
2026-03-11 07:33:15.789707+00:00,System,7036,system,System Activity,systemlogs1st.evtx,NORMAL
2026-03-11 07:33:16.845158+00:00,System,16,system,System Activity,systemlogs1st.evtx,NORMAL
2026-03-11 07:33:23.434614+00:00,System,7036,system,System Activity,systemlogs1st.evtx,NORMAL
2026-03-11 07:33:36.881769+00:00,System,7036,system,System Activity,systemlogs1st.evtx,NORMAL
2026-03-11 07:34:15.206451+00:00,System,44,system,System Activity,systemlogs1st.evtx,NORMAL
2026-03-11 07:34:27.031576+00:00,System,7036,system,System Activity,systemlogs1st.evtx,NORMAL
2026-03-11 07:34:33.609737+00:00,System,7036,system,System Activity,systemlogs1st.evtx,NORMAL
2026-03-11 07:34:49.605671+00:00,System,7036,system,System Activity,systemlogs1st.evtx,NORMAL
2026-03-11 07:34:49.736599+00:00,System,7036,system,System Activity,systemlogs1st.evtx,NORMAL
2026-03-11 07:34:58.422474+00:00,System,7036,system,System Activity,systemlogs1st.evtx,NORMAL
2026-03-11 07:35:03.000111+00:00,System,7036,system,System Activity,systemlogs1st.evtx,NORMAL
2026-03-11 07:35:04.984907+00:00,System,7036,system,System Activity,systemlogs1st.evtx,NORMAL
2026-03-11 07:35:06.224924+00:00,System,43,system,System Activity,systemlogs1st.evtx,NORMAL
2026-03-11 07:35:32.054369+00:00,System,44,system,System Activity,systemlogs1st.evtx,NORMAL
2026-03-11 07:35:42.868855+00:00,System,7036,system,System Activity,systemlogs1st.evtx,NORMAL
2026-03-11 07:35:44.102087+00:00,System,16,system,System Activity,systemlogs1st.evtx,NORMAL
2026-03-11 07:35:50.665901+00:00,System,7036,system,System Activity,systemlogs1st.evtx,NORMAL
2026-03-11 07:36:03.535353+00:00,System,19,system,System Activity,systemlogs1st.evtx,NORMAL
2026-03-11 07:36:06.380566+00:00,System,7036,system,System Activity,systemlogs1st.evtx,NORMAL
2026-03-11 07:36:21.193647+00:00,System,7036,system,System Activity,systemlogs1st.evtx,NORMAL
2026-03-11 07:36:52.718370+00:00,System,7036,system,System Activity,systemlogs1st.evtx,NORMAL
2026-03-11 07:37:07.224243+00:00,System,7036,system,System Activity,systemlogs1st.evtx,NORMAL
2026-03-11 07:37:08.533129+00:00,System,7036,system,System Activity,systemlogs1st.evtx,NORMAL
2026-03-11 07:37:08.608246+00:00,System,7036,system,System Activity,systemlogs1st.evtx,NORMAL
2026-03-11 07:37:26.187288+00:00,System,7036,system,System Activity,systemlogs1st.evtx,NORMAL
2026-03-11 07:37:46.945887+00:00,System,7036,system,System Activity,systemlogs1st.evtx,NORMAL
2026-03-11 07:38:06.439272+00:00,System,7036,system,System Activity,systemlogs1st.evtx,NORMAL
2026-03-11 07:38:51.729647+00:00,System,7036,system,System Activity,systemlogs1st.evtx,NORMAL
2026-03-11 07:39:26.302227+00:00,System,7040,system,System Activity,systemlogs1st.evtx,NORMAL
2026-03-11 07:39:39.183739+00:00,System,16,system,System Activity,systemlogs1st.evtx,NORMAL
2026-03-11 07:40:06.149147+00:00,System,7036,system,System Activity,systemlogs1st.evtx,NORMAL
2026-03-11 07:40:06.304371+00:00,System,16,system,System Activity,systemlogs1st.evtx,NORMAL
2026-03-11 07:40:10.098688+00:00,System,7036,system,System Activity,systemlogs1st.evtx,NORMAL
2026-03-11 07:40:15.288218+00:00,System,7036,system,System Activity,systemlogs1st.evtx,NORMAL
2026-03-11 07:40:16.478703+00:00,System,5211,system,System Activity,systemlogs1st.evtx,NORMAL
2026-03-11 07:40:16.526981+00:00,System,7036,system,System Activity,systemlogs1st.evtx,NORMAL
2026-03-11 07:40:16.532625+00:00,System,7036,system,System Activity,systemlogs1st.evtx,NORMAL
2026-03-11 07:40:30.912823+00:00,System,7036,system,System Activity,systemlogs1st.evtx,NORMAL
2026-03-11 07:40:30.990032+00:00,System,7036,system,System Activity,systemlogs1st.evtx,NORMAL
2026-03-11 07:40:31.250044+00:00,System,7040,system,System Activity,systemlogs1st.evtx,NORMAL
2026-03-11 07:40:58.197622+00:00,System,7036,system,System Activity,systemlogs1st.evtx,NORMAL
2026-03-11 07:41:03.282354+00:00,System,7036,system,System Activity,systemlogs1st.evtx,NORMAL
2026-03-11 07:41:43.101942+00:00,System,7036,system,System Activity,systemlogs1st.evtx,NORMAL
2026-03-11 07:41:43.158817+00:00,System,7036,system,System Activity,systemlogs1st.evtx,NORMAL
2026-03-11 07:42:07.241352+00:00,System,7036,system,System Activity,systemlogs1st.evtx,NORMAL
2026-03-11 07:42:14.039637+00:00,System,7036,system,System Activity,systemlogs1st.evtx,NORMAL
2026-03-11 07:42:23.706097+00:00,System,7036,system,System Activity,systemlogs1st.evtx,NORMAL
2026-03-11 07:42:31.120110+00:00,System,7036,system,System Activity,systemlogs1st.evtx,NORMAL
2026-03-11 07:42:45.590570+00:00,System,7036,system,System Activity,systemlogs1st.evtx,NORMAL
2026-03-11 07:42:54.519365+00:00,System,7036,system,System Activity,systemlogs1st.evtx,NORMAL
2026-03-11 07:43:03.725967+00:00,System,7036,system,System Activity,systemlogs1st.evtx,NORMAL
2026-03-11 07:43:31.145775+00:00,System,7036,system,System Activity,systemlogs1st.evtx,NORMAL
2026-03-11 07:44:18.523514+00:00,System,7036,system,System Activity,systemlogs1st.evtx,NORMAL
2026-03-11 07:44:44.185196+00:00,System,7036,system,System Activity,systemlogs1st.evtx,NORMAL
2026-03-11 07:45:04.107700+00:00,System,7036,system,System Activity,systemlogs1st.evtx,NORMAL
2026-03-11 07:46:31.157082+00:00,System,7036,system,System Activity,systemlogs1st.evtx,NORMAL
2026-03-11 07:47:06.827202+00:00,System,7036,system,System Activity,systemlogs1st.evtx,NORMAL
2026-03-11 07:47:07.177273+00:00,System,7036,system,System Activity,systemlogs1st.evtx,NORMAL
2026-03-11 07:47:08.010715+00:00,System,7036,system,System Activity,systemlogs1st.evtx,NORMAL
2026-03-11 07:47:08.794575+00:00,System,7036,system,System Activity,systemlogs1st.evtx,NORMAL
2026-03-11 07:47:09.056562+00:00,System,7036,system,System Activity,systemlogs1st.evtx,NORMAL
2026-03-11 07:47:09.179268+00:00,System,7036,system,System Activity,systemlogs1st.evtx,NORMAL
2026-03-11 07:47:11.831226+00:00,System,7036,system,System Activity,systemlogs1st.evtx,NORMAL
2026-03-11 07:47:12.073248+00:00,System,7040,system,System Activity,systemlogs1st.evtx,NORMAL
2026-03-11 07:47:19.669144+00:00,System,7036,system,System Activity,systemlogs1st.evtx,NORMAL
2026-03-11 07:47:22.600401+00:00,System,7040,system,System Activity,systemlogs1st.evtx,NORMAL
2026-03-11 07:47:29.221434+00:00,System,7040,system,System Activity,systemlogs1st.evtx,NORMAL
2026-03-11 07:47:39.118765+00:00,System,7040,system,System Activity,systemlogs1st.evtx,NORMAL
2026-03-11 07:47:40.141714+00:00,System,7036,system,System Activity,systemlogs1st.evtx,NORMAL
2026-03-11 07:47:43.718147+00:00,System,7036,system,System Activity,systemlogs1st.evtx,NORMAL
2026-03-11 07:47:49.542406+00:00,System,7036,system,System Activity,systemlogs1st.evtx,NORMAL
2026-03-11 07:47:54.559595+00:00,System,7036,system,System Activity,systemlogs1st.evtx,NORMAL
2026-03-11 07:48:14.079651+00:00,System,7036,system,System Activity,systemlogs1st.evtx,NORMAL
2026-03-11 07:49:39.295298+00:00,System,7036,system,System Activity,systemlogs1st.evtx,NORMAL
2026-03-24 04:03:04.865286+00:00,System,6008,system,System Activity,systemlogs1st.evtx,NORMAL
2026-03-24 04:03:04.865286+00:00,System,6009,system,System Activity,systemlogs1st.evtx,NORMAL
2026-03-24 04:03:04.865286+00:00,System,6005,system,System Activity,systemlogs1st.evtx,NORMAL
2026-03-24 04:03:04.865286+00:00,System,6013,system,System Activity,systemlogs1st.evtx,NORMAL
2026-03-24 04:02:54.830307+00:00,System,12,system,System Activity,systemlogs1st.evtx,NORMAL
2026-03-24 04:02:54.830439+00:00,System,153,system,System Activity,systemlogs1st.evtx,NORMAL
2026-03-24 04:02:54.830599+00:00,System,20,system,System Activity,systemlogs1st.evtx,NORMAL
2026-03-24 04:02:54.830620+00:00,System,238,system,System Activity,systemlogs1st.evtx,NORMAL
2026-03-24 04:02:54.830620+00:00,System,25,system,System Activity,systemlogs1st.evtx,NORMAL
2026-03-24 04:02:54.830620+00:00,System,27,system,System Activity,systemlogs1st.evtx,NORMAL
2026-03-24 04:02:54.830662+00:00,System,18,system,System Activity,systemlogs1st.evtx,NORMAL
2026-03-24 04:02:54.830677+00:00,System,32,system,System Activity,systemlogs1st.evtx,NORMAL
2026-03-24 04:02:54.833683+00:00,System,20,system,System Activity,systemlogs1st.evtx,NORMAL
2026-03-24 04:02:54.874674+00:00,System,16,system,System Activity,systemlogs1st.evtx,NORMAL
2026-03-24 04:02:56.673122+00:00,System,3,system,System Activity,systemlogs1st.evtx,NORMAL
2026-03-24 04:02:58.779194+00:00,System,6,system,System Activity,systemlogs1st.evtx,NORMAL
2026-03-24 04:02:58.780375+00:00,System,6,system,System Activity,systemlogs1st.evtx,NORMAL
2026-03-24 04:02:59.030102+00:00,System,98,system,System Activity,systemlogs1st.evtx,NORMAL
2026-03-24 04:02:59.601845+00:00,System,6,system,System Activity,systemlogs1st.evtx,NORMAL
2026-03-24 04:03:01.450687+00:00,System,6,system,System Activity,systemlogs1st.evtx,NORMAL
2026-03-24 04:03:01.481699+00:00,System,41,system,System Activity,systemlogs1st.evtx,NORMAL
2026-03-24 04:03:01.482777+00:00,System,172,system,System Activity,systemlogs1st.evtx,NORMAL
2026-03-24 04:03:01.660591+00:00,System,55,system,System Activity,systemlogs1st.evtx,NORMAL
2026-03-24 04:03:01.661610+00:00,System,55,system,System Activity,systemlogs1st.evtx,NORMAL
2026-03-24 04:03:01.894157+00:00,System,32,system,System Activity,systemlogs1st.evtx,NORMAL
2026-03-24 04:03:01.922592+00:00,System,98,system,System Activity,systemlogs1st.evtx,NORMAL
2026-03-24 04:03:01.944397+00:00,System,16,system,System Activity,systemlogs1st.evtx,NORMAL
2026-03-24 04:03:01.950256+00:00,System,16,system,System Activity,systemlogs1st.evtx,NORMAL
2026-03-24 04:03:02.004278+00:00,System,16,system,System Activity,systemlogs1st.evtx,NORMAL
2026-03-24 04:03:03.412853+00:00,System,15,system,System Activity,systemlogs1st.evtx,NORMAL
2026-03-24 04:03:03.443403+00:00,System,24,system,System Activity,systemlogs1st.evtx,NORMAL
2026-03-24 04:03:04.169159+00:00,System,14,system,System Activity,systemlogs1st.evtx,NORMAL
2026-03-24 04:03:04.467398+00:00,System,16962,system,System Activity,systemlogs1st.evtx,NORMAL
2026-03-24 04:03:04.477440+00:00,System,16977,system,System Activity,systemlogs1st.evtx,NORMAL
2026-03-24 04:03:04.477442+00:00,System,16983,system,System Activity,systemlogs1st.evtx,NORMAL
2026-03-24 04:03:04.490217+00:00,System,7036,system,System Activity,systemlogs1st.evtx,NORMAL
2026-03-24 04:03:04.537136+00:00,System,7036,system,System Activity,systemlogs1st.evtx,NORMAL
2026-03-24 04:03:04.554218+00:00,System,16,system,System Activity,systemlogs1st.evtx,NORMAL
2026-03-24 04:03:04.552721+00:00,System,7036,system,System Activity,systemlogs1st.evtx,NORMAL
2026-03-24 04:03:04.568388+00:00,System,7036,system,System Activity,systemlogs1st.evtx,NORMAL
2026-03-24 04:03:04.583960+00:00,System,7036,system,System Activity,systemlogs1st.evtx,NORMAL
2026-03-24 04:03:04.630848+00:00,System,7036,system,System Activity,systemlogs1st.evtx,NORMAL
2026-03-24 04:03:04.662485+00:00,System,7036,system,System Activity,systemlogs1st.evtx,NORMAL
2026-03-24 04:03:04.677835+00:00,System,7036,system,System Activity,systemlogs1st.evtx,NORMAL
2026-03-24 04:03:04.732916+00:00,System,16,system,System Activity,systemlogs1st.evtx,NORMAL
2026-03-24 04:03:04.743860+00:00,System,16,system,System Activity,systemlogs1st.evtx,NORMAL
2026-03-24 04:03:04.771578+00:00,System,7036,system,System Activity,systemlogs1st.evtx,NORMAL
2026-03-24 04:03:04.787086+00:00,System,7036,system,System Activity,systemlogs1st.evtx,NORMAL
2026-03-24 04:03:04.834093+00:00,System,7036,system,System Activity,systemlogs1st.evtx,NORMAL
2026-03-24 04:03:04.871462+00:00,System,6,system,System Activity,systemlogs1st.evtx,NORMAL
2026-03-24 04:03:04.875153+00:00,System,6,system,System Activity,systemlogs1st.evtx,NORMAL
2026-03-24 04:03:04.865286+00:00,System,7036,system,System Activity,systemlogs1st.evtx,NORMAL
2026-03-24 04:03:04.911842+00:00,System,6,system,System Activity,systemlogs1st.evtx,NORMAL
2026-03-24 04:03:04.911869+00:00,System,1,system,System Activity,systemlogs1st.evtx,NORMAL
2026-03-24 04:03:04.912037+00:00,System,6,system,System Activity,systemlogs1st.evtx,NORMAL
2026-03-24 04:03:04.925352+00:00,System,6,system,System Activity,systemlogs1st.evtx,NORMAL
2026-03-24 04:03:04.935398+00:00,System,6,system,System Activity,systemlogs1st.evtx,NORMAL
2026-03-24 04:03:04.974613+00:00,System,7036,system,System Activity,systemlogs1st.evtx,NORMAL
2026-03-24 04:03:05.005920+00:00,System,7036,system,System Activity,systemlogs1st.evtx,NORMAL
2026-03-24 04:03:05.037163+00:00,System,7036,system,System Activity,systemlogs1st.evtx,NORMAL
2026-03-24 04:03:05.052797+00:00,System,7036,system,System Activity,systemlogs1st.evtx,NORMAL
2026-03-24 04:03:05.081274+00:00,System,50036,system,System Activity,systemlogs1st.evtx,NORMAL
2026-03-24 04:03:05.081322+00:00,System,50103,system,System Activity,systemlogs1st.evtx,NORMAL
2026-03-24 04:03:05.083515+00:00,System,50036,system,System Activity,systemlogs1st.evtx,NORMAL
2026-03-24 04:03:05.084114+00:00,System,7036,system,System Activity,systemlogs1st.evtx,NORMAL
2026-03-24 04:03:05.084114+00:00,System,7036,system,System Activity,systemlogs1st.evtx,NORMAL
2026-03-24 04:03:05.084114+00:00,System,7036,system,System Activity,systemlogs1st.evtx,NORMAL
2026-03-24 04:03:05.130737+00:00,System,51046,system,System Activity,systemlogs1st.evtx,NORMAL
2026-03-24 04:03:05.130836+00:00,System,7036,system,System Activity,systemlogs1st.evtx,NORMAL
2026-03-24 04:03:05.146517+00:00,System,7036,system,System Activity,systemlogs1st.evtx,NORMAL
2026-03-24 04:03:05.177769+00:00,System,7036,system,System Activity,systemlogs1st.evtx,NORMAL
2026-03-24 04:03:05.271669+00:00,System,7036,system,System Activity,systemlogs1st.evtx,NORMAL
2026-03-24 04:03:05.287149+00:00,System,7036,system,System Activity,systemlogs1st.evtx,NORMAL
2026-03-24 04:03:05.287149+00:00,System,7036,system,System Activity,systemlogs1st.evtx,NORMAL
2026-03-24 04:03:05.333961+00:00,System,7036,system,System Activity,systemlogs1st.evtx,NORMAL
2026-03-24 04:03:05.349791+00:00,System,7036,system,System Activity,systemlogs1st.evtx,NORMAL
2026-03-24 04:03:05.349791+00:00,System,7036,system,System Activity,systemlogs1st.evtx,NORMAL
2026-03-24 04:03:05.380869+00:00,System,7036,system,System Activity,systemlogs1st.evtx,NORMAL
2026-03-24 04:03:05.396627+00:00,System,7036,system,System Activity,systemlogs1st.evtx,NORMAL
2026-03-24 04:03:05.396627+00:00,System,7036,system,System Activity,systemlogs1st.evtx,NORMAL
2026-03-24 04:03:05.443384+00:00,System,7036,system,System Activity,systemlogs1st.evtx,NORMAL
2026-03-24 04:03:05.943407+00:00,System,5211,system,System Activity,systemlogs1st.evtx,NORMAL
2026-03-24 04:03:06.380861+00:00,System,10148,system,System Activity,systemlogs1st.evtx,NORMAL
2026-03-24 04:03:05.490231+00:00,System,7036,system,System Activity,systemlogs1st.evtx,NORMAL
2026-03-24 04:03:05.537212+00:00,System,7036,system,System Activity,systemlogs1st.evtx,NORMAL
2026-03-24 04:03:05.552795+00:00,System,7036,system,System Activity,systemlogs1st.evtx,NORMAL
2026-03-24 04:03:05.724712+00:00,System,7036,system,System Activity,systemlogs1st.evtx,NORMAL
2026-03-24 04:03:05.755941+00:00,System,7036,system,System Activity,systemlogs1st.evtx,NORMAL
2026-03-24 04:03:05.755941+00:00,System,7036,system,System Activity,systemlogs1st.evtx,NORMAL
2026-03-24 04:03:05.818850+00:00,System,7036,system,System Activity,systemlogs1st.evtx,NORMAL
2026-03-24 04:03:05.849592+00:00,System,7036,system,System Activity,systemlogs1st.evtx,NORMAL
2026-03-24 04:03:05.880926+00:00,System,7036,system,System Activity,systemlogs1st.evtx,NORMAL
2026-03-24 04:03:05.880926+00:00,System,7036,system,System Activity,systemlogs1st.evtx,NORMAL
2026-03-24 04:03:05.880926+00:00,System,7036,system,System Activity,systemlogs1st.evtx,NORMAL
2026-03-24 04:03:05.896479+00:00,System,7036,system,System Activity,systemlogs1st.evtx,NORMAL
2026-03-24 04:03:05.896479+00:00,System,7036,system,System Activity,systemlogs1st.evtx,NORMAL
2026-03-24 04:03:05.958975+00:00,System,7036,system,System Activity,systemlogs1st.evtx,NORMAL
2026-03-24 04:03:05.974789+00:00,System,7036,system,System Activity,systemlogs1st.evtx,NORMAL
2026-03-24 04:03:06.008825+00:00,System,134,system,System Activity,systemlogs1st.evtx,NORMAL
2026-03-24 04:03:06.099688+00:00,System,7036,system,System Activity,systemlogs1st.evtx,NORMAL
2026-03-24 04:03:06.130886+00:00,System,7036,system,System Activity,systemlogs1st.evtx,NORMAL
2026-03-24 04:03:06.130886+00:00,System,7036,system,System Activity,systemlogs1st.evtx,NORMAL
2026-03-24 04:03:06.162180+00:00,System,7026,system,System Activity,systemlogs1st.evtx,NORMAL
2026-03-24 04:03:06.162180+00:00,System,7036,system,System Activity,systemlogs1st.evtx,NORMAL
2026-03-24 04:03:06.177876+00:00,System,7036,system,System Activity,systemlogs1st.evtx,NORMAL
2026-03-24 04:03:06.193468+00:00,System,7036,system,System Activity,systemlogs1st.evtx,NORMAL
2026-03-24 04:03:06.334013+00:00,System,7036,system,System Activity,systemlogs1st.evtx,NORMAL
2026-03-24 04:03:06.365429+00:00,System,7036,system,System Activity,systemlogs1st.evtx,NORMAL
2026-03-24 04:03:06.412504+00:00,System,7036,system,System Activity,systemlogs1st.evtx,NORMAL
2026-03-24 04:03:06.890944+00:00,System,16,system,System Activity,systemlogs1st.evtx,NORMAL
2026-03-24 04:03:07.552765+00:00,System,7036,system,System Activity,systemlogs1st.evtx,NORMAL
2026-03-24 04:03:07.743698+00:00,System,37,system,System Activity,systemlogs1st.evtx,NORMAL
2026-03-24 04:03:07.755890+00:00,System,7036,system,System Activity,systemlogs1st.evtx,NORMAL
2026-03-24 04:03:10.552740+00:00,System,7036,system,System Activity,systemlogs1st.evtx,NORMAL
2026-03-24 04:03:11.646664+00:00,System,7036,system,System Activity,systemlogs1st.evtx,NORMAL
2026-03-24 04:03:11.725006+00:00,System,7036,system,System Activity,systemlogs1st.evtx,NORMAL
2026-03-24 04:03:12.772919+00:00,System,7036,system,System Activity,systemlogs1st.evtx,NORMAL
2026-03-24 04:03:14.335665+00:00,System,1014,system,System Activity,systemlogs1st.evtx,NORMAL
2026-03-24 04:03:15.084229+00:00,System,7036,system,System Activity,systemlogs1st.evtx,NORMAL
2026-03-24 04:03:15.240263+00:00,System,7036,system,System Activity,systemlogs1st.evtx,NORMAL
2026-03-24 04:03:15.255840+00:00,System,7036,system,System Activity,systemlogs1st.evtx,NORMAL
2026-03-24 04:03:15.277735+00:00,System,16,system,System Activity,systemlogs1st.evtx,NORMAL
2026-03-24 04:03:15.333982+00:00,System,7036,system,System Activity,systemlogs1st.evtx,NORMAL
2026-03-24 04:03:15.427935+00:00,System,7036,system,System Activity,systemlogs1st.evtx,NORMAL
2026-03-24 04:03:15.443419+00:00,System,7036,system,System Activity,systemlogs1st.evtx,NORMAL
2026-03-24 04:03:21.985020+00:00,System,35,system,System Activity,systemlogs1st.evtx,NORMAL
2026-03-24 04:03:35.575483+00:00,System,7001,system,System Activity,systemlogs1st.evtx,NORMAL
2026-03-24 04:03:35.591616+00:00,System,16,system,System Activity,systemlogs1st.evtx,NORMAL
2026-03-24 04:03:35.620792+00:00,System,16,system,System Activity,systemlogs1st.evtx,NORMAL
2026-03-24 04:03:35.803699+00:00,System,7036,system,System Activity,systemlogs1st.evtx,NORMAL
2026-03-24 04:03:35.850054+00:00,System,7036,system,System Activity,systemlogs1st.evtx,NORMAL
2026-03-24 04:03:35.910957+00:00,System,7036,system,System Activity,systemlogs1st.evtx,NORMAL
2026-03-24 04:03:35.957371+00:00,System,7036,system,System Activity,systemlogs1st.evtx,NORMAL
2026-03-24 04:03:36.204613+00:00,System,7036,system,System Activity,systemlogs1st.evtx,NORMAL
2026-03-24 04:03:36.235985+00:00,System,7036,system,System Activity,systemlogs1st.evtx,NORMAL
2026-03-24 04:03:36.266800+00:00,System,10016,system,System Activity,systemlogs1st.evtx,NORMAL
2026-03-24 04:03:36.916927+00:00,System,16,system,System Activity,systemlogs1st.evtx,NORMAL
2026-03-24 04:03:37.070095+00:00,System,16,system,System Activity,systemlogs1st.evtx,NORMAL
2026-03-24 04:03:37.502056+00:00,System,16,system,System Activity,systemlogs1st.evtx,NORMAL
2026-03-24 04:03:38.178574+00:00,System,16,system,System Activity,systemlogs1st.evtx,NORMAL
2026-03-24 04:03:41.259712+00:00,System,7036,system,System Activity,systemlogs1st.evtx,NORMAL
2026-03-24 04:03:45.826864+00:00,System,16,system,System Activity,systemlogs1st.evtx,NORMAL
2026-03-24 04:04:06.467661+00:00,System,7036,system,System Activity,systemlogs1st.evtx,NORMAL
2026-03-24 04:04:11.368114+00:00,System,7036,system,System Activity,systemlogs1st.evtx,NORMAL
2026-03-24 04:04:11.808460+00:00,System,37,system,System Activity,systemlogs1st.evtx,NORMAL
2026-03-24 04:04:14.858915+00:00,System,7036,system,System Activity,systemlogs1st.evtx,NORMAL
2026-03-24 04:04:14.995430+00:00,System,7036,system,System Activity,systemlogs1st.evtx,NORMAL
2026-03-24 04:04:21.208284+00:00,System,7036,system,System Activity,systemlogs1st.evtx,NORMAL
2026-03-24 04:04:22.107109+00:00,System,7036,system,System Activity,systemlogs1st.evtx,NORMAL
2026-03-24 04:04:26.955330+00:00,System,44,system,System Activity,systemlogs1st.evtx,NORMAL
2026-03-24 04:04:43.380705+00:00,System,43,system,System Activity,systemlogs1st.evtx,NORMAL
2026-03-24 04:04:53.374477+00:00,System,19,system,System Activity,systemlogs1st.evtx,NORMAL
2026-03-24 04:05:05.806465+00:00,System,7036,system,System Activity,systemlogs1st.evtx,NORMAL
2026-03-24 04:05:06.025032+00:00,System,7036,system,System Activity,systemlogs1st.evtx,NORMAL
2026-03-24 04:05:08.649944+00:00,System,7036,system,System Activity,systemlogs1st.evtx,NORMAL
2026-03-24 04:05:08.822243+00:00,System,7036,system,System Activity,systemlogs1st.evtx,NORMAL
2026-03-24 04:05:13.336744+00:00,System,7036,system,System Activity,systemlogs1st.evtx,NORMAL
2026-03-24 04:05:14.211620+00:00,System,7036,system,System Activity,systemlogs1st.evtx,NORMAL
2026-03-24 04:05:14.242834+00:00,System,7036,system,System Activity,systemlogs1st.evtx,NORMAL
2026-03-24 04:05:31.742916+00:00,System,7036,system,System Activity,systemlogs1st.evtx,NORMAL
2026-03-24 04:05:35.499346+00:00,System,7036,system,System Activity,systemlogs1st.evtx,NORMAL
2026-03-24 04:06:27.222738+00:00,System,7036,system,System Activity,systemlogs1st.evtx,NORMAL
2026-03-24 04:08:08.805811+00:00,System,7036,system,System Activity,systemlogs1st.evtx,NORMAL
2026-03-24 04:08:15.089838+00:00,System,7036,system,System Activity,systemlogs1st.evtx,NORMAL
2026-03-24 04:10:33.371288+00:00,System,7036,system,System Activity,systemlogs1st.evtx,NORMAL
2026-03-24 04:10:34.238298+00:00,System,27,system,System Activity,systemlogs1st.evtx,NORMAL
2026-03-24 04:10:34.269789+00:00,System,7042,system,System Activity,systemlogs1st.evtx,NORMAL
2026-03-24 04:10:34.285408+00:00,System,7036,system,System Activity,systemlogs1st.evtx,NORMAL
2026-03-24 04:10:39.251375+00:00,System,32,system,System Activity,systemlogs1st.evtx,NORMAL
2026-03-24 04:10:40.380665+00:00,System,7036,system,System Activity,systemlogs1st.evtx,NORMAL
2026-03-24 04:10:41.209875+00:00,System,27,system,System Activity,systemlogs1st.evtx,NORMAL
2026-03-24 04:10:41.288048+00:00,System,7042,system,System Activity,systemlogs1st.evtx,NORMAL
2026-03-24 04:10:41.288048+00:00,System,7036,system,System Activity,systemlogs1st.evtx,NORMAL
2026-03-24 04:10:46.367579+00:00,System,32,system,System Activity,systemlogs1st.evtx,NORMAL
2026-03-24 04:10:46.899246+00:00,System,1014,system,System Activity,systemlogs1st.evtx,NORMAL
2026-03-24 04:10:47.873898+00:00,System,7036,system,System Activity,systemlogs1st.evtx,NORMAL
2026-03-24 04:10:54.050810+00:00,System,1014,system,System Activity,systemlogs1st.evtx,NORMAL
2026-03-24 04:11:19.243219+00:00,System,134,system,System Activity,systemlogs1st.evtx,NORMAL
2026-03-24 04:12:05.471613+00:00,System,7036,system,System Activity,systemlogs1st.evtx,NORMAL
2026-03-24 04:12:36.647856+00:00,System,7036,system,System Activity,systemlogs1st.evtx,NORMAL
2026-03-24 04:12:38.398214+00:00,System,7036,system,System Activity,systemlogs1st.evtx,NORMAL
2026-03-24 04:13:05.510580+00:00,System,7036,system,System Activity,systemlogs1st.evtx,NORMAL
2026-03-24 04:13:08.578865+00:00,System,7036,system,System Activity,systemlogs1st.evtx,NORMAL
2026-03-24 04:13:10.204893+00:00,System,7036,system,System Activity,systemlogs1st.evtx,NORMAL
2026-03-24 04:13:31.010744+00:00,System,7036,system,System Activity,systemlogs1st.evtx,NORMAL
2026-03-24 04:13:31.057705+00:00,System,7036,system,System Activity,systemlogs1st.evtx,NORMAL
2026-03-24 04:13:31.292336+00:00,System,7036,system,System Activity,systemlogs1st.evtx,NORMAL
2026-03-24 04:13:31.982300+00:00,System,7036,system,System Activity,systemlogs1st.evtx,NORMAL
2026-03-24 04:13:32.607454+00:00,System,7036,system,System Activity,systemlogs1st.evtx,NORMAL
2026-03-24 04:13:35.591713+00:00,System,7036,system,System Activity,systemlogs1st.evtx,NORMAL
2026-03-24 04:13:37.442749+00:00,System,7040,system,System Activity,systemlogs1st.evtx,NORMAL
2026-03-24 04:13:37.553074+00:00,System,7036,system,System Activity,systemlogs1st.evtx,NORMAL
2026-03-24 04:13:41.026632+00:00,System,7036,system,System Activity,systemlogs1st.evtx,NORMAL
2026-03-24 04:14:14.366770+00:00,System,7036,system,System Activity,systemlogs1st.evtx,NORMAL
2026-03-24 04:15:13.992399+00:00,System,7036,system,System Activity,systemlogs1st.evtx,NORMAL
2026-03-24 04:15:37.580067+00:00,System,7040,system,System Activity,systemlogs1st.evtx,NORMAL
2026-03-24 04:15:37.595959+00:00,System,7036,system,System Activity,systemlogs1st.evtx,NORMAL
2026-03-24 04:15:42.986633+00:00,System,7036,system,System Activity,systemlogs1st.evtx,NORMAL
2026-03-24 04:15:59.116159+00:00,System,566,system,System Activity,systemlogs1st.evtx,NORMAL
2026-03-24 04:16:33.791864+00:00,System,7036,system,System Activity,systemlogs1st.evtx,NORMAL
2026-03-24 04:16:38.151049+00:00,System,7036,system,System Activity,systemlogs1st.evtx,NORMAL
2026-03-24 04:18:05.882030+00:00,System,7036,system,System Activity,systemlogs1st.evtx,NORMAL
2026-03-24 04:18:31.109049+00:00,System,7036,system,System Activity,systemlogs1st.evtx,NORMAL
2026-03-24 04:18:45.779650+00:00,System,7036,system,System Activity,systemlogs1st.evtx,NORMAL
2026-03-24 04:23:05.909185+00:00,System,7036,system,System Activity,systemlogs1st.evtx,NORMAL
2026-03-24 04:23:41.087784+00:00,System,7036,system,System Activity,systemlogs1st.evtx,NORMAL
2026-03-24 04:25:14.030931+00:00,System,7036,system,System Activity,systemlogs1st.evtx,NORMAL
2026-03-24 04:26:19.263517+00:00,System,137,system,System Activity,systemlogs1st.evtx,NORMAL
2026-03-24 04:26:19.493467+00:00,System,37,system,System Activity,systemlogs1st.evtx,NORMAL
2026-03-24 04:32:30.346609+00:00,System,1014,system,System Activity,systemlogs1st.evtx,NORMAL
2026-03-24 04:33:06.270554+00:00,System,7036,system,System Activity,systemlogs1st.evtx,NORMAL
2026-03-24 04:33:36.406834+00:00,System,7036,system,System Activity,systemlogs1st.evtx,NORMAL
2026-03-24 04:33:41.107489+00:00,System,7036,system,System Activity,systemlogs1st.evtx,NORMAL
2026-03-24 04:35:14.078379+00:00,System,7036,system,System Activity,systemlogs1st.evtx,NORMAL
2026-03-25 05:14:22.086529+00:00,System,6008,system,System Activity,systemlogs1st.evtx,NORMAL
2026-03-25 05:14:22.196312+00:00,System,6009,system,System Activity,systemlogs1st.evtx,NORMAL
2026-03-25 05:14:22.196312+00:00,System,6005,system,System Activity,systemlogs1st.evtx,NORMAL
2026-03-25 05:14:22.211367+00:00,System,6013,system,System Activity,systemlogs1st.evtx,NORMAL
2026-03-25 05:13:57.299534+00:00,System,12,system,System Activity,systemlogs1st.evtx,NORMAL
2026-03-25 05:13:57.300095+00:00,System,153,system,System Activity,systemlogs1st.evtx,NORMAL
2026-03-25 05:13:57.300718+00:00,System,20,system,System Activity,systemlogs1st.evtx,NORMAL
2026-03-25 05:13:57.301207+00:00,System,238,system,System Activity,systemlogs1st.evtx,NORMAL
2026-03-25 05:13:57.301208+00:00,System,25,system,System Activity,systemlogs1st.evtx,NORMAL
2026-03-25 05:13:57.301208+00:00,System,27,system,System Activity,systemlogs1st.evtx,NORMAL
2026-03-25 05:13:57.301325+00:00,System,18,system,System Activity,systemlogs1st.evtx,NORMAL
2026-03-25 05:13:57.301464+00:00,System,32,system,System Activity,systemlogs1st.evtx,NORMAL
2026-03-25 05:13:57.312168+00:00,System,20,system,System Activity,systemlogs1st.evtx,NORMAL
2026-03-25 05:13:57.548338+00:00,System,16,system,System Activity,systemlogs1st.evtx,NORMAL
2026-03-25 05:14:03.217508+00:00,System,3,system,System Activity,systemlogs1st.evtx,NORMAL
2026-03-25 05:14:05.592623+00:00,System,6,system,System Activity,systemlogs1st.evtx,NORMAL
2026-03-25 05:14:05.597334+00:00,System,6,system,System Activity,systemlogs1st.evtx,NORMAL
2026-03-25 05:14:05.931368+00:00,System,98,system,System Activity,systemlogs1st.evtx,NORMAL
2026-03-25 05:14:06.254805+00:00,System,6,system,System Activity,systemlogs1st.evtx,NORMAL
2026-03-25 05:14:14.234142+00:00,System,6,system,System Activity,systemlogs1st.evtx,NORMAL
2026-03-25 05:14:14.357344+00:00,System,41,system,System Activity,systemlogs1st.evtx,NORMAL
2026-03-25 05:14:14.363794+00:00,System,172,system,System Activity,systemlogs1st.evtx,NORMAL
2026-03-25 05:14:14.912762+00:00,System,55,system,System Activity,systemlogs1st.evtx,NORMAL
2026-03-25 05:14:14.915478+00:00,System,55,system,System Activity,systemlogs1st.evtx,NORMAL
2026-03-25 05:14:15.268629+00:00,System,32,system,System Activity,systemlogs1st.evtx,NORMAL
2026-03-25 05:14:15.346159+00:00,System,98,system,System Activity,systemlogs1st.evtx,NORMAL
2026-03-25 05:14:16.867941+00:00,System,24,system,System Activity,systemlogs1st.evtx,NORMAL
2026-03-25 05:14:17.940063+00:00,System,14,system,System Activity,systemlogs1st.evtx,NORMAL
2026-03-25 05:14:18.794329+00:00,System,16962,system,System Activity,systemlogs1st.evtx,NORMAL
2026-03-25 05:14:18.845839+00:00,System,16977,system,System Activity,systemlogs1st.evtx,NORMAL
2026-03-25 05:14:18.845848+00:00,System,16983,system,System Activity,systemlogs1st.evtx,NORMAL
2026-03-25 05:14:18.977049+00:00,System,7036,system,System Activity,systemlogs1st.evtx,NORMAL
2026-03-25 05:14:19.133341+00:00,System,7036,system,System Activity,systemlogs1st.evtx,NORMAL
2026-03-25 05:14:19.227083+00:00,System,7036,system,System Activity,systemlogs1st.evtx,NORMAL
2026-03-25 05:14:19.352467+00:00,System,7036,system,System Activity,systemlogs1st.evtx,NORMAL
2026-03-25 05:14:19.445778+00:00,System,7036,system,System Activity,systemlogs1st.evtx,NORMAL
2026-03-25 05:14:19.633848+00:00,System,7036,system,System Activity,systemlogs1st.evtx,NORMAL
2026-03-25 05:14:19.758329+00:00,System,7036,system,System Activity,systemlogs1st.evtx,NORMAL
2026-03-25 05:14:19.805635+00:00,System,7036,system,System Activity,systemlogs1st.evtx,NORMAL
2026-03-25 05:14:20.617859+00:00,System,7036,system,System Activity,systemlogs1st.evtx,NORMAL
2026-03-25 05:14:20.648884+00:00,System,7036,system,System Activity,systemlogs1st.evtx,NORMAL
2026-03-25 05:14:20.820921+00:00,System,7036,system,System Activity,systemlogs1st.evtx,NORMAL
2026-03-25 05:14:21.360796+00:00,System,6,system,System Activity,systemlogs1st.evtx,NORMAL
2026-03-25 05:14:21.503645+00:00,System,6,system,System Activity,systemlogs1st.evtx,NORMAL
2026-03-25 05:14:21.659912+00:00,System,6,system,System Activity,systemlogs1st.evtx,NORMAL
2026-03-25 05:14:21.659952+00:00,System,1,system,System Activity,systemlogs1st.evtx,NORMAL
2026-03-25 05:14:21.660284+00:00,System,6,system,System Activity,systemlogs1st.evtx,NORMAL
2026-03-25 05:14:21.713591+00:00,System,6,system,System Activity,systemlogs1st.evtx,NORMAL
2026-03-25 05:14:21.802479+00:00,System,6,system,System Activity,systemlogs1st.evtx,NORMAL
2026-03-25 05:14:22.071102+00:00,System,7036,system,System Activity,systemlogs1st.evtx,NORMAL
2026-03-25 05:14:22.071102+00:00,System,7036,system,System Activity,systemlogs1st.evtx,NORMAL
2026-03-25 05:14:22.227182+00:00,System,7036,system,System Activity,systemlogs1st.evtx,NORMAL
2026-03-25 05:14:22.336704+00:00,System,7036,system,System Activity,systemlogs1st.evtx,NORMAL
2026-03-25 05:14:22.367832+00:00,System,7036,system,System Activity,systemlogs1st.evtx,NORMAL
2026-03-25 05:14:22.367832+00:00,System,7036,system,System Activity,systemlogs1st.evtx,NORMAL
2026-03-25 05:14:22.383436+00:00,System,7036,system,System Activity,systemlogs1st.evtx,NORMAL
2026-03-25 05:14:22.383436+00:00,System,7036,system,System Activity,systemlogs1st.evtx,NORMAL
2026-03-25 05:14:22.398909+00:00,System,7036,system,System Activity,systemlogs1st.evtx,NORMAL
2026-03-25 05:14:22.618176+00:00,System,7036,system,System Activity,systemlogs1st.evtx,NORMAL
2026-03-25 05:14:22.732254+00:00,System,50036,system,System Activity,systemlogs1st.evtx,NORMAL
2026-03-25 05:14:22.732372+00:00,System,50103,system,System Activity,systemlogs1st.evtx,NORMAL
2026-03-25 05:14:22.738979+00:00,System,50036,system,System Activity,systemlogs1st.evtx,NORMAL
2026-03-25 05:14:22.850819+00:00,System,51046,system,System Activity,systemlogs1st.evtx,NORMAL
2026-03-25 05:14:23.039619+00:00,System,7036,system,System Activity,systemlogs1st.evtx,NORMAL
2026-03-25 05:14:24.086435+00:00,System,7036,system,System Activity,systemlogs1st.evtx,NORMAL
2026-03-25 05:14:24.136034+00:00,System,7036,system,System Activity,systemlogs1st.evtx,NORMAL
2026-03-25 05:14:24.555237+00:00,System,7036,system,System Activity,systemlogs1st.evtx,NORMAL
2026-03-25 05:14:24.695860+00:00,System,7036,system,System Activity,systemlogs1st.evtx,NORMAL
2026-03-25 05:14:24.727100+00:00,System,7036,system,System Activity,systemlogs1st.evtx,NORMAL
2026-03-25 05:14:24.930151+00:00,System,7036,system,System Activity,systemlogs1st.evtx,NORMAL
2026-03-25 05:14:24.930151+00:00,System,7036,system,System Activity,systemlogs1st.evtx,NORMAL
2026-03-25 05:14:25.025099+00:00,System,7036,system,System Activity,systemlogs1st.evtx,NORMAL
2026-03-25 05:14:25.117800+00:00,System,7036,system,System Activity,systemlogs1st.evtx,NORMAL
2026-03-25 05:14:25.133389+00:00,System,7036,system,System Activity,systemlogs1st.evtx,NORMAL
2026-03-25 05:14:25.133389+00:00,System,7036,system,System Activity,systemlogs1st.evtx,NORMAL
2026-03-25 05:14:25.586916+00:00,System,7036,system,System Activity,systemlogs1st.evtx,NORMAL
2026-03-25 05:14:26.274261+00:00,System,7036,system,System Activity,systemlogs1st.evtx,NORMAL
2026-03-25 05:14:26.508301+00:00,System,7036,system,System Activity,systemlogs1st.evtx,NORMAL
2026-03-25 05:17:28.426737+00:00,System,6008,system,System Activity,systemlogs1st.evtx,NORMAL
2026-03-25 05:17:28.442329+00:00,System,6009,system,System Activity,systemlogs1st.evtx,NORMAL
2026-03-25 05:17:28.442329+00:00,System,6005,system,System Activity,systemlogs1st.evtx,NORMAL
2026-03-25 05:17:28.442329+00:00,System,6013,system,System Activity,systemlogs1st.evtx,NORMAL
2026-03-25 05:17:19.780922+00:00,System,12,system,System Activity,systemlogs1st.evtx,NORMAL
2026-03-25 05:17:19.781052+00:00,System,153,system,System Activity,systemlogs1st.evtx,NORMAL
2026-03-25 05:17:19.781225+00:00,System,20,system,System Activity,systemlogs1st.evtx,NORMAL
2026-03-25 05:17:19.781269+00:00,System,238,system,System Activity,systemlogs1st.evtx,NORMAL
2026-03-25 05:17:19.781269+00:00,System,25,system,System Activity,systemlogs1st.evtx,NORMAL
2026-03-25 05:17:19.781269+00:00,System,27,system,System Activity,systemlogs1st.evtx,NORMAL
2026-03-25 05:17:19.781311+00:00,System,18,system,System Activity,systemlogs1st.evtx,NORMAL
2026-03-25 05:17:19.781336+00:00,System,32,system,System Activity,systemlogs1st.evtx,NORMAL
2026-03-25 05:17:19.784481+00:00,System,20,system,System Activity,systemlogs1st.evtx,NORMAL
2026-03-25 05:17:19.832375+00:00,System,16,system,System Activity,systemlogs1st.evtx,NORMAL
2026-03-25 05:17:21.875883+00:00,System,3,system,System Activity,systemlogs1st.evtx,NORMAL
2026-03-25 05:17:23.930676+00:00,System,6,system,System Activity,systemlogs1st.evtx,NORMAL
2026-03-25 05:17:23.932024+00:00,System,6,system,System Activity,systemlogs1st.evtx,NORMAL
2026-03-25 05:17:24.275890+00:00,System,98,system,System Activity,systemlogs1st.evtx,NORMAL
2026-03-25 05:17:24.393938+00:00,System,6,system,System Activity,systemlogs1st.evtx,NORMAL
2026-03-25 05:17:24.533634+00:00,System,6,system,System Activity,systemlogs1st.evtx,NORMAL
2026-03-25 05:17:26.402426+00:00,System,41,system,System Activity,systemlogs1st.evtx,NORMAL
2026-03-25 05:17:26.403896+00:00,System,172,system,System Activity,systemlogs1st.evtx,NORMAL
2026-03-25 05:17:26.598583+00:00,System,55,system,System Activity,systemlogs1st.evtx,NORMAL
2026-03-25 05:17:26.599220+00:00,System,55,system,System Activity,systemlogs1st.evtx,NORMAL
2026-03-25 05:17:26.830606+00:00,System,32,system,System Activity,systemlogs1st.evtx,NORMAL
2026-03-25 05:17:26.859730+00:00,System,98,system,System Activity,systemlogs1st.evtx,NORMAL
2026-03-25 05:17:27.288452+00:00,System,24,system,System Activity,systemlogs1st.evtx,NORMAL
2026-03-25 05:17:27.552900+00:00,System,14,system,System Activity,systemlogs1st.evtx,NORMAL
2026-03-25 05:17:27.752449+00:00,System,16962,system,System Activity,systemlogs1st.evtx,NORMAL
2026-03-25 05:17:27.761637+00:00,System,16977,system,System Activity,systemlogs1st.evtx,NORMAL
2026-03-25 05:17:27.761639+00:00,System,16983,system,System Activity,systemlogs1st.evtx,NORMAL
2026-03-25 05:17:27.770737+00:00,System,7036,system,System Activity,systemlogs1st.evtx,NORMAL
2026-03-25 05:17:27.817339+00:00,System,7036,system,System Activity,systemlogs1st.evtx,NORMAL
2026-03-25 05:17:27.832941+00:00,System,7036,system,System Activity,systemlogs1st.evtx,NORMAL
2026-03-25 05:17:27.848562+00:00,System,7036,system,System Activity,systemlogs1st.evtx,NORMAL
2026-03-25 05:17:27.864197+00:00,System,7036,system,System Activity,systemlogs1st.evtx,NORMAL
2026-03-25 05:17:27.911366+00:00,System,7036,system,System Activity,systemlogs1st.evtx,NORMAL
2026-03-25 05:17:28.207951+00:00,System,7036,system,System Activity,systemlogs1st.evtx,NORMAL
2026-03-25 05:17:28.223629+00:00,System,7036,system,System Activity,systemlogs1st.evtx,NORMAL
2026-03-25 05:17:28.286320+00:00,System,7036,system,System Activity,systemlogs1st.evtx,NORMAL
2026-03-25 05:17:28.286320+00:00,System,7036,system,System Activity,systemlogs1st.evtx,NORMAL
2026-03-25 05:17:28.317326+00:00,System,7036,system,System Activity,systemlogs1st.evtx,NORMAL
2026-03-25 05:17:28.426737+00:00,System,7036,system,System Activity,systemlogs1st.evtx,NORMAL
2026-03-25 05:17:28.442329+00:00,System,7036,system,System Activity,systemlogs1st.evtx,NORMAL
2026-03-25 05:17:28.442329+00:00,System,7036,system,System Activity,systemlogs1st.evtx,NORMAL
2026-03-25 05:17:28.466892+00:00,System,6,system,System Activity,systemlogs1st.evtx,NORMAL
2026-03-25 05:17:28.471151+00:00,System,6,system,System Activity,systemlogs1st.evtx,NORMAL
2026-03-25 05:17:28.491201+00:00,System,6,system,System Activity,systemlogs1st.evtx,NORMAL
2026-03-25 05:17:28.491213+00:00,System,1,system,System Activity,systemlogs1st.evtx,NORMAL
2026-03-25 05:17:28.491264+00:00,System,6,system,System Activity,systemlogs1st.evtx,NORMAL
2026-03-25 05:17:28.501318+00:00,System,6,system,System Activity,systemlogs1st.evtx,NORMAL
2026-03-25 05:17:28.511959+00:00,System,6,system,System Activity,systemlogs1st.evtx,NORMAL
2026-03-25 05:17:28.520594+00:00,System,7036,system,System Activity,systemlogs1st.evtx,NORMAL
2026-03-25 05:17:28.551804+00:00,System,7036,system,System Activity,systemlogs1st.evtx,NORMAL
2026-03-25 05:17:28.567472+00:00,System,7036,system,System Activity,systemlogs1st.evtx,NORMAL
2026-03-25 05:17:28.567472+00:00,System,7036,system,System Activity,systemlogs1st.evtx,NORMAL
2026-03-25 05:17:28.575205+00:00,System,50036,system,System Activity,systemlogs1st.evtx,NORMAL
2026-03-25 05:17:28.575235+00:00,System,50103,system,System Activity,systemlogs1st.evtx,NORMAL
2026-03-25 05:17:28.576166+00:00,System,50036,system,System Activity,systemlogs1st.evtx,NORMAL
2026-03-25 05:17:28.583269+00:00,System,7036,system,System Activity,systemlogs1st.evtx,NORMAL
2026-03-25 05:17:28.587807+00:00,System,51046,system,System Activity,systemlogs1st.evtx,NORMAL
2026-03-25 05:17:28.583269+00:00,System,7036,system,System Activity,systemlogs1st.evtx,NORMAL
2026-03-25 05:17:28.598587+00:00,System,7036,system,System Activity,systemlogs1st.evtx,NORMAL
2026-03-25 05:17:28.598587+00:00,System,7036,system,System Activity,systemlogs1st.evtx,NORMAL
2026-03-25 05:17:28.692402+00:00,System,7036,system,System Activity,systemlogs1st.evtx,NORMAL
2026-03-25 05:17:28.707941+00:00,System,7036,system,System Activity,systemlogs1st.evtx,NORMAL
2026-03-25 05:17:28.739946+00:00,System,7036,system,System Activity,systemlogs1st.evtx,NORMAL
2026-03-25 05:17:28.817434+00:00,System,7036,system,System Activity,systemlogs1st.evtx,NORMAL
2026-03-25 05:17:28.833126+00:00,System,7036,system,System Activity,systemlogs1st.evtx,NORMAL
2026-03-25 05:17:28.848837+00:00,System,7036,system,System Activity,systemlogs1st.evtx,NORMAL
2026-03-25 05:17:28.848837+00:00,System,7036,system,System Activity,systemlogs1st.evtx,NORMAL
2026-03-25 05:17:28.864208+00:00,System,7036,system,System Activity,systemlogs1st.evtx,NORMAL
2026-03-25 05:17:28.864208+00:00,System,7036,system,System Activity,systemlogs1st.evtx,NORMAL
2026-03-25 05:17:28.911322+00:00,System,7036,system,System Activity,systemlogs1st.evtx,NORMAL
2026-03-25 05:17:29.051756+00:00,System,7036,system,System Activity,systemlogs1st.evtx,NORMAL
2026-03-25 05:17:29.145710+00:00,System,7036,system,System Activity,systemlogs1st.evtx,NORMAL
2026-03-25 05:17:29.145710+00:00,System,7036,system,System Activity,systemlogs1st.evtx,NORMAL
2026-03-25 05:17:29.176708+00:00,System,7036,system,System Activity,systemlogs1st.evtx,NORMAL
2026-03-25 05:17:29.207966+00:00,System,7036,system,System Activity,systemlogs1st.evtx,NORMAL
2026-03-25 05:17:29.254827+00:00,System,7036,system,System Activity,systemlogs1st.evtx,NORMAL
2026-03-25 05:17:29.301739+00:00,System,7036,system,System Activity,systemlogs1st.evtx,NORMAL
2026-03-25 05:17:29.489202+00:00,System,5211,system,System Activity,systemlogs1st.evtx,NORMAL
2026-03-25 05:17:29.818275+00:00,System,10148,system,System Activity,systemlogs1st.evtx,NORMAL
2026-03-25 05:17:29.348801+00:00,System,7036,system,System Activity,systemlogs1st.evtx,NORMAL
2026-03-25 05:17:29.348801+00:00,System,7036,system,System Activity,systemlogs1st.evtx,NORMAL
2026-03-25 05:17:29.364252+00:00,System,7036,system,System Activity,systemlogs1st.evtx,NORMAL
2026-03-25 05:17:29.364252+00:00,System,7036,system,System Activity,systemlogs1st.evtx,NORMAL
2026-03-25 05:17:29.457949+00:00,System,7036,system,System Activity,systemlogs1st.evtx,NORMAL
2026-03-25 05:17:29.457949+00:00,System,7036,system,System Activity,systemlogs1st.evtx,NORMAL
2026-03-25 05:17:29.489202+00:00,System,7036,system,System Activity,systemlogs1st.evtx,NORMAL
2026-03-25 05:17:29.536213+00:00,System,7036,system,System Activity,systemlogs1st.evtx,NORMAL
2026-03-25 05:17:29.583069+00:00,System,7036,system,System Activity,systemlogs1st.evtx,NORMAL
2026-03-25 05:17:29.583069+00:00,System,7036,system,System Activity,systemlogs1st.evtx,NORMAL
2026-03-25 05:17:29.645479+00:00,System,7036,system,System Activity,systemlogs1st.evtx,NORMAL
2026-03-25 05:17:29.676723+00:00,System,7026,system,System Activity,systemlogs1st.evtx,NORMAL
2026-03-25 05:17:29.692347+00:00,System,7036,system,System Activity,systemlogs1st.evtx,NORMAL
2026-03-25 05:17:29.727757+00:00,System,37,system,System Activity,systemlogs1st.evtx,NORMAL
2026-03-25 05:17:29.723616+00:00,System,7036,system,System Activity,systemlogs1st.evtx,NORMAL
2026-03-25 05:17:29.754887+00:00,System,7036,system,System Activity,systemlogs1st.evtx,NORMAL
2026-03-25 05:17:29.754887+00:00,System,7036,system,System Activity,systemlogs1st.evtx,NORMAL
2026-03-25 05:17:29.786478+00:00,System,7036,system,System Activity,systemlogs1st.evtx,NORMAL
2026-03-25 05:17:29.895447+00:00,System,7036,system,System Activity,systemlogs1st.evtx,NORMAL
2026-03-25 05:17:29.942415+00:00,System,7036,system,System Activity,systemlogs1st.evtx,NORMAL
2026-03-25 05:17:30.380402+00:00,System,7036,system,System Activity,systemlogs1st.evtx,NORMAL
2026-03-25 05:17:31.292480+00:00,System,37,system,System Activity,systemlogs1st.evtx,NORMAL
2026-03-25 05:17:34.474096+00:00,System,7036,system,System Activity,systemlogs1st.evtx,NORMAL
2026-03-25 05:17:35.552448+00:00,System,7036,system,System Activity,systemlogs1st.evtx,NORMAL
2026-03-25 05:17:35.630510+00:00,System,7036,system,System Activity,systemlogs1st.evtx,NORMAL
2026-03-25 05:17:35.881298+00:00,System,1014,system,System Activity,systemlogs1st.evtx,NORMAL
2026-03-25 05:17:36.364681+00:00,System,7036,system,System Activity,systemlogs1st.evtx,NORMAL
2026-03-25 05:17:36.630419+00:00,System,7036,system,System Activity,systemlogs1st.evtx,NORMAL
2026-03-25 05:17:45.542120+00:00,System,35,system,System Activity,systemlogs1st.evtx,NORMAL
2026-03-25 05:18:01.048178+00:00,System,7036,system,System Activity,systemlogs1st.evtx,NORMAL
2026-03-25 05:18:19.192463+00:00,System,7036,system,System Activity,systemlogs1st.evtx,NORMAL
2026-03-25 05:18:40.364971+00:00,System,7001,system,System Activity,systemlogs1st.evtx,NORMAL
2026-03-25 05:18:40.629787+00:00,System,7036,system,System Activity,systemlogs1st.evtx,NORMAL
2026-03-25 05:18:40.676592+00:00,System,7036,system,System Activity,systemlogs1st.evtx,NORMAL
2026-03-25 05:18:40.739067+00:00,System,7036,system,System Activity,systemlogs1st.evtx,NORMAL
2026-03-25 05:18:40.755390+00:00,System,7036,system,System Activity,systemlogs1st.evtx,NORMAL
2026-03-25 05:18:40.926861+00:00,System,7036,system,System Activity,systemlogs1st.evtx,NORMAL
2026-03-25 05:18:41.004745+00:00,System,10016,system,System Activity,systemlogs1st.evtx,NORMAL
2026-03-25 05:18:41.020483+00:00,System,7036,system,System Activity,systemlogs1st.evtx,NORMAL
2026-03-25 05:18:41.067368+00:00,System,7036,system,System Activity,systemlogs1st.evtx,NORMAL
2026-03-25 05:18:42.395943+00:00,System,7036,system,System Activity,systemlogs1st.evtx,NORMAL
2026-03-25 05:18:43.974264+00:00,System,7036,system,System Activity,systemlogs1st.evtx,NORMAL
2026-03-25 05:18:47.133751+00:00,System,7036,system,System Activity,systemlogs1st.evtx,NORMAL
2026-03-25 05:19:16.172602+00:00,System,7036,system,System Activity,systemlogs1st.evtx,NORMAL
2026-03-25 05:19:16.188496+00:00,System,7036,system,System Activity,systemlogs1st.evtx,NORMAL
2026-03-25 05:19:18.235161+00:00,System,7036,system,System Activity,systemlogs1st.evtx,NORMAL
2026-03-25 05:19:18.594257+00:00,System,7036,system,System Activity,systemlogs1st.evtx,NORMAL
2026-03-25 05:19:18.672388+00:00,System,7036,system,System Activity,systemlogs1st.evtx,NORMAL
2026-03-25 05:19:18.750776+00:00,System,7036,system,System Activity,systemlogs1st.evtx,NORMAL
2026-03-25 05:19:21.279573+00:00,System,7036,system,System Activity,systemlogs1st.evtx,NORMAL
2026-03-25 05:19:28.412527+00:00,System,44,system,System Activity,systemlogs1st.evtx,NORMAL
2026-03-25 05:19:28.441578+00:00,System,7036,system,System Activity,systemlogs1st.evtx,NORMAL
2026-03-25 05:19:29.800285+00:00,System,7036,system,System Activity,systemlogs1st.evtx,NORMAL
2026-03-25 05:19:29.962376+00:00,System,7036,system,System Activity,systemlogs1st.evtx,NORMAL
2026-03-25 05:19:29.962376+00:00,System,7036,system,System Activity,systemlogs1st.evtx,NORMAL
2026-03-25 05:19:30.199455+00:00,System,7036,system,System Activity,systemlogs1st.evtx,NORMAL
2026-03-25 05:19:31.906082+00:00,System,7036,system,System Activity,systemlogs1st.evtx,NORMAL
2026-03-25 05:19:32.546898+00:00,System,7036,system,System Activity,systemlogs1st.evtx,NORMAL
2026-03-25 05:19:56.771704+00:00,System,7036,system,System Activity,systemlogs1st.evtx,NORMAL
2026-03-25 05:20:01.499254+00:00,System,7036,system,System Activity,systemlogs1st.evtx,NORMAL
2026-03-25 05:20:10.043688+00:00,System,44,system,System Activity,systemlogs1st.evtx,NORMAL
2026-03-25 05:20:16.172255+00:00,System,7036,system,System Activity,systemlogs1st.evtx,NORMAL
2026-03-25 05:20:32.609816+00:00,System,7036,system,System Activity,systemlogs1st.evtx,NORMAL
2026-03-25 05:20:40.465473+00:00,System,7036,system,System Activity,systemlogs1st.evtx,NORMAL
2026-03-25 05:21:57.602133+00:00,System,7036,system,System Activity,systemlogs1st.evtx,NORMAL
2026-03-25 05:22:32.803551+00:00,System,7036,system,System Activity,systemlogs1st.evtx,NORMAL
2026-03-25 05:22:40.445759+00:00,System,7036,system,System Activity,systemlogs1st.evtx,NORMAL
2026-03-25 05:22:40.492615+00:00,System,7036,system,System Activity,systemlogs1st.evtx,NORMAL
2026-03-25 05:22:57.961565+00:00,System,7036,system,System Activity,systemlogs1st.evtx,NORMAL
2026-03-25 05:23:31.106113+00:00,System,7036,system,System Activity,systemlogs1st.evtx,NORMAL
2026-03-25 05:24:01.559170+00:00,System,7036,system,System Activity,systemlogs1st.evtx,NORMAL
2026-03-25 05:24:18.792135+00:00,System,7036,system,System Activity,systemlogs1st.evtx,NORMAL
2026-03-25 05:26:31.745726+00:00,System,7036,system,System Activity,systemlogs1st.evtx,NORMAL
2026-03-25 05:27:29.329491+00:00,System,7036,system,System Activity,systemlogs1st.evtx,NORMAL
2026-03-25 05:27:29.891577+00:00,System,7036,system,System Activity,systemlogs1st.evtx,NORMAL
2026-03-25 05:27:29.938610+00:00,System,7036,system,System Activity,systemlogs1st.evtx,NORMAL
2026-03-25 05:27:30.110119+00:00,System,7036,system,System Activity,systemlogs1st.evtx,NORMAL
2026-03-25 05:27:30.438490+00:00,System,7036,system,System Activity,systemlogs1st.evtx,NORMAL
2026-03-25 05:27:34.829166+00:00,System,7036,system,System Activity,systemlogs1st.evtx,NORMAL
2026-03-25 05:27:36.594732+00:00,System,7036,system,System Activity,systemlogs1st.evtx,NORMAL
2026-03-25 05:27:51.133028+00:00,System,43,system,System Activity,systemlogs1st.evtx,NORMAL
2026-03-25 05:27:58.269993+00:00,System,19,system,System Activity,systemlogs1st.evtx,NORMAL
2026-03-25 05:28:21.081736+00:00,System,7036,system,System Activity,systemlogs1st.evtx,NORMAL
2026-03-25 05:29:43.897709+00:00,System,7036,system,System Activity,systemlogs1st.evtx,NORMAL
2026-03-25 05:30:32.235304+00:00,System,7036,system,System Activity,systemlogs1st.evtx,NORMAL
2026-03-25 05:32:29.965666+00:00,System,7036,system,System Activity,systemlogs1st.evtx,NORMAL
2026-03-25 05:32:45.069372+00:00,System,7036,system,System Activity,systemlogs1st.evtx,NORMAL
2026-03-25 05:33:40.107557+00:00,System,566,system,System Activity,systemlogs1st.evtx,NORMAL
2026-03-25 05:38:00.390074+00:00,System,7036,system,System Activity,systemlogs1st.evtx,NORMAL
2026-03-25 05:39:19.252970+00:00,System,1014,system,System Activity,systemlogs1st.evtx,NORMAL
2026-03-25 05:47:31.108702+00:00,System,7036,system,System Activity,systemlogs1st.evtx,NORMAL
2026-03-25 05:47:40.118990+00:00,System,566,system,System Activity,systemlogs1st.evtx,NORMAL
2026-03-25 05:47:40.177782+00:00,System,7036,system,System Activity,systemlogs1st.evtx,NORMAL
2026-03-25 05:47:40.193541+00:00,System,7036,system,System Activity,systemlogs1st.evtx,NORMAL
2026-03-25 05:47:40.224773+00:00,System,7036,system,System Activity,systemlogs1st.evtx,NORMAL
2026-03-25 05:48:01.503862+00:00,System,7036,system,System Activity,systemlogs1st.evtx,NORMAL
2026-03-25 05:48:02.628765+00:00,System,1076,system,System Activity,systemlogs1st.evtx,NORMAL
2026-03-25 05:48:10.210052+00:00,System,7036,system,System Activity,systemlogs1st.evtx,NORMAL
2026-03-25 05:48:10.210052+00:00,System,7036,system,System Activity,systemlogs1st.evtx,NORMAL
2026-03-25 05:48:26.241909+00:00,System,7036,system,System Activity,systemlogs1st.evtx,NORMAL
2026-03-25 16:48:47.630320+00:00,System,6008,system,System Activity,systemlogs1st.evtx,NORMAL
2026-03-25 16:48:47.630320+00:00,System,6009,system,System Activity,systemlogs1st.evtx,NORMAL
2026-03-25 16:48:47.630320+00:00,System,6005,system,System Activity,systemlogs1st.evtx,NORMAL
2026-03-25 16:48:47.646002+00:00,System,6013,system,System Activity,systemlogs1st.evtx,NORMAL
2026-03-25 16:48:39.653610+00:00,System,12,system,System Activity,systemlogs1st.evtx,NORMAL
2026-03-25 16:48:39.653708+00:00,System,153,system,System Activity,systemlogs1st.evtx,NORMAL
2026-03-25 16:48:39.653828+00:00,System,20,system,System Activity,systemlogs1st.evtx,NORMAL
2026-03-25 16:48:39.653864+00:00,System,238,system,System Activity,systemlogs1st.evtx,NORMAL
2026-03-25 16:48:39.653864+00:00,System,25,system,System Activity,systemlogs1st.evtx,NORMAL
2026-03-25 16:48:39.653864+00:00,System,27,system,System Activity,systemlogs1st.evtx,NORMAL
2026-03-25 16:48:39.653885+00:00,System,18,system,System Activity,systemlogs1st.evtx,NORMAL
2026-03-25 16:48:39.653904+00:00,System,32,system,System Activity,systemlogs1st.evtx,NORMAL
2026-03-25 16:48:39.656511+00:00,System,20,system,System Activity,systemlogs1st.evtx,NORMAL
2026-03-25 16:48:39.703253+00:00,System,16,system,System Activity,systemlogs1st.evtx,NORMAL
2026-03-25 16:48:41.534763+00:00,System,3,system,System Activity,systemlogs1st.evtx,NORMAL
2026-03-25 16:48:43.626656+00:00,System,6,system,System Activity,systemlogs1st.evtx,NORMAL
2026-03-25 16:48:43.627722+00:00,System,6,system,System Activity,systemlogs1st.evtx,NORMAL
2026-03-25 16:48:43.722855+00:00,System,98,system,System Activity,systemlogs1st.evtx,NORMAL
2026-03-25 16:48:43.830994+00:00,System,6,system,System Activity,systemlogs1st.evtx,NORMAL
2026-03-25 16:48:43.962666+00:00,System,6,system,System Activity,systemlogs1st.evtx,NORMAL
2026-03-25 16:48:43.992563+00:00,System,41,system,System Activity,systemlogs1st.evtx,NORMAL
2026-03-25 16:48:43.994148+00:00,System,172,system,System Activity,systemlogs1st.evtx,NORMAL
2026-03-25 16:48:46.143051+00:00,System,55,system,System Activity,systemlogs1st.evtx,NORMAL
2026-03-25 16:48:46.143589+00:00,System,55,system,System Activity,systemlogs1st.evtx,NORMAL
2026-03-25 16:48:46.377956+00:00,System,32,system,System Activity,systemlogs1st.evtx,NORMAL
2026-03-25 16:48:46.406166+00:00,System,98,system,System Activity,systemlogs1st.evtx,NORMAL
2026-03-25 16:48:46.780081+00:00,System,24,system,System Activity,systemlogs1st.evtx,NORMAL
2026-03-25 16:48:47.095978+00:00,System,14,system,System Activity,systemlogs1st.evtx,NORMAL
2026-03-25 16:48:47.293800+00:00,System,16962,system,System Activity,systemlogs1st.evtx,NORMAL
2026-03-25 16:48:47.302437+00:00,System,16977,system,System Activity,systemlogs1st.evtx,NORMAL
2026-03-25 16:48:47.302439+00:00,System,16983,system,System Activity,systemlogs1st.evtx,NORMAL
2026-03-25 16:48:47.349054+00:00,System,7036,system,System Activity,systemlogs1st.evtx,NORMAL
2026-03-25 16:48:47.380304+00:00,System,7036,system,System Activity,systemlogs1st.evtx,NORMAL
2026-03-25 16:48:47.411720+00:00,System,7036,system,System Activity,systemlogs1st.evtx,NORMAL
2026-03-25 16:48:47.427269+00:00,System,7036,system,System Activity,systemlogs1st.evtx,NORMAL
2026-03-25 16:48:47.427269+00:00,System,7036,system,System Activity,systemlogs1st.evtx,NORMAL
2026-03-25 16:48:47.458488+00:00,System,7036,system,System Activity,systemlogs1st.evtx,NORMAL
2026-03-25 16:48:47.489777+00:00,System,7036,system,System Activity,systemlogs1st.evtx,NORMAL
2026-03-25 16:48:47.505421+00:00,System,7036,system,System Activity,systemlogs1st.evtx,NORMAL
2026-03-25 16:48:47.583546+00:00,System,7036,system,System Activity,systemlogs1st.evtx,NORMAL
2026-03-25 16:48:47.583546+00:00,System,7036,system,System Activity,systemlogs1st.evtx,NORMAL
2026-03-25 16:48:47.649193+00:00,System,6,system,System Activity,systemlogs1st.evtx,NORMAL
2026-03-25 16:48:47.646002+00:00,System,7036,system,System Activity,systemlogs1st.evtx,NORMAL
2026-03-25 16:48:47.656319+00:00,System,6,system,System Activity,systemlogs1st.evtx,NORMAL
2026-03-25 16:48:47.646002+00:00,System,7036,system,System Activity,systemlogs1st.evtx,NORMAL
2026-03-25 16:48:47.666336+00:00,System,6,system,System Activity,systemlogs1st.evtx,NORMAL
2026-03-25 16:48:47.666344+00:00,System,1,system,System Activity,systemlogs1st.evtx,NORMAL
2026-03-25 16:48:47.666399+00:00,System,6,system,System Activity,systemlogs1st.evtx,NORMAL
2026-03-25 16:48:47.672243+00:00,System,6,system,System Activity,systemlogs1st.evtx,NORMAL
2026-03-25 16:48:47.678272+00:00,System,6,system,System Activity,systemlogs1st.evtx,NORMAL
2026-03-25 16:48:47.677202+00:00,System,7036,system,System Activity,systemlogs1st.evtx,NORMAL
2026-03-25 16:48:47.708437+00:00,System,7036,system,System Activity,systemlogs1st.evtx,NORMAL
2026-03-25 16:48:47.721460+00:00,System,50036,system,System Activity,systemlogs1st.evtx,NORMAL
2026-03-25 16:48:47.721491+00:00,System,50103,system,System Activity,systemlogs1st.evtx,NORMAL
2026-03-25 16:48:47.722204+00:00,System,50036,system,System Activity,systemlogs1st.evtx,NORMAL
2026-03-25 16:48:47.749506+00:00,System,51046,system,System Activity,systemlogs1st.evtx,NORMAL
2026-03-25 16:48:47.755323+00:00,System,7036,system,System Activity,systemlogs1st.evtx,NORMAL
2026-03-25 16:48:47.771011+00:00,System,7036,system,System Activity,systemlogs1st.evtx,NORMAL
2026-03-25 16:48:47.771011+00:00,System,7036,system,System Activity,systemlogs1st.evtx,NORMAL
2026-03-25 16:48:48.567823+00:00,System,5211,system,System Activity,systemlogs1st.evtx,NORMAL
2026-03-25 16:48:47.802227+00:00,System,7036,system,System Activity,systemlogs1st.evtx,NORMAL
2026-03-25 16:48:47.817883+00:00,System,7036,system,System Activity,systemlogs1st.evtx,NORMAL
2026-03-25 16:48:47.849081+00:00,System,7036,system,System Activity,systemlogs1st.evtx,NORMAL
2026-03-25 16:48:47.895941+00:00,System,7036,system,System Activity,systemlogs1st.evtx,NORMAL
2026-03-25 16:48:47.911633+00:00,System,7036,system,System Activity,systemlogs1st.evtx,NORMAL
2026-03-25 16:48:48.052235+00:00,System,7036,system,System Activity,systemlogs1st.evtx,NORMAL
2026-03-25 16:48:48.067976+00:00,System,7036,system,System Activity,systemlogs1st.evtx,NORMAL
2026-03-25 16:48:48.083586+00:00,System,7036,system,System Activity,systemlogs1st.evtx,NORMAL
2026-03-25 16:48:48.130402+00:00,System,7036,system,System Activity,systemlogs1st.evtx,NORMAL
2026-03-25 16:48:48.130402+00:00,System,7036,system,System Activity,systemlogs1st.evtx,NORMAL
2026-03-25 16:48:48.146276+00:00,System,7036,system,System Activity,systemlogs1st.evtx,NORMAL
2026-03-25 16:48:48.146276+00:00,System,7036,system,System Activity,systemlogs1st.evtx,NORMAL
2026-03-25 16:48:48.177589+00:00,System,7036,system,System Activity,systemlogs1st.evtx,NORMAL
2026-03-25 16:48:48.177589+00:00,System,7036,system,System Activity,systemlogs1st.evtx,NORMAL
2026-03-25 16:48:48.177589+00:00,System,7036,system,System Activity,systemlogs1st.evtx,NORMAL
2026-03-25 16:48:48.302385+00:00,System,7036,system,System Activity,systemlogs1st.evtx,NORMAL
2026-03-25 16:48:48.317902+00:00,System,7036,system,System Activity,systemlogs1st.evtx,NORMAL
2026-03-25 16:48:48.317902+00:00,System,7036,system,System Activity,systemlogs1st.evtx,NORMAL
2026-03-25 16:48:48.317902+00:00,System,7036,system,System Activity,systemlogs1st.evtx,NORMAL
2026-03-25 16:48:48.411917+00:00,System,7036,system,System Activity,systemlogs1st.evtx,NORMAL
2026-03-25 16:48:48.411917+00:00,System,7036,system,System Activity,systemlogs1st.evtx,NORMAL
2026-03-25 16:48:48.427195+00:00,System,7036,system,System Activity,systemlogs1st.evtx,NORMAL
2026-03-25 16:48:48.474318+00:00,System,7036,system,System Activity,systemlogs1st.evtx,NORMAL
2026-03-25 16:48:48.474318+00:00,System,7036,system,System Activity,systemlogs1st.evtx,NORMAL
2026-03-25 16:48:48.489712+00:00,System,7036,system,System Activity,systemlogs1st.evtx,NORMAL
2026-03-25 16:48:48.536880+00:00,System,7036,system,System Activity,systemlogs1st.evtx,NORMAL
2026-03-25 16:48:48.552317+00:00,System,7036,system,System Activity,systemlogs1st.evtx,NORMAL
2026-03-25 16:48:48.599091+00:00,System,7036,system,System Activity,systemlogs1st.evtx,NORMAL
2026-03-25 16:48:48.599091+00:00,System,7036,system,System Activity,systemlogs1st.evtx,NORMAL
2026-03-25 16:48:48.724163+00:00,System,7036,system,System Activity,systemlogs1st.evtx,NORMAL
2026-03-25 16:48:48.773382+00:00,System,134,system,System Activity,systemlogs1st.evtx,NORMAL
2026-03-25 16:48:48.786572+00:00,System,7036,system,System Activity,systemlogs1st.evtx,NORMAL
2026-03-25 16:48:48.912262+00:00,System,10148,system,System Activity,systemlogs1st.evtx,NORMAL
2026-03-25 16:48:48.833487+00:00,System,7026,system,System Activity,systemlogs1st.evtx,NORMAL
2026-03-25 16:48:48.849113+00:00,System,7036,system,System Activity,systemlogs1st.evtx,NORMAL
2026-03-25 16:48:48.864782+00:00,System,7036,system,System Activity,systemlogs1st.evtx,NORMAL
2026-03-25 16:48:48.912262+00:00,System,7036,system,System Activity,systemlogs1st.evtx,NORMAL
2026-03-25 16:48:48.927240+00:00,System,7036,system,System Activity,systemlogs1st.evtx,NORMAL
2026-03-25 16:48:48.944290+00:00,System,7036,system,System Activity,systemlogs1st.evtx,NORMAL
2026-03-25 16:48:48.958427+00:00,System,7036,system,System Activity,systemlogs1st.evtx,NORMAL
2026-03-25 16:48:48.974121+00:00,System,7036,system,System Activity,systemlogs1st.evtx,NORMAL
2026-03-25 16:48:48.989822+00:00,System,7036,system,System Activity,systemlogs1st.evtx,NORMAL
2026-03-25 16:48:50.069647+00:00,System,7036,system,System Activity,systemlogs1st.evtx,NORMAL
2026-03-25 16:48:50.319656+00:00,System,7036,system,System Activity,systemlogs1st.evtx,NORMAL
2026-03-25 16:48:50.417936+00:00,System,37,system,System Activity,systemlogs1st.evtx,NORMAL
2026-03-25 16:48:53.788437+00:00,System,7036,system,System Activity,systemlogs1st.evtx,NORMAL
2026-03-25 16:48:56.931820+00:00,System,1014,system,System Activity,systemlogs1st.evtx,NORMAL
2026-03-25 16:49:04.560520+00:00,System,35,system,System Activity,systemlogs1st.evtx,NORMAL
2026-03-25 16:49:20.079290+00:00,System,7036,system,System Activity,systemlogs1st.evtx,NORMAL
2026-03-25 16:49:40.100573+00:00,System,7036,system,System Activity,systemlogs1st.evtx,NORMAL
2026-03-25 16:49:54.489025+00:00,System,37,system,System Activity,systemlogs1st.evtx,NORMAL
2026-03-25 16:50:48.188107+00:00,System,7036,system,System Activity,systemlogs1st.evtx,NORMAL
2026-03-25 16:50:48.960531+00:00,System,7036,system,System Activity,systemlogs1st.evtx,NORMAL
2026-03-25 16:50:49.419624+00:00,System,7036,system,System Activity,systemlogs1st.evtx,NORMAL
2026-03-25 16:50:49.450260+00:00,System,7036,system,System Activity,systemlogs1st.evtx,NORMAL
2026-03-25 16:50:49.593861+00:00,System,7036,system,System Activity,systemlogs1st.evtx,NORMAL
2026-03-25 16:50:49.923943+00:00,System,7036,system,System Activity,systemlogs1st.evtx,NORMAL
2026-03-25 16:50:49.939678+00:00,System,7036,system,System Activity,systemlogs1st.evtx,NORMAL
2026-03-25 16:50:50.158306+00:00,System,7036,system,System Activity,systemlogs1st.evtx,NORMAL
2026-03-25 16:50:50.252991+00:00,System,7036,system,System Activity,systemlogs1st.evtx,NORMAL
2026-03-25 16:50:50.267750+00:00,System,7036,system,System Activity,systemlogs1st.evtx,NORMAL
2026-03-25 16:50:50.721563+00:00,System,7036,system,System Activity,systemlogs1st.evtx,NORMAL
2026-03-25 16:50:50.814644+00:00,System,7036,system,System Activity,systemlogs1st.evtx,NORMAL
2026-03-25 16:50:50.830214+00:00,System,7036,system,System Activity,systemlogs1st.evtx,NORMAL
2026-03-25 16:50:53.314142+00:00,System,7036,system,System Activity,systemlogs1st.evtx,NORMAL
2026-03-25 16:50:53.409327+00:00,System,7036,system,System Activity,systemlogs1st.evtx,NORMAL
2026-03-25 16:50:53.425009+00:00,System,7036,system,System Activity,systemlogs1st.evtx,NORMAL
2026-03-25 16:50:53.739645+00:00,System,7036,system,System Activity,systemlogs1st.evtx,NORMAL
2026-03-25 16:51:20.358158+00:00,System,7036,system,System Activity,systemlogs1st.evtx,NORMAL
2026-03-25 16:51:20.419962+00:00,System,7036,system,System Activity,systemlogs1st.evtx,NORMAL
2026-03-25 16:51:23.325226+00:00,System,7036,system,System Activity,systemlogs1st.evtx,NORMAL
2026-03-25 16:51:35.122389+00:00,System,7036,system,System Activity,systemlogs1st.evtx,NORMAL
2026-03-25 16:51:50.907549+00:00,System,7036,system,System Activity,systemlogs1st.evtx,NORMAL
2026-03-25 16:51:53.414534+00:00,System,7036,system,System Activity,systemlogs1st.evtx,NORMAL
2026-03-25 16:53:25.961742+00:00,System,7036,system,System Activity,systemlogs1st.evtx,NORMAL
2026-03-25 16:53:26.258617+00:00,System,7036,system,System Activity,systemlogs1st.evtx,NORMAL
2026-03-25 16:53:52.600397+00:00,System,7036,system,System Activity,systemlogs1st.evtx,NORMAL
2026-03-25 16:54:06.074266+00:00,System,7036,system,System Activity,systemlogs1st.evtx,NORMAL
2026-03-25 16:55:50.865833+00:00,System,7036,system,System Activity,systemlogs1st.evtx,NORMAL
2026-03-25 16:55:50.928411+00:00,System,7036,system,System Activity,systemlogs1st.evtx,NORMAL
2026-03-25 16:58:26.324244+00:00,System,7036,system,System Activity,systemlogs1st.evtx,NORMAL
2026-03-25 16:58:48.979259+00:00,System,7036,system,System Activity,systemlogs1st.evtx,NORMAL
2026-03-25 16:58:49.315313+00:00,System,566,system,System Activity,systemlogs1st.evtx,NORMAL
2026-03-25 16:58:50.844172+00:00,System,7036,system,System Activity,systemlogs1st.evtx,NORMAL
2026-03-25 16:58:54.437750+00:00,System,7036,system,System Activity,systemlogs1st.evtx,NORMAL
2026-03-25 16:59:08.445963+00:00,System,7036,system,System Activity,systemlogs1st.evtx,NORMAL
2026-03-25 16:59:13.833225+00:00,System,7036,system,System Activity,systemlogs1st.evtx,NORMAL
2026-03-25 16:59:13.833225+00:00,System,7036,system,System Activity,systemlogs1st.evtx,NORMAL
2026-03-25 16:59:17.770367+00:00,System,44,system,System Activity,systemlogs1st.evtx,NORMAL
2026-03-25 16:59:33.442335+00:00,System,43,system,System Activity,systemlogs1st.evtx,NORMAL
2026-03-25 16:59:53.965958+00:00,System,19,system,System Activity,systemlogs1st.evtx,NORMAL
2026-03-25 17:00:03.386818+00:00,System,7036,system,System Activity,systemlogs1st.evtx,NORMAL
2026-03-25 17:00:13.830706+00:00,System,7036,system,System Activity,systemlogs1st.evtx,NORMAL
2026-03-25 17:00:52.274239+00:00,System,7036,system,System Activity,systemlogs1st.evtx,NORMAL
2026-03-25 17:02:09.731400+00:00,System,7036,system,System Activity,systemlogs1st.evtx,NORMAL
2026-03-25 17:08:12.533888+00:00,System,27,system,System Activity,systemlogs1st.evtx,NORMAL
2026-03-25 17:08:12.659018+00:00,System,7042,system,System Activity,systemlogs1st.evtx,NORMAL
2026-03-25 17:08:12.768629+00:00,System,7036,system,System Activity,systemlogs1st.evtx,NORMAL
2026-03-25 17:08:17.854221+00:00,System,32,system,System Activity,systemlogs1st.evtx,NORMAL
2026-03-25 17:08:19.323259+00:00,System,7036,system,System Activity,systemlogs1st.evtx,NORMAL
2026-03-25 17:08:25.538046+00:00,System,1014,system,System Activity,systemlogs1st.evtx,NORMAL
2026-03-25 17:09:09.746040+00:00,System,134,system,System Activity,systemlogs1st.evtx,NORMAL
2026-03-25 17:11:48.967886+00:00,System,27,system,System Activity,systemlogs1st.evtx,NORMAL
2026-03-25 17:11:49.157982+00:00,System,7042,system,System Activity,systemlogs1st.evtx,NORMAL
2026-03-25 17:11:49.193047+00:00,System,7036,system,System Activity,systemlogs1st.evtx,NORMAL
2026-03-25 17:11:54.562475+00:00,System,32,system,System Activity,systemlogs1st.evtx,NORMAL
2026-03-25 17:11:55.824099+00:00,System,7036,system,System Activity,systemlogs1st.evtx,NORMAL
2026-03-25 17:12:02.468275+00:00,System,1014,system,System Activity,systemlogs1st.evtx,NORMAL
2026-03-25 17:12:34.282070+00:00,System,37,system,System Activity,systemlogs1st.evtx,NORMAL
2026-03-25 17:18:23.672249+00:00,System,7036,system,System Activity,systemlogs1st.evtx,NORMAL
2026-03-25 17:18:50.382607+00:00,System,7036,system,System Activity,systemlogs1st.evtx,NORMAL
2026-03-25 17:19:20.962101+00:00,System,7036,system,System Activity,systemlogs1st.evtx,NORMAL
2026-03-26 04:28:44.331512+00:00,System,6008,system,System Activity,systemlogs1st.evtx,NORMAL
2026-03-26 04:28:44.331512+00:00,System,6009,system,System Activity,systemlogs1st.evtx,NORMAL
2026-03-26 04:28:44.331512+00:00,System,6005,system,System Activity,systemlogs1st.evtx,NORMAL
2026-03-26 04:28:44.331512+00:00,System,6013,system,System Activity,systemlogs1st.evtx,NORMAL
2026-03-26 04:28:36.692118+00:00,System,12,system,System Activity,systemlogs1st.evtx,NORMAL
2026-03-26 04:28:36.692240+00:00,System,153,system,System Activity,systemlogs1st.evtx,NORMAL
2026-03-26 04:28:36.692354+00:00,System,20,system,System Activity,systemlogs1st.evtx,NORMAL
2026-03-26 04:28:36.692377+00:00,System,238,system,System Activity,systemlogs1st.evtx,NORMAL
2026-03-26 04:28:36.692377+00:00,System,25,system,System Activity,systemlogs1st.evtx,NORMAL
2026-03-26 04:28:36.692377+00:00,System,27,system,System Activity,systemlogs1st.evtx,NORMAL
2026-03-26 04:28:36.692417+00:00,System,18,system,System Activity,systemlogs1st.evtx,NORMAL
2026-03-26 04:28:36.692442+00:00,System,32,system,System Activity,systemlogs1st.evtx,NORMAL
2026-03-26 04:28:36.695190+00:00,System,20,system,System Activity,systemlogs1st.evtx,NORMAL
2026-03-26 04:28:36.734226+00:00,System,16,system,System Activity,systemlogs1st.evtx,NORMAL
2026-03-26 04:28:38.609873+00:00,System,3,system,System Activity,systemlogs1st.evtx,NORMAL
2026-03-26 04:28:40.609253+00:00,System,6,system,System Activity,systemlogs1st.evtx,NORMAL
2026-03-26 04:28:40.610291+00:00,System,6,system,System Activity,systemlogs1st.evtx,NORMAL
2026-03-26 04:28:40.684690+00:00,System,98,system,System Activity,systemlogs1st.evtx,NORMAL
2026-03-26 04:28:40.787685+00:00,System,6,system,System Activity,systemlogs1st.evtx,NORMAL
2026-03-26 04:28:40.913408+00:00,System,6,system,System Activity,systemlogs1st.evtx,NORMAL
2026-03-26 04:28:40.941031+00:00,System,41,system,System Activity,systemlogs1st.evtx,NORMAL
2026-03-26 04:28:40.941460+00:00,System,172,system,System Activity,systemlogs1st.evtx,NORMAL
2026-03-26 04:28:42.729900+00:00,System,55,system,System Activity,systemlogs1st.evtx,NORMAL
2026-03-26 04:28:42.730438+00:00,System,55,system,System Activity,systemlogs1st.evtx,NORMAL
2026-03-26 04:28:42.971031+00:00,System,32,system,System Activity,systemlogs1st.evtx,NORMAL
2026-03-26 04:28:42.996655+00:00,System,98,system,System Activity,systemlogs1st.evtx,NORMAL
2026-03-26 04:28:43.423237+00:00,System,24,system,System Activity,systemlogs1st.evtx,NORMAL
2026-03-26 04:28:43.669621+00:00,System,14,system,System Activity,systemlogs1st.evtx,NORMAL
2026-03-26 04:28:43.862610+00:00,System,16962,system,System Activity,systemlogs1st.evtx,NORMAL
2026-03-26 04:28:43.871208+00:00,System,16977,system,System Activity,systemlogs1st.evtx,NORMAL
2026-03-26 04:28:43.871210+00:00,System,16983,system,System Activity,systemlogs1st.evtx,NORMAL
2026-03-26 04:28:43.878576+00:00,System,7036,system,System Activity,systemlogs1st.evtx,NORMAL
2026-03-26 04:28:43.909735+00:00,System,7036,system,System Activity,systemlogs1st.evtx,NORMAL
2026-03-26 04:28:43.972130+00:00,System,7036,system,System Activity,systemlogs1st.evtx,NORMAL
2026-03-26 04:28:43.987753+00:00,System,7036,system,System Activity,systemlogs1st.evtx,NORMAL
2026-03-26 04:28:44.019007+00:00,System,7036,system,System Activity,systemlogs1st.evtx,NORMAL
2026-03-26 04:28:44.066021+00:00,System,7036,system,System Activity,systemlogs1st.evtx,NORMAL
2026-03-26 04:28:44.097254+00:00,System,7036,system,System Activity,systemlogs1st.evtx,NORMAL
2026-03-26 04:28:44.097254+00:00,System,7036,system,System Activity,systemlogs1st.evtx,NORMAL
2026-03-26 04:28:44.175268+00:00,System,7036,system,System Activity,systemlogs1st.evtx,NORMAL
2026-03-26 04:28:44.190872+00:00,System,7036,system,System Activity,systemlogs1st.evtx,NORMAL
2026-03-26 04:28:44.241444+00:00,System,6,system,System Activity,systemlogs1st.evtx,NORMAL
2026-03-26 04:28:44.253633+00:00,System,6,system,System Activity,systemlogs1st.evtx,NORMAL
2026-03-26 04:28:44.275558+00:00,System,6,system,System Activity,systemlogs1st.evtx,NORMAL
2026-03-26 04:28:44.275576+00:00,System,1,system,System Activity,systemlogs1st.evtx,NORMAL
2026-03-26 04:28:44.275640+00:00,System,6,system,System Activity,systemlogs1st.evtx,NORMAL
2026-03-26 04:28:44.289761+00:00,System,6,system,System Activity,systemlogs1st.evtx,NORMAL
2026-03-26 04:28:44.296591+00:00,System,6,system,System Activity,systemlogs1st.evtx,NORMAL
2026-03-26 04:28:44.331512+00:00,System,7036,system,System Activity,systemlogs1st.evtx,NORMAL
2026-03-26 04:28:44.347147+00:00,System,7036,system,System Activity,systemlogs1st.evtx,NORMAL
2026-03-26 04:28:44.347147+00:00,System,7036,system,System Activity,systemlogs1st.evtx,NORMAL
2026-03-26 04:28:44.394094+00:00,System,7036,system,System Activity,systemlogs1st.evtx,NORMAL
2026-03-26 04:28:44.394094+00:00,System,7036,system,System Activity,systemlogs1st.evtx,NORMAL
2026-03-26 04:28:44.425280+00:00,System,7036,system,System Activity,systemlogs1st.evtx,NORMAL
2026-03-26 04:28:44.456551+00:00,System,7036,system,System Activity,systemlogs1st.evtx,NORMAL
2026-03-26 04:28:44.487762+00:00,System,7036,system,System Activity,systemlogs1st.evtx,NORMAL
2026-03-26 04:28:44.556999+00:00,System,50036,system,System Activity,systemlogs1st.evtx,NORMAL
2026-03-26 04:28:44.557035+00:00,System,50103,system,System Activity,systemlogs1st.evtx,NORMAL
2026-03-26 04:28:44.560566+00:00,System,50036,system,System Activity,systemlogs1st.evtx,NORMAL
2026-03-26 04:28:44.565933+00:00,System,7036,system,System Activity,systemlogs1st.evtx,NORMAL
2026-03-26 04:28:44.594442+00:00,System,51046,system,System Activity,systemlogs1st.evtx,NORMAL
2026-03-26 04:28:44.597176+00:00,System,7036,system,System Activity,systemlogs1st.evtx,NORMAL
2026-03-26 04:28:44.628456+00:00,System,7036,system,System Activity,systemlogs1st.evtx,NORMAL
2026-03-26 04:28:44.644188+00:00,System,7036,system,System Activity,systemlogs1st.evtx,NORMAL
2026-03-26 04:28:44.737753+00:00,System,7036,system,System Activity,systemlogs1st.evtx,NORMAL
2026-03-26 04:28:44.737753+00:00,System,7036,system,System Activity,systemlogs1st.evtx,NORMAL
2026-03-26 04:28:44.753424+00:00,System,7036,system,System Activity,systemlogs1st.evtx,NORMAL
2026-03-26 04:28:44.769030+00:00,System,7036,system,System Activity,systemlogs1st.evtx,NORMAL
2026-03-26 04:28:44.784973+00:00,System,7036,system,System Activity,systemlogs1st.evtx,NORMAL
2026-03-26 04:28:44.800571+00:00,System,7036,system,System Activity,systemlogs1st.evtx,NORMAL
2026-03-26 04:28:44.815922+00:00,System,7036,system,System Activity,systemlogs1st.evtx,NORMAL
2026-03-26 04:28:44.831501+00:00,System,7036,system,System Activity,systemlogs1st.evtx,NORMAL
2026-03-26 04:28:44.831501+00:00,System,7036,system,System Activity,systemlogs1st.evtx,NORMAL
2026-03-26 04:28:45.269045+00:00,System,5211,system,System Activity,systemlogs1st.evtx,NORMAL
2026-03-26 04:28:45.784775+00:00,System,10148,system,System Activity,systemlogs1st.evtx,NORMAL
2026-03-26 04:28:44.847147+00:00,System,7036,system,System Activity,systemlogs1st.evtx,NORMAL
2026-03-26 04:28:44.847147+00:00,System,7036,system,System Activity,systemlogs1st.evtx,NORMAL
2026-03-26 04:28:44.972128+00:00,System,7036,system,System Activity,systemlogs1st.evtx,NORMAL
2026-03-26 04:28:45.034645+00:00,System,7036,system,System Activity,systemlogs1st.evtx,NORMAL
2026-03-26 04:28:45.050394+00:00,System,7036,system,System Activity,systemlogs1st.evtx,NORMAL
2026-03-26 04:28:45.050394+00:00,System,7036,system,System Activity,systemlogs1st.evtx,NORMAL
2026-03-26 04:28:45.082224+00:00,System,7036,system,System Activity,systemlogs1st.evtx,NORMAL
2026-03-26 04:28:45.082224+00:00,System,7036,system,System Activity,systemlogs1st.evtx,NORMAL
2026-03-26 04:28:45.097248+00:00,System,7036,system,System Activity,systemlogs1st.evtx,NORMAL
2026-03-26 04:28:45.112862+00:00,System,7036,system,System Activity,systemlogs1st.evtx,NORMAL
2026-03-26 04:28:45.128387+00:00,System,7036,system,System Activity,systemlogs1st.evtx,NORMAL
2026-03-26 04:28:45.269045+00:00,System,7036,system,System Activity,systemlogs1st.evtx,NORMAL
2026-03-26 04:28:45.331497+00:00,System,7036,system,System Activity,systemlogs1st.evtx,NORMAL
2026-03-26 04:28:45.331497+00:00,System,7036,system,System Activity,systemlogs1st.evtx,NORMAL
2026-03-26 04:28:45.331497+00:00,System,7036,system,System Activity,systemlogs1st.evtx,NORMAL
2026-03-26 04:28:45.394012+00:00,System,7036,system,System Activity,systemlogs1st.evtx,NORMAL
2026-03-26 04:28:45.409670+00:00,System,7036,system,System Activity,systemlogs1st.evtx,NORMAL
2026-03-26 04:28:45.427380+00:00,System,134,system,System Activity,systemlogs1st.evtx,NORMAL
2026-03-26 04:28:45.440929+00:00,System,7036,system,System Activity,systemlogs1st.evtx,NORMAL
2026-03-26 04:28:45.456610+00:00,System,7026,system,System Activity,systemlogs1st.evtx,NORMAL
2026-03-26 04:28:45.487804+00:00,System,7036,system,System Activity,systemlogs1st.evtx,NORMAL
2026-03-26 04:28:45.503405+00:00,System,7036,system,System Activity,systemlogs1st.evtx,NORMAL
2026-03-26 04:28:45.519178+00:00,System,7036,system,System Activity,systemlogs1st.evtx,NORMAL
2026-03-26 04:28:45.581570+00:00,System,7036,system,System Activity,systemlogs1st.evtx,NORMAL
2026-03-26 04:28:45.691366+00:00,System,7036,system,System Activity,systemlogs1st.evtx,NORMAL
2026-03-26 04:28:45.722263+00:00,System,7036,system,System Activity,systemlogs1st.evtx,NORMAL
2026-03-26 04:28:45.894215+00:00,System,7036,system,System Activity,systemlogs1st.evtx,NORMAL
2026-03-26 04:28:46.832605+00:00,System,7036,system,System Activity,systemlogs1st.evtx,NORMAL
2026-03-26 04:28:47.035025+00:00,System,7036,system,System Activity,systemlogs1st.evtx,NORMAL
2026-03-26 04:28:47.096502+00:00,System,37,system,System Activity,systemlogs1st.evtx,NORMAL
2026-03-26 04:28:50.410089+00:00,System,7036,system,System Activity,systemlogs1st.evtx,NORMAL
2026-03-26 04:28:53.815794+00:00,System,1014,system,System Activity,systemlogs1st.evtx,NORMAL
2026-03-26 04:29:01.249376+00:00,System,35,system,System Activity,systemlogs1st.evtx,NORMAL
2026-03-26 04:29:16.966236+00:00,System,7036,system,System Activity,systemlogs1st.evtx,NORMAL
2026-03-26 04:29:22.911388+00:00,System,7001,system,System Activity,systemlogs1st.evtx,NORMAL
2026-03-26 04:29:23.152884+00:00,System,7036,system,System Activity,systemlogs1st.evtx,NORMAL
2026-03-26 04:29:23.168520+00:00,System,7036,system,System Activity,systemlogs1st.evtx,NORMAL
2026-03-26 04:29:23.247635+00:00,System,7036,system,System Activity,systemlogs1st.evtx,NORMAL
2026-03-26 04:29:23.358631+00:00,System,7036,system,System Activity,systemlogs1st.evtx,NORMAL
2026-03-26 04:29:23.532629+00:00,System,7036,system,System Activity,systemlogs1st.evtx,NORMAL
2026-03-26 04:29:23.548464+00:00,System,7036,system,System Activity,systemlogs1st.evtx,NORMAL
2026-03-26 04:29:23.612511+00:00,System,7036,system,System Activity,systemlogs1st.evtx,NORMAL
2026-03-26 04:29:23.643530+00:00,System,10016,system,System Activity,systemlogs1st.evtx,NORMAL
2026-03-26 04:29:23.738770+00:00,System,7036,system,System Activity,systemlogs1st.evtx,NORMAL
2026-03-26 04:29:27.973869+00:00,System,7036,system,System Activity,systemlogs1st.evtx,NORMAL
2026-03-26 04:29:31.972279+00:00,System,7036,system,System Activity,systemlogs1st.evtx,NORMAL
2026-03-26 04:29:36.997843+00:00,System,7036,system,System Activity,systemlogs1st.evtx,NORMAL
2026-03-26 04:29:51.238295+00:00,System,37,system,System Activity,systemlogs1st.evtx,NORMAL
2026-03-26 04:29:58.689438+00:00,System,7036,system,System Activity,systemlogs1st.evtx,NORMAL
2026-03-26 04:29:58.720594+00:00,System,7036,system,System Activity,systemlogs1st.evtx,NORMAL
2026-03-26 04:29:58.736279+00:00,System,7036,system,System Activity,systemlogs1st.evtx,NORMAL
2026-03-26 04:30:01.146784+00:00,System,7036,system,System Activity,systemlogs1st.evtx,NORMAL
2026-03-26 04:30:01.146784+00:00,System,7036,system,System Activity,systemlogs1st.evtx,NORMAL
2026-03-26 04:30:02.876637+00:00,System,7036,system,System Activity,systemlogs1st.evtx,NORMAL
2026-03-26 04:30:09.860500+00:00,System,7036,system,System Activity,systemlogs1st.evtx,NORMAL
2026-03-26 04:30:43.707180+00:00,System,7036,system,System Activity,systemlogs1st.evtx,NORMAL
2026-03-26 04:30:44.517408+00:00,System,7036,system,System Activity,systemlogs1st.evtx,NORMAL
2026-03-26 04:30:46.264698+00:00,System,7036,system,System Activity,systemlogs1st.evtx,NORMAL
2026-03-26 04:30:46.405405+00:00,System,7036,system,System Activity,systemlogs1st.evtx,NORMAL
2026-03-26 04:30:46.405405+00:00,System,7036,system,System Activity,systemlogs1st.evtx,NORMAL
2026-03-26 04:30:46.608490+00:00,System,7036,system,System Activity,systemlogs1st.evtx,NORMAL
2026-03-26 04:30:46.749702+00:00,System,7036,system,System Activity,systemlogs1st.evtx,NORMAL
2026-03-26 04:30:46.796553+00:00,System,7036,system,System Activity,systemlogs1st.evtx,NORMAL
2026-03-26 04:30:49.078753+00:00,System,7036,system,System Activity,systemlogs1st.evtx,NORMAL
2026-03-26 04:30:50.687376+00:00,System,7036,system,System Activity,systemlogs1st.evtx,NORMAL
2026-03-26 04:30:56.893108+00:00,System,44,system,System Activity,systemlogs1st.evtx,NORMAL
2026-03-26 04:30:56.893112+00:00,System,44,system,System Activity,systemlogs1st.evtx,NORMAL
2026-03-26 04:30:58.751478+00:00,System,7036,system,System Activity,systemlogs1st.evtx,NORMAL
2026-03-26 04:31:14.908371+00:00,System,7036,system,System Activity,systemlogs1st.evtx,NORMAL
2026-03-26 04:31:23.228659+00:00,System,7036,system,System Activity,systemlogs1st.evtx,NORMAL
2026-03-26 04:32:43.835970+00:00,System,7036,system,System Activity,systemlogs1st.evtx,NORMAL
2026-03-26 04:33:49.255638+00:00,System,7036,system,System Activity,systemlogs1st.evtx,NORMAL
